CustomerID,FirstPurchaseDate,SecondPurchaseDate,AcquisitionCohort,HasRepeatPurchase,DaysToSecondPurchase
12346,2010-03-02 13:08:00,2010-06-28 13:53:00,2010-03,True,118
12347,2010-10-31 14:20:00,2010-12-07 14:57:00,2010-10,True,37
12348,2010-09-27 14:59:00,2010-12-16 19:09:00,2010-09,True,80
12349,2010-04-29 13:20:00,2010-10-28 08:23:00,2010-04,True,182
12350,2011-02-02 16:01:00,,2011-02,False,
12351,2010-11-29 15:23:00,,2010-11,False,
12352,2010-11-12 10:20:00,2010-11-29 10:07:00,2010-11,True,17
12353,2010-10-27 12:44:00,2011-05-19 17:47:00,2010-10,True,204
12354,2011-04-21 13:11:00,,2011-04,False,
12355,2010-05-21 11:59:00,2011-05-09 13:49:00,2010-05,True,353
12356,2010-10-11 09:42:00,2010-11-11 14:23:00,2010-10,True,31
12357,2010-11-16 10:05:00,2011-11-06 16:07:00,2010-11,True,355
12358,2009-12-08 07:59:00,2010-06-07 12:28:00,2009-12,True,181
12359,2009-12-05 13:32:00,2009-12-16 15:24:00,2009-12,True,11
12360,2010-02-22 09:32:00,2010-05-25 09:55:00,2010-02,True,92
12361,2010-01-26 14:37:00,2010-05-09 15:33:00,2010-01,True,103
12362,2011-02-17 10:30:00,2011-04-28 09:12:00,2011-02,True,70
12363,2011-04-11 13:29:00,2011-08-22 10:18:00,2011-04,True,133
12364,2011-08-19 15:24:00,2011-09-22 16:07:00,2011-08,True,34
12365,2011-02-21 13:51:00,,2011-02,False,
12366,2010-03-16 10:28:00,,2010-03,False,
12367,2011-12-05 16:48:00,,2011-12,False,
12368,2010-03-21 15:56:00,,2010-03,False,
12369,2010-03-08 08:09:00,2010-09-16 14:34:00,2010-03,True,192
12370,2010-02-09 09:41:00,2010-03-25 10:28:00,2010-02,True,44
12371,2010-03-04 18:23:00,2010-03-04 18:25:00,2010-03,True,0
12372,2011-02-16 12:46:00,2011-05-11 10:43:00,2011-02,True,84
12373,2010-02-04 12:08:00,2010-03-25 13:49:00,2010-02,True,49
12374,2010-04-30 14:01:00,2010-10-14 10:16:00,2010-04,True,167
12375,2011-09-02 14:23:00,2011-11-29 10:36:00,2011-09,True,88
12376,2010-10-18 08:42:00,2010-11-15 12:15:00,2010-10,True,28
12377,2010-04-29 15:34:00,2010-11-23 19:24:00,2010-04,True,208
12378,2010-05-26 14:07:00,2011-08-02 10:34:00,2010-05,True,433
12379,2010-06-23 12:49:00,2010-10-13 14:46:00,2010-06,True,112
12380,2010-02-15 12:05:00,2010-06-29 15:17:00,2010-02,True,134
12381,2011-08-12 09:57:00,2011-11-06 13:36:00,2011-08,True,86
12383,2010-12-22 14:28:00,2011-01-12 14:10:00,2010-12,True,21
12384,2011-08-10 11:23:00,2011-11-11 08:39:00,2011-08,True,93
12385,2010-11-25 15:14:00,,2010-11,False,
12386,2010-12-08 09:53:00,2011-01-06 12:37:00,2010-12,True,29
12387,2010-10-20 16:27:00,,2010-10,False,
12388,2010-05-06 12:54:00,2010-09-20 12:41:00,2010-05,True,137
12389,2010-02-22 10:15:00,2010-05-21 15:12:00,2010-02,True,88
12390,2011-09-21 09:33:00,,2011-09,False,
12391,2010-02-15 10:12:00,2010-02-22 10:13:00,2010-02,True,7
12392,2010-04-27 14:04:00,,2010-04,False,
12393,2010-10-07 13:49:00,2010-11-22 16:10:00,2010-10,True,46
12394,2011-05-06 14:01:00,2011-10-07 08:08:00,2011-05,True,154
12395,2010-04-16 10:16:00,2010-08-02 12:37:00,2010-04,True,108
12396,2010-02-03 13:22:00,,2010-02,False,
12397,2011-07-27 14:21:00,2011-11-04 09:52:00,2011-07,True,100
12398,2011-10-25 10:27:00,,2011-10,False,
12399,2010-03-05 08:45:00,2010-07-08 09:13:00,2010-03,True,125
12400,2010-10-21 13:45:00,,2010-10,False,
12401,2011-02-09 13:50:00,,2011-02,False,
12402,2010-02-07 12:41:00,2010-04-18 12:04:00,2010-02,True,70
12403,2010-07-06 11:39:00,2011-10-21 10:51:00,2010-07,True,472
12405,2011-07-14 08:52:00,,2011-07,False,
12406,2010-01-11 14:04:00,2010-04-22 18:41:00,2010-01,True,101
12407,2011-03-20 13:21:00,2011-04-18 12:25:00,2011-03,True,29
12408,2010-07-29 13:27:00,2010-09-15 13:16:00,2010-07,True,48
12409,2010-05-23 15:21:00,2010-06-08 13:40:00,2010-05,True,16
12410,2010-07-25 13:26:00,2011-02-04 10:38:00,2010-07,True,194
12411,2010-10-26 09:25:00,,2010-10,False,
12412,2010-06-18 13:22:00,2010-08-09 14:26:00,2010-06,True,52
12413,2010-11-02 13:26:00,2011-01-06 16:12:00,2010-11,True,65
12414,2010-09-02 12:22:00,2011-02-02 14:51:00,2010-09,True,153
12415,2010-06-30 08:30:00,2010-07-16 14:47:00,2010-06,True,16
12416,2010-02-21 10:19:00,,2010-02,False,
12417,2009-12-06 10:30:00,2009-12-10 11:25:00,2009-12,True,4
12418,2010-03-19 14:47:00,2010-05-12 13:11:00,2010-03,True,54
12419,2010-10-22 10:40:00,2010-11-19 10:04:00,2010-10,True,28
12420,2011-10-07 08:55:00,,2011-10,False,
12421,2010-07-22 13:57:00,2010-10-20 14:28:00,2010-07,True,90
12422,2009-12-18 12:44:00,2010-02-14 11:15:00,2009-12,True,58
12423,2010-08-31 09:31:00,2010-11-17 11:33:00,2010-08,True,78
12424,2010-06-09 15:15:00,2010-10-13 10:29:00,2010-06,True,126
12425,2010-09-17 14:10:00,2011-09-22 17:31:00,2010-09,True,370
12426,2010-02-15 08:41:00,2011-05-29 12:26:00,2010-02,True,468
12427,2010-12-03 10:44:00,2011-10-10 15:15:00,2010-12,True,311
12428,2011-03-01 09:33:00,2011-03-01 09:35:00,2011-03,True,0
12429,2010-06-11 13:28:00,2010-06-11 13:29:00,2010-06,True,0
12430,2011-10-27 15:09:00,,2011-10,False,
12431,2010-01-15 09:04:00,2010-03-04 09:51:00,2010-01,True,48
12432,2011-06-20 13:27:00,2011-06-20 13:29:00,2011-06,True,0
12433,2010-08-20 09:23:00,2010-09-16 10:51:00,2010-08,True,27
12434,2010-11-23 13:38:00,2011-03-24 13:05:00,2010-11,True,121
12435,2009-12-02 13:58:00,2010-03-12 14:50:00,2009-12,True,100
12436,2011-09-01 12:09:00,,2011-09,False,
12437,2009-12-02 16:24:00,2010-01-19 14:16:00,2009-12,True,48
12438,2011-07-22 13:29:00,2011-11-25 13:28:00,2011-07,True,126
12439,2009-12-14 08:40:00,2010-01-26 12:11:00,2009-12,True,43
12440,2009-12-22 12:03:00,2010-09-03 13:11:00,2009-12,True,255
12441,2010-12-08 10:45:00,,2010-12,False,
12442,2011-12-06 14:22:00,,2011-12,False,
12443,2009-12-07 15:42:00,,2009-12,False,
12444,2011-06-21 14:00:00,2011-08-10 08:41:00,2011-06,True,50
12445,2010-10-15 12:28:00,2011-11-17 18:43:00,2010-10,True,398
12446,2011-10-13 12:50:00,,2011-10,False,
12447,2011-04-10 13:25:00,,2011-04,False,
12448,2011-10-26 13:46:00,,2011-10,False,
12449,2010-09-27 09:37:00,2011-06-05 15:37:00,2010-09,True,251
12450,2010-08-22 13:11:00,2010-09-14 10:20:00,2010-08,True,23
12451,2010-06-28 12:58:00,2010-09-02 15:35:00,2010-06,True,66
12452,2011-11-23 08:05:00,,2011-11,False,
12453,2011-07-28 14:08:00,,2011-07,False,
12454,2010-10-14 17:33:00,2010-10-19 11:14:00,2010-10,True,5
12455,2009-12-18 12:33:00,2010-03-23 10:30:00,2009-12,True,95
12456,2011-03-30 09:12:00,2011-07-31 15:25:00,2011-03,True,123
12457,2010-09-30 17:59:00,2011-04-14 18:57:00,2010-09,True,196
12458,2010-08-09 10:33:00,2010-10-08 11:36:00,2010-08,True,60
12459,2010-04-13 14:53:00,,2010-04,False,
12460,2010-09-09 13:51:00,,2010-09,False,
12461,2011-07-08 10:23:00,,2011-07,False,
12462,2011-02-09 14:44:00,2011-11-21 09:11:00,2011-02,True,285
12463,2011-04-12 12:47:00,2011-05-17 10:02:00,2011-04,True,35
12464,2011-02-03 13:30:00,2011-02-28 12:08:00,2011-02,True,25
12465,2011-06-23 13:37:00,2011-11-22 16:34:00,2011-06,True,152
12467,2010-10-12 15:41:00,,2010-10,False,
12468,2010-01-26 10:09:00,2010-04-09 10:08:00,2010-01,True,73
12469,2010-06-21 10:30:00,2010-07-05 12:40:00,2010-06,True,14
12470,2010-01-19 11:01:00,,2010-01,False,
12471,2009-12-07 10:41:00,2009-12-07 10:42:00,2009-12,True,0
12472,2009-12-14 10:49:00,2010-02-08 10:34:00,2009-12,True,56
12473,2011-06-01 10:15:00,2011-08-17 12:04:00,2011-06,True,77
12474,2010-02-11 09:41:00,2010-04-15 17:18:00,2010-02,True,63
12475,2010-10-26 08:49:00,2011-10-17 10:10:00,2010-10,True,356
12476,2010-07-26 09:04:00,2010-09-14 12:58:00,2010-07,True,50
12477,2010-03-26 14:01:00,2010-07-02 08:26:00,2010-03,True,98
12478,2011-12-06 09:56:00,,2011-12,False,
12479,2011-11-28 13:26:00,,2011-11,False,
12480,2010-07-20 13:21:00,2010-10-08 12:06:00,2010-07,True,80
12481,2010-04-11 13:10:00,2010-09-15 11:56:00,2010-04,True,157
12482,2010-02-24 10:24:00,2010-02-24 10:43:00,2010-02,True,0
12483,2010-01-31 13:28:00,2010-02-10 09:07:00,2010-01,True,10
12484,2010-01-27 16:41:00,2010-01-29 10:15:00,2010-01,True,2
12485,2010-06-28 15:22:00,,2010-06,False,
12486,2010-10-04 12:14:00,,2010-10,False,
12487,2009-12-09 11:36:00,,2009-12,False,
12488,2011-09-25 10:34:00,2011-10-31 10:42:00,2011-09,True,36
12489,2011-01-07 13:13:00,,2011-01,False,
12490,2009-12-01 12:52:00,2010-01-31 13:05:00,2009-12,True,61
12491,2011-11-01 12:18:00,,2011-11,False,
12492,2010-11-01 14:58:00,2011-08-26 14:51:00,2010-11,True,298
12493,2011-05-26 14:53:00,2011-06-27 10:17:00,2011-05,True,32
12494,2010-05-12 13:52:00,2010-10-24 11:49:00,2010-05,True,165
12495,2010-03-09 10:53:00,,2010-03,False,
12496,2010-03-29 13:57:00,2010-03-29 14:06:00,2010-03,True,0
12497,2010-03-05 09:39:00,2010-11-04 12:31:00,2010-03,True,244
12498,2011-10-13 09:30:00,2011-11-18 12:52:00,2011-10,True,36
12499,2010-05-28 15:12:00,,2010-05,False,
12500,2010-02-04 15:05:00,2010-02-05 09:28:00,2010-02,True,1
12501,2011-01-07 12:28:00,,2011-01,False,
12502,2011-02-03 10:41:00,2011-03-16 13:29:00,2011-02,True,41
12503,2010-05-04 13:59:00,,2010-05,False,
12504,2010-04-22 10:24:00,2010-10-18 15:09:00,2010-04,True,179
12505,2010-10-27 09:18:00,,2010-10,False,
12506,2011-04-21 08:54:00,,2011-04,False,
12507,2010-05-04 09:23:00,2011-02-14 09:24:00,2010-05,True,286
12508,2011-11-10 16:27:00,2011-11-13 15:37:00,2011-11,True,3
12509,2011-02-28 14:45:00,,2011-02,False,
12510,2009-12-04 13:47:00,2010-01-22 13:39:00,2009-12,True,49
12511,2010-10-07 10:39:00,,2010-10,False,
12512,2011-10-04 14:53:00,2011-10-04 14:55:00,2011-10,True,0
12513,2011-08-19 10:51:00,,2011-08,False,
12514,2010-03-08 12:18:00,2011-03-17 16:38:00,2010-03,True,374
12515,2010-12-21 15:43:00,,2010-12,False,
12516,2010-04-19 14:14:00,2010-10-05 09:43:00,2010-04,True,169
12517,2011-06-02 15:13:00,2011-08-05 15:02:00,2011-06,True,64
12518,2011-08-21 13:18:00,2011-09-23 15:45:00,2011-08,True,33
12519,2010-08-20 08:21:00,2011-10-07 09:26:00,2010-08,True,413
12520,2011-03-11 11:35:00,2011-03-25 08:50:00,2011-03,True,14
12521,2011-07-20 10:51:00,,2011-07,False,
12522,2011-10-19 14:41:00,2011-10-31 15:30:00,2011-10,True,12
12523,2009-12-07 13:46:00,2010-02-09 12:38:00,2009-12,True,64
12524,2010-02-08 14:41:00,2010-03-08 09:57:00,2010-02,True,28
12525,2010-03-02 14:01:00,2010-06-01 09:42:00,2010-03,True,91
12526,2011-09-06 14:19:00,2011-10-17 09:37:00,2011-09,True,41
12527,2010-06-28 15:37:00,2010-08-02 12:23:00,2010-06,True,35
12528,2011-01-31 09:05:00,2011-03-08 11:46:00,2011-01,True,36
12529,2010-06-29 13:10:00,,2010-06,False,
12530,2010-03-07 14:37:00,2010-04-21 11:51:00,2010-03,True,45
12531,2010-01-22 14:17:00,2011-11-25 11:12:00,2010-01,True,672
12532,2011-11-09 13:47:00,,2011-11,False,
12533,2009-12-01 11:50:00,2010-03-22 10:56:00,2009-12,True,111
12534,2011-08-01 10:26:00,,2011-08,False,
12535,2011-06-06 12:47:00,2011-09-09 08:48:00,2011-06,True,95
12536,2011-10-11 14:52:00,,2011-10,False,
12537,2010-10-27 08:36:00,,2010-10,False,
12538,2010-11-26 13:02:00,2011-11-10 17:16:00,2010-11,True,349
12539,2009-12-23 13:00:00,2009-12-23 13:41:00,2009-12,True,0
12540,2009-12-07 16:56:00,2010-01-10 11:27:00,2009-12,True,34
12541,2011-03-04 09:32:00,2011-06-19 15:59:00,2011-03,True,107
12542,2010-03-09 16:26:00,2010-08-12 19:12:00,2010-03,True,156
12543,2010-09-17 15:51:00,,2010-09,False,
12544,2011-11-03 16:15:00,,2011-11,False,
12545,2011-03-25 12:04:00,2011-09-25 13:39:00,2011-03,True,184
12546,2011-09-23 09:44:00,2011-10-24 12:09:00,2011-09,True,31
12547,2010-07-27 13:55:00,2011-03-04 12:46:00,2010-07,True,220
12548,2011-06-26 15:35:00,,2011-06,False,
12549,2010-01-11 12:29:00,2010-01-11 12:30:00,2010-01,True,0
12550,2011-09-21 14:35:00,,2011-09,False,
12551,2010-12-17 11:23:00,,2010-12,False,
12552,2011-10-31 12:11:00,,2011-10,False,
12553,2010-10-12 13:35:00,2010-11-19 12:18:00,2010-10,True,38
12554,2010-09-17 12:29:00,,2010-09,False,
12556,2011-07-11 13:35:00,2011-10-20 13:06:00,2011-07,True,101
12557,2009-12-17 10:39:00,2010-06-11 15:07:00,2009-12,True,176
12558,2011-12-02 10:41:00,,2011-12,False,
12559,2011-01-24 10:12:00,2011-02-02 09:49:00,2011-01,True,9
12560,2011-07-19 15:55:00,2011-12-04 13:54:00,2011-07,True,138
12561,2011-02-10 11:39:00,,2011-02,False,
12562,2010-09-30 13:13:00,2010-11-19 09:35:00,2010-09,True,50
12563,2010-10-27 09:52:00,,2010-10,False,
12564,2011-03-23 14:55:00,,2011-03,False,
12565,2011-02-24 10:34:00,,2011-02,False,
12566,2011-09-14 14:30:00,,2011-09,False,
12567,2010-02-11 10:30:00,2010-05-06 10:04:00,2010-02,True,84
12568,2010-03-05 09:15:00,,2010-03,False,
12569,2011-04-01 13:47:00,2011-04-14 09:56:00,2011-04,True,13
12571,2011-08-10 12:35:00,2011-10-31 10:19:00,2011-08,True,82
12572,2011-10-19 08:20:00,2011-12-01 09:20:00,2011-10,True,43
12573,2010-08-31 17:25:00,2010-10-11 13:48:00,2010-08,True,41
12574,2011-01-28 09:20:00,,2011-01,False,
12575,2010-07-01 09:15:00,2010-09-08 13:09:00,2010-07,True,69
12576,2010-07-01 13:46:00,2010-09-07 13:41:00,2010-07,True,68
12577,2009-12-03 19:31:00,2010-10-26 12:22:00,2009-12,True,327
12578,2010-09-22 11:19:00,2010-11-19 17:21:00,2010-09,True,58
12579,2011-09-22 17:15:00,,2011-09,False,
12580,2010-05-12 11:45:00,2011-04-07 10:24:00,2010-05,True,330
12581,2011-10-31 08:56:00,,2011-10,False,
12582,2010-05-11 09:55:00,2010-10-13 10:52:00,2010-05,True,155
12583,2009-12-06 11:57:00,2010-02-25 11:45:00,2009-12,True,81
12584,2011-03-04 15:15:00,2011-06-07 13:00:00,2011-03,True,95
12585,2010-12-23 12:58:00,2011-04-19 13:39:00,2010-12,True,117
12586,2009-12-16 13:15:00,2010-10-21 09:48:00,2009-12,True,309
12587,2011-12-02 12:47:00,,2011-12,False,
12588,2010-04-21 12:22:00,2010-11-05 12:38:00,2010-04,True,198
12589,2010-01-19 12:26:00,2010-09-02 09:14:00,2010-01,True,226
12590,2011-05-12 14:46:00,,2011-05,False,
12591,2010-10-27 10:42:00,2010-11-14 14:32:00,2010-10,True,18
12592,2010-07-08 14:06:00,2010-07-08 14:26:00,2010-07,True,0
12593,2011-05-05 09:29:00,2011-08-02 09:55:00,2011-05,True,89
12594,2010-03-03 13:51:00,2010-06-14 09:40:00,2010-03,True,103
12595,2010-07-23 09:10:00,,2010-07,False,
12596,2011-04-11 13:22:00,2011-10-19 13:02:00,2011-04,True,191
12597,2011-03-16 14:00:00,2011-06-09 16:04:00,2011-03,True,85
12598,2010-03-01 09:58:00,2010-03-03 16:03:00,2010-03,True,2
12599,2010-05-11 10:42:00,2010-06-09 08:46:00,2010-05,True,29
12600,2009-12-07 13:37:00,2009-12-13 14:51:00,2009-12,True,6
12601,2010-10-31 10:57:00,2011-01-11 10:38:00,2010-10,True,72
12602,2011-10-12 11:22:00,,2011-10,False,
12603,2011-11-18 10:42:00,,2011-11,False,
12604,2011-03-23 12:06:00,2011-09-21 14:08:00,2011-03,True,182
12605,2010-09-07 14:21:00,2010-10-12 16:51:00,2010-09,True,35
12607,2011-10-10 16:06:00,,2011-10,False,
12608,2010-10-31 10:49:00,,2010-10,False,
12609,2009-12-20 13:30:00,2010-04-01 08:43:00,2009-12,True,102
12610,2011-08-05 13:52:00,2011-08-25 12:57:00,2011-08,True,20
12611,2011-10-18 13:12:00,,2011-10,False,
12612,2011-09-26 15:35:00,,2011-09,False,
12613,2009-12-14 13:10:00,2010-04-09 14:01:00,2009-12,True,116
12614,2011-03-07 10:22:00,,2011-03,False,
12615,2010-03-18 14:09:00,2010-07-23 14:16:00,2010-03,True,127
12616,2010-11-16 11:38:00,2011-02-15 14:17:00,2010-11,True,91
12617,2011-11-10 14:39:00,,2011-11,False,
12618,2011-11-18 11:10:00,,2011-11,False,
12619,2010-05-28 12:52:00,2011-03-31 13:10:00,2010-05,True,307
12620,2011-05-19 12:10:00,2011-09-20 10:06:00,2011-05,True,124
12621,2010-02-09 12:01:00,2010-03-18 12:08:00,2010-02,True,37
12622,2011-04-21 16:39:00,,2011-04,False,
12623,2010-01-12 11:45:00,2010-03-02 09:25:00,2010-01,True,49
12624,2011-06-15 12:34:00,2011-08-25 15:04:00,2011-06,True,71
12625,2010-04-22 11:33:00,2010-07-18 15:56:00,2010-04,True,87
12626,2011-01-17 11:01:00,2011-01-27 13:42:00,2011-01,True,10
12627,2011-07-22 13:59:00,2011-08-02 09:29:00,2011-07,True,11
12628,2011-10-06 09:28:00,2011-11-06 14:26:00,2011-10,True,31
12629,2010-10-12 16:40:00,2010-11-19 09:18:00,2010-10,True,38
12630,2011-10-27 10:41:00,2011-11-30 10:48:00,2011-10,True,34
12631,2010-01-15 14:50:00,2010-04-21 13:14:00,2010-01,True,96
12632,2010-05-24 09:07:00,2010-07-07 09:39:00,2010-05,True,44
12633,2010-07-02 11:44:00,2010-08-06 08:57:00,2010-07,True,35
12634,2010-06-09 15:41:00,,2010-06,False,
12635,2010-09-09 10:50:00,2010-11-12 15:46:00,2010-09,True,64
12637,2010-06-14 13:36:00,2010-07-27 15:32:00,2010-06,True,43
12638,2010-03-10 10:30:00,2011-11-06 13:11:00,2010-03,True,606
12639,2010-03-22 09:05:00,2010-10-01 12:17:00,2010-03,True,193
12640,2011-09-19 12:01:00,2011-11-15 08:43:00,2011-09,True,57
12641,2011-08-16 13:26:00,,2011-08,False,
12642,2011-08-24 09:23:00,2011-10-20 12:31:00,2011-08,True,57
12643,2010-04-07 14:16:00,2010-05-28 14:22:00,2010-04,True,51
12644,2010-01-14 13:02:00,2010-02-07 14:27:00,2010-01,True,24
12645,2010-02-09 10:49:00,2010-03-03 10:19:00,2010-02,True,22
12646,2011-10-21 12:52:00,2011-12-05 10:14:00,2011-10,True,45
12647,2010-01-13 15:06:00,2010-02-01 11:44:00,2010-01,True,19
12648,2010-01-07 18:38:00,2010-03-09 09:55:00,2010-01,True,61
12649,2010-01-12 17:24:00,2010-01-15 13:14:00,2010-01,True,3
12650,2011-12-06 16:34:00,,2011-12,False,
12651,2010-08-31 15:21:00,2010-10-29 09:44:00,2010-08,True,59
12652,2010-10-01 15:16:00,2011-01-12 15:00:00,2010-10,True,103
12653,2010-07-01 09:56:00,2011-02-16 10:53:00,2010-07,True,230
12654,2011-02-17 13:16:00,2011-05-26 10:41:00,2011-02,True,98
12655,2010-10-12 09:17:00,,2010-10,False,
12656,2010-05-26 09:00:00,2010-07-28 13:05:00,2010-05,True,63
12657,2011-09-22 11:40:00,2011-10-28 18:07:00,2011-09,True,36
12658,2011-11-21 10:22:00,,2011-11,False,
12659,2011-11-10 11:53:00,,2011-11,False,
12660,2011-11-28 13:26:00,,2011-11,False,
12661,2010-09-29 16:46:00,,2010-09,False,
12662,2010-04-01 09:50:00,2010-05-02 15:32:00,2010-04,True,31
12663,2010-02-09 14:28:00,2010-03-25 09:40:00,2010-02,True,44
12664,2009-12-13 10:28:00,2010-07-13 13:28:00,2009-12,True,212
12665,2010-02-08 15:11:00,2010-10-18 11:34:00,2010-02,True,252
12666,2010-11-10 16:40:00,,2010-11,False,
12667,2011-10-12 17:00:00,,2011-10,False,
12668,2010-01-31 15:45:00,2010-03-07 15:24:00,2010-01,True,35
12669,2011-03-28 10:15:00,2011-07-12 09:54:00,2011-03,True,106
12670,2010-02-11 10:13:00,2010-11-19 10:05:00,2010-02,True,281
12671,2010-04-12 16:30:00,,2010-04,False,
12672,2010-04-23 09:57:00,2011-01-14 09:20:00,2010-04,True,266
12673,2010-11-03 10:46:00,2011-01-17 11:46:00,2010-11,True,75
12674,2011-05-16 09:10:00,2011-06-22 09:43:00,2011-05,True,37
12675,2010-05-10 16:44:00,2010-06-04 09:49:00,2010-05,True,25
12676,2010-08-13 13:29:00,2010-08-13 13:31:00,2010-08,True,0
12677,2010-02-11 13:55:00,2010-06-02 14:30:00,2010-02,True,111
12678,2010-01-07 16:46:00,2010-05-06 11:50:00,2010-01,True,119
12679,2011-03-01 12:26:00,2011-05-18 12:18:00,2011-03,True,78
12680,2011-08-18 15:44:00,2011-09-11 12:27:00,2011-08,True,24
12681,2009-12-13 13:31:00,2010-01-08 13:19:00,2009-12,True,26
12682,2009-12-01 09:28:00,2009-12-08 15:14:00,2009-12,True,7
12683,2009-12-13 15:01:00,2009-12-20 15:38:00,2009-12,True,7
12684,2011-05-10 12:55:00,2011-05-26 17:16:00,2011-05,True,16
12685,2011-09-07 10:28:00,2011-09-08 10:32:00,2011-09,True,1
12686,2010-12-03 09:51:00,,2010-12,False,
12687,2010-08-16 12:12:00,,2010-08,False,
12688,2011-08-18 08:49:00,,2011-08,False,
12689,2011-08-04 10:04:00,2011-11-14 08:31:00,2011-08,True,102
12690,2011-05-18 09:09:00,,2011-05,False,
12691,2010-10-15 12:00:00,2010-12-17 14:46:00,2010-10,True,63
12692,2010-03-12 14:02:00,,2010-03,False,
12693,2010-07-05 13:56:00,2010-09-13 15:48:00,2010-07,True,70
12694,2010-10-14 19:39:00,2011-06-09 17:48:00,2010-10,True,238
12695,2010-02-12 13:22:00,2010-04-28 14:59:00,2010-02,True,75
12696,2010-07-19 10:02:00,2010-10-01 10:43:00,2010-07,True,74
12697,2011-06-23 15:44:00,2011-07-31 14:17:00,2011-06,True,38
12698,2010-04-28 15:51:00,,2010-04,False,
12699,2010-10-18 12:07:00,,2010-10,False,
12700,2011-05-08 16:10:00,2011-07-06 13:14:00,2011-05,True,59
12701,2010-03-16 13:23:00,2010-06-01 10:42:00,2010-03,True,77
12702,2011-11-20 10:36:00,,2011-11,False,
12703,2010-01-24 12:05:00,2010-03-15 09:20:00,2010-01,True,50
12704,2011-06-23 10:20:00,2011-08-04 10:00:00,2011-06,True,42
12705,2010-06-24 09:51:00,2010-09-30 17:05:00,2010-06,True,98
12707,2011-02-21 08:38:00,,2011-02,False,
12708,2009-12-18 10:25:00,2010-01-22 12:24:00,2009-12,True,35
12709,2009-12-09 13:49:00,2010-01-26 12:38:00,2009-12,True,48
12710,2011-05-22 14:05:00,2011-07-01 13:22:00,2011-05,True,40
12711,2010-02-01 11:30:00,2010-04-07 11:59:00,2010-02,True,65
12712,2009-12-09 10:46:00,2010-02-05 09:14:00,2009-12,True,58
12713,2011-12-09 12:16:00,,2011-12,False,
12714,2009-12-04 10:00:00,2010-01-08 16:29:00,2009-12,True,35
12715,2011-08-25 15:22:00,,2011-08,False,
12716,2011-07-29 13:28:00,2011-12-06 08:55:00,2011-07,True,130
12717,2010-04-28 14:34:00,2011-04-08 10:32:00,2010-04,True,345
12718,2011-09-29 16:38:00,,2011-09,False,
12719,2011-10-05 14:50:00,2011-12-04 13:45:00,2011-10,True,60
12720,2010-07-21 09:46:00,2010-08-24 16:02:00,2010-07,True,34
12721,2010-08-25 11:07:00,2010-11-19 15:13:00,2010-08,True,86
12722,2011-07-12 11:55:00,2011-08-14 11:16:00,2011-07,True,33
12723,2011-10-05 15:52:00,2011-10-05 15:56:00,2011-10,True,0
12724,2010-06-22 14:00:00,2010-07-22 13:22:00,2010-06,True,30
12725,2010-05-04 13:59:00,2010-10-21 10:28:00,2010-05,True,170
12726,2010-03-25 16:25:00,2010-06-10 16:35:00,2010-03,True,77
12727,2010-02-23 09:54:00,2010-06-10 09:40:00,2010-02,True,107
12728,2010-11-21 11:34:00,2011-01-11 13:31:00,2010-11,True,51
12729,2011-08-18 11:40:00,,2011-08,False,
12730,2010-07-06 12:19:00,,2010-07,False,
12731,2010-03-02 09:23:00,2010-05-16 15:39:00,2010-03,True,75
12732,2011-06-13 11:33:00,,2011-06,False,
12733,2010-01-19 13:23:00,2010-07-30 16:50:00,2010-01,True,192
12734,2010-11-12 13:26:00,2010-11-30 11:05:00,2010-11,True,18
12735,2011-01-06 14:26:00,2011-01-28 13:37:00,2011-01,True,22
12736,2011-01-11 07:57:00,,2011-01,False,
12738,2010-12-02 18:27:00,,2010-12,False,
12739,2010-11-10 14:27:00,2011-09-01 17:45:00,2010-11,True,295
12740,2011-10-07 10:44:00,,2011-10,False,
12741,2010-06-24 16:24:00,,2010-06,False,
12742,2010-03-24 12:43:00,,2010-03,False,
12743,2011-07-28 16:06:00,2011-07-28 16:21:00,2011-07,True,0
12744,2010-04-27 16:19:00,2010-09-06 10:15:00,2010-04,True,132
12745,2010-05-14 16:50:00,2010-08-10 10:14:00,2010-05,True,88
12746,2010-06-17 10:41:00,,2010-06,False,
12747,2009-12-07 13:23:00,2009-12-09 10:02:00,2009-12,True,2
12748,2009-12-04 17:31:00,2009-12-14 12:28:00,2009-12,True,10
12749,2010-07-06 15:05:00,2010-10-10 14:17:00,2010-07,True,96
12750,2011-08-03 09:13:00,,2011-08,False,
12751,2010-09-21 12:49:00,,2010-09,False,
12752,2011-09-19 13:32:00,,2011-09,False,
12753,2010-12-12 11:44:00,2011-02-09 11:21:00,2010-12,True,59
12754,2011-02-04 10:31:00,2011-03-07 13:38:00,2011-02,True,31
12755,2010-01-15 11:57:00,2010-02-23 09:37:00,2010-01,True,39
12756,2011-09-14 09:31:00,,2011-09,False,
12757,2011-05-12 19:01:00,2011-06-07 14:28:00,2011-05,True,26
12758,2009-12-01 14:40:00,2010-03-24 10:28:00,2009-12,True,113
12759,2009-12-04 10:47:00,2010-05-24 10:44:00,2009-12,True,171
12760,2010-09-10 08:50:00,,2010-09,False,
12761,2010-09-01 10:47:00,,2010-09,False,
12762,2011-11-14 14:23:00,2011-12-02 10:23:00,2011-11,True,18
12763,2010-12-05 15:46:00,2011-07-24 14:12:00,2010-12,True,231
12764,2011-01-27 10:19:00,,2011-01,False,
12765,2010-03-08 09:43:00,2010-04-08 10:08:00,2010-03,True,31
12766,2010-10-28 09:29:00,2010-11-16 13:28:00,2010-10,True,19
12767,2010-11-29 09:38:00,,2010-11,False,
12768,2010-09-15 12:08:00,,2010-09,False,
12769,2011-04-15 10:25:00,,2011-04,False,
12770,2010-09-09 11:43:00,2011-05-13 09:33:00,2010-09,True,246
12771,2010-08-11 11:51:00,,2010-08,False,
12772,2011-10-11 09:19:00,,2011-10,False,
12773,2010-05-24 17:30:00,,2010-05,False,
12774,2010-06-22 10:38:00,,2010-06,False,
12775,2010-10-26 14:24:00,2010-11-16 15:14:00,2010-10,True,21
12776,2010-02-10 12:11:00,,2010-02,False,
12777,2010-09-08 11:35:00,,2010-09,False,
12778,2010-04-16 09:57:00,2010-09-14 12:48:00,2010-04,True,151
12779,2009-12-03 07:25:00,2010-03-01 09:56:00,2009-12,True,88
12780,2010-04-20 09:40:00,,2010-04,False,
12781,2011-02-28 08:43:00,2011-10-07 10:37:00,2011-02,True,221
12782,2010-07-08 13:31:00,2010-09-16 10:22:00,2010-07,True,70
12783,2011-09-25 15:35:00,2011-10-14 11:42:00,2011-09,True,19
12784,2010-06-28 13:06:00,2011-11-24 12:53:00,2010-06,True,514
12785,2009-12-08 13:56:00,2010-06-22 12:16:00,2009-12,True,196
12786,2010-04-09 12:12:00,,2010-04,False,
12787,2010-10-22 14:57:00,2011-05-31 09:36:00,2010-10,True,221
12788,2010-06-29 13:05:00,2010-07-15 13:24:00,2010-06,True,16
12789,2010-01-15 12:06:00,2010-07-15 12:43:00,2010-01,True,181
12790,2010-10-25 13:04:00,2011-05-31 14:14:00,2010-10,True,218
12791,2010-03-25 17:29:00,2010-03-26 12:05:00,2010-03,True,1
12792,2010-06-23 10:49:00,2011-03-28 11:36:00,2010-06,True,278
12793,2010-11-03 13:05:00,2010-12-03 15:14:00,2010-11,True,30
12794,2011-09-02 12:01:00,2011-10-17 14:54:00,2011-09,True,45
12795,2011-11-21 10:27:00,,2011-11,False,
12796,2010-03-21 15:49:00,,2010-03,False,
12797,2010-10-11 12:53:00,2010-12-09 10:55:00,2010-10,True,59
12798,2010-10-14 12:27:00,2011-06-22 10:11:00,2010-10,True,251
12799,2010-06-28 15:57:00,,2010-06,False,
12800,2010-02-01 11:02:00,2010-08-26 14:11:00,2010-02,True,206
12801,2010-07-27 09:38:00,,2010-07,False,
12802,2010-05-25 09:34:00,2010-06-18 12:28:00,2010-05,True,24
12803,2010-11-11 14:57:00,,2010-11,False,
12804,2010-07-27 13:52:00,2010-08-31 11:58:00,2010-07,True,35
12805,2010-02-03 09:06:00,2010-04-13 12:30:00,2010-02,True,69
12806,2010-04-30 10:44:00,2010-05-16 13:49:00,2010-04,True,16
12807,2010-11-21 14:21:00,,2010-11,False,
12808,2010-09-03 10:24:00,2010-09-30 17:55:00,2010-09,True,27
12809,2010-03-02 14:19:00,2010-05-23 11:08:00,2010-03,True,82
12810,2010-02-01 09:52:00,2010-06-23 10:53:00,2010-02,True,142
12811,2010-10-08 12:20:00,2010-11-26 09:49:00,2010-10,True,49
12812,2011-10-26 09:54:00,,2011-10,False,
12813,2010-01-15 16:52:00,2010-05-10 14:19:00,2010-01,True,115
12814,2011-08-30 12:11:00,,2011-08,False,
12815,2011-05-25 13:34:00,2011-07-15 10:21:00,2011-05,True,51
12816,2011-06-16 13:24:00,2011-09-05 12:41:00,2011-06,True,81
12817,2010-10-01 08:57:00,2010-11-05 08:28:00,2010-10,True,35
12818,2011-03-23 12:06:00,,2011-03,False,
12819,2010-09-07 15:20:00,,2010-09,False,
12820,2009-12-05 13:37:00,2010-01-13 08:58:00,2009-12,True,39
12821,2010-04-07 15:14:00,2011-05-09 15:51:00,2010-04,True,397
12822,2011-09-13 13:46:00,2011-09-30 10:04:00,2011-09,True,17
12823,2010-01-29 12:52:00,2010-03-05 11:55:00,2010-01,True,35
12824,2011-10-11 12:49:00,,2011-10,False,
12825,2010-03-08 10:17:00,2010-07-06 13:56:00,2010-03,True,120
12826,2009-12-18 10:43:00,2010-07-19 14:31:00,2009-12,True,213
12827,2011-10-26 15:44:00,2011-11-07 11:29:00,2011-10,True,12
12828,2011-08-01 16:16:00,2011-08-19 09:23:00,2011-08,True,18
12829,2010-06-07 15:04:00,2010-12-14 14:54:00,2010-06,True,190
12830,2011-06-21 10:53:00,2011-07-06 10:52:00,2011-06,True,15
12831,2010-09-02 15:58:00,2010-09-02 16:00:00,2010-09,True,0
12832,2011-09-02 13:48:00,2011-11-07 13:30:00,2011-09,True,66
12833,2011-07-17 13:46:00,,2011-07,False,
12834,2011-03-02 09:49:00,,2011-03,False,
12835,2009-12-03 12:13:00,2009-12-04 14:52:00,2009-12,True,1
12836,2009-12-01 14:19:00,2010-01-21 13:34:00,2009-12,True,51
12837,2010-05-19 15:10:00,2011-06-19 16:07:00,2010-05,True,396
12838,2010-04-26 09:59:00,2010-05-12 14:09:00,2010-04,True,16
12839,2009-12-07 09:18:00,2009-12-14 15:30:00,2009-12,True,7
12840,2010-02-03 14:51:00,2010-06-08 13:23:00,2010-02,True,125
12841,2010-07-08 15:38:00,2010-07-25 12:19:00,2010-07,True,17
12842,2009-12-02 08:15:00,2010-10-31 10:45:00,2009-12,True,333
12843,2009-12-13 11:41:00,2010-01-27 17:11:00,2009-12,True,45
12844,2010-04-25 11:51:00,2010-09-23 16:23:00,2010-04,True,151
12845,2011-02-22 14:10:00,2011-03-14 10:55:00,2011-02,True,20
12847,2010-11-17 12:44:00,2011-11-17 13:16:00,2010-11,True,365
12848,2010-02-02 12:45:00,,2010-02,False,
12849,2010-04-27 13:44:00,2010-10-04 14:10:00,2010-04,True,160
12850,2010-09-20 12:26:00,,2010-09,False,
12851,2010-08-19 15:13:00,2011-09-04 12:41:00,2010-08,True,381
12852,2011-02-18 08:47:00,,2011-02,False,
12853,2010-02-05 11:57:00,2010-06-07 11:34:00,2010-02,True,122
12854,2009-12-11 12:55:00,2010-02-23 14:40:00,2009-12,True,74
12855,2010-11-02 18:16:00,2010-11-10 14:54:00,2010-11,True,8
12856,2011-10-07 12:38:00,2011-10-14 12:53:00,2011-10,True,7
12857,2010-01-25 15:37:00,2010-04-29 17:33:00,2010-01,True,94
12858,2010-11-21 12:55:00,,2010-11,False,
12859,2010-09-07 12:20:00,,2010-09,False,
12860,2010-01-15 15:22:00,,2010-01,False,
12861,2010-03-30 11:39:00,,2010-03,False,
12862,2010-08-01 15:20:00,2010-10-10 11:47:00,2010-08,True,70
12863,2010-04-29 13:54:00,2010-05-13 13:08:00,2010-04,True,14
12864,2010-07-19 17:22:00,2011-07-24 13:03:00,2010-07,True,370
12865,2010-08-20 12:20:00,2010-11-26 15:37:00,2010-08,True,98
12866,2010-07-25 11:37:00,2010-08-22 15:48:00,2010-07,True,28
12867,2009-12-16 16:25:00,2010-02-14 14:35:00,2009-12,True,60
12868,2010-11-12 10:05:00,2010-11-24 10:27:00,2010-11,True,12
12869,2010-01-27 12:10:00,,2010-01,False,
12870,2010-03-25 14:32:00,2010-08-19 14:49:00,2010-03,True,147
12871,2010-09-26 10:34:00,2011-05-16 13:32:00,2010-09,True,232
12872,2009-12-03 20:03:00,2010-01-28 14:19:00,2009-12,True,56
12873,2010-01-27 09:50:00,2010-11-07 11:15:00,2010-01,True,284
12874,2010-06-03 12:51:00,2010-11-19 15:23:00,2010-06,True,169
12875,2010-01-11 12:37:00,2010-04-16 13:12:00,2010-01,True,95
12876,2010-04-28 13:26:00,2010-11-10 12:21:00,2010-04,True,196
12877,2010-01-18 10:23:00,2010-04-25 14:19:00,2010-01,True,97
12878,2011-03-18 14:02:00,2011-04-17 13:07:00,2011-03,True,30
12879,2011-09-09 12:11:00,2011-09-19 14:27:00,2011-09,True,10
12880,2010-05-14 11:57:00,2010-11-23 10:50:00,2010-05,True,193
12881,2011-03-09 11:44:00,,2011-03,False,
12882,2011-11-06 11:22:00,2011-11-30 16:18:00,2011-11,True,24
12883,2011-09-11 15:18:00,2011-11-15 09:30:00,2011-09,True,65
12884,2011-09-12 13:10:00,,2011-09,False,
12885,2011-08-08 11:45:00,2011-10-07 13:34:00,2011-08,True,60
12886,2011-05-04 11:21:00,2011-10-03 10:09:00,2011-05,True,152
12887,2010-11-21 11:18:00,,2010-11,False,
12888,2011-03-29 14:31:00,2011-05-09 16:02:00,2011-03,True,41
12889,2010-07-25 14:32:00,2010-08-29 14:48:00,2010-07,True,35
12890,2010-11-17 14:05:00,2011-11-15 17:26:00,2010-11,True,363
12891,2010-02-18 14:32:00,2010-03-23 15:15:00,2010-02,True,33
12892,2010-11-08 09:51:00,,2010-11,False,
12893,2011-11-09 12:34:00,,2011-11,False,
12894,2010-05-13 14:47:00,,2010-05,False,
12895,2011-09-14 08:35:00,2011-10-28 13:51:00,2011-09,True,44
12897,2010-06-14 11:58:00,2010-11-23 13:29:00,2010-06,True,162
12898,2010-02-18 12:36:00,2010-09-02 08:08:00,2010-02,True,196
12899,2010-10-22 09:53:00,,2010-10,False,
12900,2010-10-13 15:17:00,,2010-10,False,
12901,2011-03-14 10:41:00,2011-03-24 11:07:00,2011-03,True,10
12902,2011-03-20 12:06:00,,2011-03,False,
12903,2010-10-07 12:39:00,,2010-10,False,
12904,2011-06-20 13:18:00,2011-11-21 14:34:00,2011-06,True,154
12905,2010-01-26 14:06:00,2010-05-12 10:05:00,2010-01,True,106
12906,2011-09-22 15:03:00,2011-09-22 15:03:00,2011-09,True,0
12907,2010-08-02 14:33:00,2010-11-09 12:08:00,2010-08,True,99
12908,2010-03-19 15:59:00,2010-07-22 14:21:00,2010-03,True,125
12909,2010-02-24 12:14:00,2010-05-24 13:16:00,2010-02,True,89
12910,2010-03-28 13:10:00,2010-08-03 12:47:00,2010-03,True,128
12911,2010-06-06 12:13:00,,2010-06,False,
12912,2011-10-30 11:35:00,2011-11-16 09:34:00,2011-10,True,17
12913,2009-12-01 12:18:00,2009-12-07 14:56:00,2009-12,True,6
12914,2010-11-04 12:28:00,,2010-11,False,
12915,2010-04-29 19:36:00,2010-08-24 10:45:00,2010-04,True,117
12916,2010-01-24 11:26:00,2010-04-11 10:30:00,2010-01,True,77
12917,2009-12-09 14:22:00,2010-05-10 13:28:00,2009-12,True,152
12919,2011-06-23 09:22:00,2011-07-12 17:21:00,2011-06,True,19
12920,2009-12-14 15:58:00,2009-12-14 15:58:00,2009-12,True,0
12921,2009-12-01 13:43:00,2009-12-03 10:28:00,2009-12,True,2
12922,2011-07-01 15:35:00,,2011-07,False,
12923,2010-05-13 14:55:00,2010-11-14 13:16:00,2010-05,True,185
12924,2009-12-09 12:40:00,2009-12-09 12:42:00,2009-12,True,0
12925,2010-04-26 10:32:00,2011-09-26 11:05:00,2010-04,True,518
12926,2009-12-14 14:35:00,2010-03-02 16:33:00,2009-12,True,78
12927,2010-11-10 10:02:00,,2010-11,False,
12928,2010-06-08 10:16:00,2010-06-25 15:18:00,2010-06,True,17
12929,2011-02-01 12:08:00,,2011-02,False,
12930,2011-06-21 13:25:00,2011-09-22 15:18:00,2011-06,True,93
12931,2009-12-01 11:46:00,2009-12-03 17:48:00,2009-12,True,2
12932,2010-02-10 08:46:00,2010-03-08 13:52:00,2010-02,True,26
12933,2009-12-10 16:39:00,2010-09-14 15:55:00,2009-12,True,278
12934,2009-12-03 10:51:00,,2009-12,False,
12935,2010-04-11 15:59:00,2010-04-15 12:54:00,2010-04,True,4
12936,2011-09-22 13:51:00,2011-11-18 10:37:00,2011-09,True,57
12937,2009-12-03 15:43:00,2009-12-17 14:43:00,2009-12,True,14
12938,2011-11-14 11:21:00,,2011-11,False,
12939,2010-01-12 11:27:00,2010-02-24 13:55:00,2010-01,True,43
12940,2011-09-13 10:16:00,2011-10-16 12:09:00,2011-09,True,33
12941,2009-12-15 13:12:00,,2009-12,False,
12942,2010-12-09 09:34:00,2011-05-26 11:16:00,2010-12,True,168
12943,2010-04-13 11:03:00,2010-05-30 13:52:00,2010-04,True,47
12944,2010-12-20 10:41:00,2011-11-04 11:04:00,2010-12,True,319
12945,2010-02-21 15:18:00,2011-02-24 14:15:00,2010-02,True,368
12946,2010-09-29 10:14:00,,2010-09,False,
12947,2010-12-01 16:21:00,2011-01-07 09:40:00,2010-12,True,37
12948,2009-12-02 12:28:00,2009-12-09 11:46:00,2009-12,True,7
12949,2009-12-03 15:56:00,2010-01-25 09:12:00,2009-12,True,53
12950,2011-11-15 13:48:00,2011-12-01 15:55:00,2011-11,True,16
12951,2010-01-10 12:43:00,2010-02-10 14:51:00,2010-01,True,31
12952,2011-09-22 16:37:00,2011-10-27 16:59:00,2011-09,True,35
12953,2010-07-05 13:37:00,2011-11-30 09:24:00,2010-07,True,513
12954,2010-03-11 10:16:00,,2010-03,False,
12955,2011-03-17 09:03:00,2011-05-04 17:19:00,2011-03,True,48
12956,2009-12-15 19:03:00,2009-12-16 11:04:00,2009-12,True,1
12957,2009-12-11 12:01:00,2010-03-11 13:43:00,2009-12,True,90
12958,2010-05-05 16:22:00,2010-11-04 16:16:00,2010-05,True,183
12959,2010-08-12 17:20:00,,2010-08,False,
12960,2010-02-16 13:32:00,2010-05-11 12:58:00,2010-02,True,84
12961,2010-11-25 16:44:00,,2010-11,False,
12962,2011-08-18 13:38:00,2011-12-02 15:55:00,2011-08,True,106
12963,2010-07-08 14:45:00,2010-08-27 10:05:00,2010-07,True,50
12964,2010-09-28 17:47:00,,2010-09,False,
12965,2011-09-11 15:31:00,,2011-09,False,
12966,2011-11-30 12:38:00,,2011-11,False,
12967,2010-11-21 11:03:00,2010-12-03 09:49:00,2010-11,True,12
12968,2011-08-19 15:44:00,,2011-08,False,
12969,2010-04-16 10:50:00,,2010-04,False,
12970,2009-12-04 14:19:00,2010-11-15 15:54:00,2009-12,True,346
12971,2009-12-15 19:04:00,2010-01-08 13:52:00,2009-12,True,24
12972,2010-02-16 14:30:00,2010-03-02 12:30:00,2010-02,True,14
12973,2010-10-22 10:14:00,,2010-10,False,
12974,2010-05-23 11:45:00,2011-05-26 09:33:00,2010-05,True,368
12975,2009-12-06 10:38:00,2010-07-08 10:06:00,2009-12,True,214
12976,2010-02-12 15:46:00,2010-03-11 09:26:00,2010-02,True,27
12977,2010-07-16 16:25:00,2010-07-16 16:33:00,2010-07,True,0
12978,2009-12-10 12:10:00,2010-01-07 12:10:00,2009-12,True,28
12979,2009-12-10 15:45:00,,2009-12,False,
12980,2009-12-02 11:26:00,2010-01-11 14:56:00,2009-12,True,40
12981,2011-07-29 14:14:00,2011-11-10 12:00:00,2011-07,True,104
12982,2010-04-12 13:50:00,2010-04-29 17:11:00,2010-04,True,17
12983,2010-04-20 12:58:00,,2010-04,False,
12984,2011-11-21 12:37:00,,2011-11,False,
12985,2011-11-11 12:44:00,2011-12-09 10:46:00,2011-11,True,28
12986,2010-01-21 10:45:00,2010-03-08 10:41:00,2010-01,True,46
12987,2010-01-20 09:57:00,2010-04-08 17:45:00,2010-01,True,78
12988,2011-02-20 14:31:00,,2011-02,False,
12989,2009-12-10 13:27:00,2010-01-28 12:54:00,2009-12,True,49
12990,2010-03-30 11:36:00,2010-07-22 10:18:00,2010-03,True,114
12991,2010-11-15 13:43:00,2011-08-19 14:39:00,2010-11,True,277
12992,2009-12-14 16:46:00,,2009-12,False,
12993,2010-02-18 10:35:00,2010-03-18 16:28:00,2010-02,True,28
12994,2011-03-16 08:31:00,2011-08-11 17:02:00,2011-03,True,148
12995,2011-09-15 15:44:00,,2011-09,False,
12996,2010-11-29 09:27:00,,2010-11,False,
12997,2010-04-06 11:06:00,2010-05-06 16:50:00,2010-04,True,30
12998,2010-02-24 11:55:00,2010-04-08 17:04:00,2010-02,True,43
12999,2011-04-08 10:26:00,2011-05-18 16:37:00,2011-04,True,40
13000,2009-12-14 17:03:00,2010-12-10 10:26:00,2009-12,True,361
13001,2009-12-03 16:21:00,2010-01-25 12:08:00,2009-12,True,53
13002,2010-10-01 11:58:00,2010-10-19 12:23:00,2010-10,True,18
13003,2011-05-09 08:23:00,2011-07-11 13:06:00,2011-05,True,63
13004,2009-12-15 09:44:00,2010-01-04 14:29:00,2009-12,True,20
13005,2010-09-08 12:52:00,2010-10-04 11:07:00,2010-09,True,26
13006,2011-10-14 13:49:00,,2011-10,False,
13007,2010-05-09 10:38:00,,2010-05,False,
13008,2009-12-16 16:07:00,2010-11-07 10:34:00,2009-12,True,326
13009,2010-02-05 12:22:00,,2010-02,False,
13010,2010-03-01 11:28:00,2010-11-30 15:09:00,2010-03,True,274
13011,2010-12-02 17:22:00,,2010-12,False,
13012,2010-04-26 14:14:00,2010-07-14 13:40:00,2010-04,True,79
13013,2009-12-14 10:34:00,2010-03-09 10:26:00,2009-12,True,85
13014,2010-10-03 11:35:00,2011-03-03 18:28:00,2010-10,True,151
13015,2010-04-15 16:35:00,2010-04-26 15:30:00,2010-04,True,11
13016,2011-08-08 15:00:00,2011-09-27 14:07:00,2011-08,True,50
13017,2011-12-02 15:53:00,,2011-12,False,
13018,2010-03-01 12:34:00,2010-03-01 12:35:00,2010-03,True,0
13019,2009-12-06 15:40:00,2009-12-10 12:10:00,2009-12,True,4
13020,2010-02-18 10:35:00,2010-05-26 11:12:00,2010-02,True,97
13021,2009-12-05 12:02:00,2010-03-19 10:27:00,2009-12,True,104
13022,2010-10-06 10:50:00,,2010-10,False,
13023,2010-06-29 09:51:00,2011-08-02 09:34:00,2010-06,True,399
13024,2010-05-06 14:25:00,2010-08-26 09:42:00,2010-05,True,112
13025,2009-12-08 10:02:00,,2009-12,False,
13026,2009-12-13 11:34:00,2010-03-07 15:27:00,2009-12,True,84
13027,2010-01-20 10:41:00,2010-01-22 09:20:00,2010-01,True,2
13028,2011-10-25 14:09:00,2011-11-17 11:10:00,2011-10,True,23
13029,2010-07-04 13:46:00,2010-11-30 08:59:00,2010-07,True,149
13030,2010-12-06 14:31:00,2011-11-28 14:30:00,2010-12,True,357
13031,2010-06-03 14:57:00,2010-07-22 16:01:00,2010-06,True,49
13032,2010-09-05 14:01:00,2010-09-06 14:33:00,2010-09,True,1
13033,2010-10-06 09:37:00,2010-12-17 14:23:00,2010-10,True,72
13034,2010-11-03 15:22:00,2010-12-05 14:52:00,2010-11,True,32
13035,2010-10-04 15:41:00,2011-03-24 09:21:00,2010-10,True,171
13036,2010-01-24 11:35:00,,2010-01,False,
13037,2009-12-03 17:04:00,2010-01-18 14:11:00,2009-12,True,46
13038,2011-02-22 11:43:00,2011-06-09 10:31:00,2011-02,True,107
13039,2009-12-17 16:43:00,2010-03-31 15:30:00,2009-12,True,104
13040,2011-11-06 13:53:00,2011-12-01 10:38:00,2011-11,True,25
13041,2010-04-29 08:43:00,2010-07-05 12:09:00,2010-04,True,67
13042,2009-12-07 15:42:00,2010-02-02 15:49:00,2009-12,True,57
13043,2011-03-11 14:52:00,,2011-03,False,
13044,2010-01-08 14:46:00,2010-02-21 15:28:00,2010-01,True,44
13045,2010-08-10 13:02:00,2010-11-03 12:49:00,2010-08,True,85
13046,2010-09-09 13:09:00,2011-03-18 15:43:00,2010-09,True,190
13047,2009-12-16 11:43:00,2010-01-08 09:23:00,2009-12,True,23
13048,2010-01-27 12:55:00,2010-04-27 14:11:00,2010-01,True,90
13049,2010-11-03 15:39:00,2010-11-15 14:44:00,2010-11,True,12
13050,2009-12-15 15:06:00,2010-01-14 14:32:00,2009-12,True,30
13051,2010-03-30 11:11:00,2010-05-10 09:14:00,2010-03,True,41
13052,2010-02-23 12:31:00,2010-04-13 14:02:00,2010-02,True,49
13053,2010-03-28 11:28:00,,2010-03,False,
13055,2010-10-06 08:17:00,2011-05-10 08:58:00,2010-10,True,216
13056,2010-06-06 14:10:00,,2010-06,False,
13057,2010-03-18 12:14:00,2010-06-24 13:00:00,2010-03,True,98
13058,2011-07-11 12:01:00,2011-10-12 13:28:00,2011-07,True,93
13059,2010-03-31 12:23:00,2010-03-31 12:52:00,2010-03,True,0
13060,2011-03-31 11:37:00,,2011-03,False,
13061,2011-09-28 16:04:00,,2011-09,False,
13062,2011-06-01 15:12:00,,2011-06,False,
13063,2010-08-16 12:27:00,,2010-08,False,
13064,2010-04-27 10:08:00,2010-06-07 16:28:00,2010-04,True,41
13065,2010-06-10 11:44:00,2010-08-26 13:26:00,2010-06,True,77
13066,2011-11-07 17:06:00,2011-11-15 12:57:00,2011-11,True,8
13067,2010-09-19 13:43:00,2010-10-26 12:15:00,2010-09,True,37
13068,2011-01-24 08:20:00,2011-11-29 15:00:00,2011-01,True,309
13069,2010-06-14 14:27:00,2010-06-14 15:03:00,2010-06,True,0
13070,2009-12-07 14:44:00,2010-04-29 10:48:00,2009-12,True,143
13071,2010-04-06 13:37:00,,2010-04,False,
13072,2011-03-18 08:12:00,,2011-03,False,
13073,2010-09-28 09:27:00,2010-10-24 14:06:00,2010-09,True,26
13074,2009-12-16 11:46:00,2010-01-19 10:07:00,2009-12,True,34
13075,2011-08-02 10:19:00,,2011-08,False,
13076,2010-09-08 10:27:00,,2010-09,False,
13077,2009-12-11 11:17:00,2009-12-17 16:38:00,2009-12,True,6
13078,2009-12-01 09:06:00,2009-12-08 13:28:00,2009-12,True,7
13079,2010-10-18 14:15:00,2011-07-22 14:41:00,2010-10,True,277
13080,2010-04-09 13:07:00,2010-05-27 11:52:00,2010-04,True,48
13081,2009-12-08 13:58:00,2010-01-07 11:52:00,2009-12,True,30
13082,2009-12-22 15:37:00,2009-12-22 15:40:00,2009-12,True,0
13083,2010-10-10 13:38:00,2011-09-25 10:46:00,2010-10,True,350
13084,2010-08-05 08:49:00,,2010-08,False,
13085,2009-12-01 07:45:00,2009-12-01 07:46:00,2009-12,True,0
13086,2010-11-22 10:28:00,,2010-11,False,
13087,2009-12-13 15:16:00,,2009-12,False,
13088,2010-10-18 15:35:00,,2010-10,False,
13089,2009-12-02 15:44:00,2009-12-07 14:02:00,2009-12,True,5
13090,2010-08-02 13:58:00,2010-08-02 14:07:00,2010-08,True,0
13091,2009-12-10 12:44:00,2011-11-11 15:54:00,2009-12,True,701
13092,2010-02-10 08:44:00,2010-03-21 14:06:00,2010-02,True,39
13093,2009-12-04 10:32:00,2009-12-04 16:39:00,2009-12,True,0
13094,2010-11-15 14:15:00,2010-12-06 10:34:00,2010-11,True,21
13095,2011-09-30 12:03:00,,2011-09,False,
13096,2010-11-10 14:08:00,,2010-11,False,
13097,2009-12-01 13:31:00,2009-12-09 09:34:00,2009-12,True,8
13098,2011-01-26 13:46:00,2011-02-08 11:32:00,2011-01,True,13
13099,2011-09-01 17:40:00,,2011-09,False,
13101,2010-01-27 15:49:00,2010-05-27 17:02:00,2010-01,True,120
13102,2010-05-06 13:12:00,2010-05-24 12:26:00,2010-05,True,18
13103,2010-05-11 14:41:00,2010-09-28 11:48:00,2010-05,True,140
13104,2010-02-24 15:06:00,2010-06-24 10:02:00,2010-02,True,120
13105,2010-09-29 13:41:00,,2010-09,False,
13106,2010-10-22 13:10:00,2011-07-29 15:12:00,2010-10,True,280
13107,2010-02-04 10:50:00,2010-04-08 10:52:00,2010-02,True,63
13108,2010-09-30 17:09:00,2010-12-02 10:35:00,2010-09,True,63
13109,2010-06-06 12:59:00,2011-07-05 14:56:00,2010-06,True,394
13110,2009-12-01 14:14:00,2010-01-18 14:14:00,2009-12,True,48
13111,2009-12-21 09:00:00,,2009-12,False,
13112,2010-06-16 17:03:00,,2010-06,False,
13113,2010-03-28 16:13:00,2010-05-02 15:48:00,2010-03,True,35
13114,2009-12-09 09:56:00,,2009-12,False,
13115,2010-04-19 13:29:00,2010-05-17 08:20:00,2010-04,True,28
13116,2011-07-24 14:33:00,,2011-07,False,
13117,2010-03-26 13:50:00,2010-04-26 10:45:00,2010-03,True,31
13118,2010-09-26 15:46:00,2010-10-24 14:11:00,2010-09,True,28
13119,2010-02-09 08:38:00,,2010-02,False,
13120,2011-04-15 10:19:00,,2011-04,False,
13121,2011-03-15 16:47:00,,2011-03,False,
13122,2011-04-13 14:12:00,2011-09-06 15:53:00,2011-04,True,146
13123,2010-06-28 12:43:00,2010-08-24 10:18:00,2010-06,True,57
13124,2010-11-19 15:50:00,2010-12-15 15:00:00,2010-11,True,26
13125,2010-07-04 11:58:00,,2010-07,False,
13126,2010-03-02 12:24:00,2010-04-23 14:38:00,2010-03,True,52
13127,2011-09-23 10:26:00,,2011-09,False,
13128,2010-03-18 15:08:00,,2010-03,False,
13129,2010-06-28 11:54:00,2010-09-13 13:47:00,2010-06,True,77
13130,2011-09-06 15:30:00,,2011-09,False,
13131,2010-02-09 09:47:00,2010-06-03 09:29:00,2010-02,True,114
13132,2011-03-23 12:44:00,,2011-03,False,
13133,2010-09-06 15:30:00,2011-02-08 15:48:00,2010-09,True,155
13134,2010-10-19 13:21:00,2010-11-02 13:58:00,2010-10,True,14
13135,2010-08-05 17:28:00,2011-05-27 10:52:00,2010-08,True,295
13136,2009-12-08 18:30:00,2010-05-02 13:46:00,2009-12,True,145
13137,2010-07-25 15:40:00,2010-09-07 10:19:00,2010-07,True,44
13138,2010-11-08 11:45:00,2010-12-02 15:03:00,2010-11,True,24
13139,2010-09-28 09:12:00,2011-03-25 11:57:00,2010-09,True,178
13140,2010-08-05 19:05:00,2010-10-15 15:13:00,2010-08,True,71
13141,2009-12-09 13:34:00,2010-01-25 13:46:00,2009-12,True,47
13142,2011-11-20 16:07:00,,2011-11,False,
13143,2010-05-04 12:22:00,,2010-05,False,
13144,2010-10-04 14:14:00,2011-01-11 11:15:00,2010-10,True,99
13145,2010-04-19 11:11:00,2010-07-11 12:07:00,2010-04,True,83
13146,2011-11-13 15:29:00,,2011-11,False,
13147,2011-09-01 12:28:00,2011-10-27 16:35:00,2011-09,True,56
13148,2009-12-07 15:26:00,2010-01-21 14:30:00,2009-12,True,45
13149,2011-02-23 13:57:00,2011-07-13 13:20:00,2011-02,True,140
13150,2010-03-19 09:03:00,2010-08-12 12:58:00,2010-03,True,146
13151,2010-03-22 10:26:00,2010-03-24 09:31:00,2010-03,True,2
13152,2010-01-14 10:01:00,2010-02-21 15:58:00,2010-01,True,38
13153,2011-12-04 12:14:00,,2011-12,False,
13154,2009-12-04 08:46:00,2010-07-20 13:17:00,2009-12,True,228
13155,2010-08-05 09:30:00,2010-10-22 14:49:00,2010-08,True,78
13156,2010-02-01 13:45:00,2010-02-09 15:27:00,2010-02,True,8
13157,2010-03-08 11:59:00,2010-05-14 10:40:00,2010-03,True,67
13158,2010-11-16 17:12:00,2011-01-25 09:58:00,2010-11,True,70
13159,2011-08-16 11:44:00,2011-08-25 15:12:00,2011-08,True,9
13160,2011-11-17 13:07:00,,2011-11,False,
13161,2010-07-27 12:44:00,2011-01-30 14:03:00,2010-07,True,187
13162,2009-12-04 13:59:00,2009-12-15 08:01:00,2009-12,True,11
13163,2010-04-08 16:21:00,,2010-04,False,
13164,2010-02-10 11:52:00,2010-05-19 13:52:00,2010-02,True,98
13165,2010-10-22 17:04:00,2010-12-23 14:06:00,2010-10,True,62
13166,2010-10-21 14:29:00,2011-03-01 15:16:00,2010-10,True,131
13167,2010-11-14 12:58:00,2011-07-19 12:13:00,2010-11,True,247
13168,2010-06-15 15:00:00,2011-01-25 13:55:00,2010-06,True,224
13169,2010-05-26 15:58:00,2011-04-01 14:24:00,2010-05,True,310
13170,2011-11-13 12:19:00,,2011-11,False,
13171,2011-02-13 14:16:00,2011-10-21 16:18:00,2011-02,True,250
13172,2010-11-04 15:10:00,,2010-11,False,
13173,2009-12-10 12:52:00,2010-01-07 13:16:00,2009-12,True,28
13174,2009-12-04 15:40:00,2010-01-28 17:13:00,2009-12,True,55
13175,2009-12-04 12:11:00,2010-05-06 13:13:00,2009-12,True,153
13176,2011-10-24 15:43:00,,2011-10,False,
13177,2010-10-05 10:35:00,2011-10-06 09:56:00,2010-10,True,366
13178,2009-12-16 14:00:00,2010-01-17 15:22:00,2009-12,True,32
13179,2010-03-31 11:40:00,,2010-03,False,
13180,2010-04-11 13:37:00,,2010-04,False,
13181,2010-11-23 15:05:00,,2010-11,False,
13182,2011-10-25 13:46:00,,2011-10,False,
13183,2010-03-14 12:32:00,2010-05-06 11:25:00,2010-03,True,53
13184,2011-02-22 17:25:00,2011-04-01 12:24:00,2011-02,True,38
13185,2011-03-17 11:56:00,,2011-03,False,
13186,2011-08-03 09:09:00,2011-09-07 11:46:00,2011-08,True,35
13187,2010-03-25 17:18:00,2010-03-25 19:03:00,2010-03,True,0
13188,2011-11-28 15:28:00,,2011-11,False,
13189,2011-08-16 13:12:00,2011-11-21 10:39:00,2011-08,True,97
13190,2009-12-07 12:13:00,2010-01-31 12:12:00,2009-12,True,55
13191,2010-02-19 17:02:00,,2010-02,False,
13192,2010-01-22 08:37:00,2010-04-27 10:50:00,2010-01,True,95
13193,2011-10-09 14:30:00,,2011-10,False,
13194,2010-10-14 11:54:00,2011-07-27 09:01:00,2010-10,True,286
13195,2010-10-21 13:07:00,,2010-10,False,
13196,2010-04-01 12:54:00,2010-08-09 13:28:00,2010-04,True,130
13197,2010-04-09 09:14:00,,2010-04,False,
13198,2010-10-01 13:27:00,2010-11-17 14:25:00,2010-10,True,47
13199,2009-12-05 10:11:00,2010-01-08 12:05:00,2009-12,True,34
13200,2011-08-05 14:50:00,2011-09-26 14:00:00,2011-08,True,52
13201,2010-03-07 11:01:00,2010-05-24 16:08:00,2010-03,True,78
13202,2009-12-09 10:48:00,2010-03-02 10:08:00,2009-12,True,83
13203,2009-12-17 14:15:00,2010-03-18 16:20:00,2009-12,True,91
13204,2009-12-08 14:56:00,,2009-12,False,
13205,2010-09-22 16:26:00,,2010-09,False,
13206,2009-12-07 13:48:00,2009-12-13 13:09:00,2009-12,True,6
13207,2010-04-06 16:37:00,2010-09-14 15:44:00,2010-04,True,161
13208,2009-12-03 13:25:00,2010-06-24 18:06:00,2009-12,True,203
13209,2010-01-24 14:30:00,2010-03-28 11:20:00,2010-01,True,63
13210,2011-09-07 08:18:00,,2011-09,False,
13211,2009-12-06 15:24:00,2010-03-14 13:43:00,2009-12,True,98
13212,2011-10-09 14:48:00,2011-10-09 15:17:00,2011-10,True,0
13213,2010-05-20 14:50:00,2010-07-22 12:26:00,2010-05,True,63
13214,2010-03-03 14:10:00,2010-03-21 10:50:00,2010-03,True,18
13215,2010-11-02 18:26:00,,2010-11,False,
13216,2011-03-17 12:18:00,,2011-03,False,
13217,2010-02-22 12:49:00,2011-07-06 12:08:00,2010-02,True,499
13218,2011-08-04 16:59:00,,2011-08,False,
13219,2010-03-31 14:18:00,,2010-03,False,
13220,2010-05-13 10:35:00,2011-04-17 10:59:00,2010-05,True,339
13221,2010-12-15 13:24:00,2011-04-13 16:58:00,2010-12,True,119
13222,2010-05-11 13:54:00,,2010-05,False,
13223,2010-02-12 13:27:00,2010-05-16 11:28:00,2010-02,True,93
13224,2011-07-11 14:10:00,2011-10-10 14:55:00,2011-07,True,91
13225,2009-12-17 09:09:00,2010-02-15 11:46:00,2009-12,True,60
13226,2010-11-11 13:46:00,2011-03-11 14:35:00,2010-11,True,120
13227,2011-05-22 11:47:00,,2011-05,False,
13228,2011-09-19 14:28:00,,2011-09,False,
13229,2011-04-28 12:07:00,,2011-04,False,
13230,2010-03-18 20:02:00,2010-04-30 15:39:00,2010-03,True,43
13232,2011-04-10 13:48:00,2011-05-15 12:33:00,2011-04,True,35
13233,2010-01-14 14:10:00,2010-10-15 11:49:00,2010-01,True,274
13234,2009-12-07 12:32:00,2010-02-05 11:41:00,2009-12,True,60
13235,2011-05-11 17:13:00,,2011-05,False,
13236,2011-08-25 08:58:00,2011-11-15 12:50:00,2011-08,True,82
13237,2010-11-17 10:07:00,,2010-11,False,
13238,2010-04-28 15:02:00,2010-10-05 12:38:00,2010-04,True,160
13239,2010-07-25 13:34:00,2010-07-30 07:43:00,2010-07,True,5
13240,2010-02-25 13:17:00,2010-02-25 13:31:00,2010-02,True,0
13241,2010-10-24 11:17:00,,2010-10,False,
13242,2010-02-09 13:12:00,2010-05-26 12:03:00,2010-02,True,106
13243,2010-03-18 13:10:00,2010-09-16 13:06:00,2010-03,True,182
13244,2011-09-08 11:46:00,,2011-09,False,
13245,2010-10-03 14:03:00,2011-10-20 11:40:00,2010-10,True,382
13246,2010-07-02 13:36:00,2010-09-10 13:59:00,2010-07,True,70
13247,2011-09-18 11:31:00,2011-10-19 14:20:00,2011-09,True,31
13248,2011-06-03 13:05:00,2011-08-07 12:40:00,2011-06,True,65
13249,2010-01-24 12:11:00,2010-03-04 09:53:00,2010-01,True,39
13250,2010-07-25 14:01:00,2010-09-05 11:33:00,2010-07,True,42
13251,2010-11-02 13:20:00,,2010-11,False,
13252,2010-03-24 10:30:00,2010-11-10 16:00:00,2010-03,True,231
13253,2010-01-05 12:13:00,2010-10-05 13:33:00,2010-01,True,273
13254,2010-11-28 15:42:00,,2010-11,False,
13255,2010-07-15 13:20:00,2010-12-01 11:58:00,2010-07,True,139
13257,2010-09-29 14:58:00,,2010-09,False,
13258,2010-11-04 12:45:00,2010-11-25 10:54:00,2010-11,True,21
13259,2010-01-10 10:26:00,2010-01-31 10:08:00,2010-01,True,21
13260,2011-10-09 13:21:00,,2011-10,False,
13261,2011-02-27 10:41:00,2011-03-16 12:22:00,2011-02,True,17
13262,2010-04-18 12:14:00,2010-11-15 12:20:00,2010-04,True,211
13263,2010-10-22 17:07:00,2010-10-29 15:34:00,2010-10,True,7
13264,2010-09-23 12:42:00,,2010-09,False,
13265,2011-03-11 09:54:00,2011-04-08 15:19:00,2011-03,True,28
13266,2009-12-17 10:52:00,2010-03-04 11:28:00,2009-12,True,77
13267,2009-12-07 16:56:00,2009-12-15 15:12:00,2009-12,True,8
13268,2011-03-17 13:20:00,2011-03-30 16:52:00,2011-03,True,13
13269,2009-12-02 11:47:00,2009-12-02 11:48:00,2009-12,True,0
13270,2010-12-08 14:53:00,,2010-12,False,
13271,2011-11-02 14:31:00,,2011-11,False,
13272,2011-09-11 12:06:00,2011-11-08 14:00:00,2011-09,True,58
13273,2011-08-18 14:02:00,,2011-08,False,
13274,2010-10-26 13:48:00,,2010-10,False,
13275,2010-03-17 14:05:00,2010-11-21 12:09:00,2010-03,True,249
13276,2010-03-07 14:05:00,2010-07-25 15:38:00,2010-03,True,140
13277,2010-06-18 08:45:00,2010-08-26 14:02:00,2010-06,True,69
13278,2010-04-08 11:59:00,2010-08-17 11:30:00,2010-04,True,131
13279,2011-09-22 17:24:00,,2011-09,False,
13280,2010-03-05 09:07:00,2010-10-07 16:28:00,2010-03,True,216
13281,2010-09-26 16:03:00,,2010-09,False,
13282,2010-10-29 14:11:00,2011-05-03 12:03:00,2010-10,True,186
13283,2010-03-09 14:36:00,2010-05-21 13:56:00,2010-03,True,73
13284,2011-01-13 09:23:00,,2011-01,False,
13285,2010-03-25 14:26:00,2010-04-18 13:38:00,2010-03,True,24
13286,2010-04-18 15:35:00,,2010-04,False,
13287,2010-01-04 10:43:00,2010-02-23 14:54:00,2010-01,True,50
13288,2010-02-11 14:59:00,2010-02-25 11:28:00,2010-02,True,14
13289,2009-12-16 11:53:00,,2009-12,False,
13291,2010-02-11 18:36:00,2010-04-01 15:16:00,2010-02,True,49
13292,2010-07-01 14:36:00,2010-08-02 13:39:00,2010-07,True,32
13293,2010-02-09 12:05:00,2010-03-23 13:12:00,2010-02,True,42
13294,2010-03-03 12:54:00,2011-04-04 12:37:00,2010-03,True,397
13295,2010-05-12 09:13:00,2010-10-24 11:50:00,2010-05,True,165
13296,2010-05-11 14:29:00,2010-06-09 08:41:00,2010-05,True,29
13297,2010-06-15 12:35:00,2010-10-13 08:29:00,2010-06,True,120
13298,2011-12-08 13:11:00,,2011-12,False,
13299,2010-06-29 11:30:00,2010-10-12 10:53:00,2010-06,True,105
13300,2010-05-14 15:56:00,2010-11-16 17:10:00,2010-05,True,186
13301,2011-02-20 13:13:00,2011-05-01 11:55:00,2011-02,True,70
13302,2010-07-01 12:32:00,2011-07-07 17:56:00,2010-07,True,371
13303,2010-11-04 14:55:00,,2010-11,False,
13304,2010-02-08 12:42:00,2010-06-11 13:55:00,2010-02,True,123
13305,2010-03-10 14:49:00,2010-07-27 15:14:00,2010-03,True,139
13306,2010-10-05 14:55:00,,2010-10,False,
13307,2010-04-26 13:28:00,2010-08-09 12:56:00,2010-04,True,105
13308,2010-04-22 09:22:00,2011-05-20 13:13:00,2010-04,True,393
13309,2010-11-12 12:10:00,2011-02-04 12:29:00,2010-11,True,84
13310,2010-11-02 17:03:00,2010-11-24 09:14:00,2010-11,True,22
13311,2011-07-12 14:26:00,2011-12-05 12:55:00,2011-07,True,146
13312,2010-09-14 14:36:00,,2010-09,False,
13313,2009-12-02 16:18:00,2009-12-02 16:24:00,2009-12,True,0
13314,2011-09-27 10:20:00,2011-10-07 13:09:00,2011-09,True,10
13315,2010-01-19 15:34:00,,2010-01,False,
13316,2010-03-10 10:01:00,2010-08-13 15:07:00,2010-03,True,156
13317,2009-12-13 11:11:00,2010-02-17 14:47:00,2009-12,True,66
13318,2011-11-02 13:26:00,2011-12-04 12:17:00,2011-11,True,32
13319,2009-12-06 14:46:00,2009-12-15 14:14:00,2009-12,True,9
13320,2010-08-18 10:29:00,2010-10-01 14:59:00,2010-08,True,44
13321,2011-09-14 15:18:00,2011-09-28 15:24:00,2011-09,True,14
13322,2011-11-22 14:21:00,,2011-11,False,
13323,2011-09-16 13:23:00,2011-11-07 16:00:00,2011-09,True,52
13324,2010-05-25 10:23:00,2010-06-23 14:10:00,2010-05,True,29
13325,2011-09-19 10:36:00,,2011-09,False,
13326,2010-10-03 16:00:00,,2010-10,False,
13327,2009-12-18 15:35:00,2010-01-24 13:54:00,2009-12,True,37
13328,2011-01-27 15:22:00,,2011-01,False,
13329,2009-12-04 15:41:00,2010-07-30 14:15:00,2009-12,True,238
13330,2010-02-23 10:12:00,2010-05-23 11:02:00,2010-02,True,89
13331,2010-11-03 08:04:00,,2010-11,False,
13332,2011-11-25 13:30:00,,2011-11,False,
13333,2010-02-19 09:26:00,2010-09-08 09:23:00,2010-02,True,201
13334,2010-02-25 12:21:00,2010-06-21 13:52:00,2010-02,True,116
13336,2011-09-23 14:05:00,,2011-09,False,
13337,2010-06-11 13:27:00,,2010-06,False,
13338,2010-01-05 12:25:00,2010-05-28 11:47:00,2010-01,True,143
13339,2011-05-23 08:31:00,,2011-05,False,
13340,2010-02-22 14:54:00,2010-02-22 14:59:00,2010-02,True,0
13341,2011-03-24 09:50:00,,2011-03,False,
13343,2011-06-15 12:24:00,,2011-06,False,
13344,2011-03-07 10:28:00,2011-10-03 09:44:00,2011-03,True,210
13345,2011-02-25 09:01:00,,2011-02,False,
13346,2010-04-22 12:34:00,2010-05-17 15:36:00,2010-04,True,25
13347,2011-09-30 13:28:00,,2011-09,False,
13348,2011-10-06 17:28:00,,2011-10,False,
13349,2011-11-29 08:07:00,,2011-11,False,
13350,2011-09-21 13:33:00,2011-11-23 16:33:00,2011-09,True,63
13351,2011-10-04 12:55:00,,2011-10,False,
13352,2011-10-10 13:55:00,,2011-10,False,
13354,2011-09-29 13:17:00,,2011-09,False,
13355,2011-08-09 14:48:00,,2011-08,False,
13356,2011-09-20 14:33:00,,2011-09,False,
13357,2010-03-22 14:30:00,2010-03-22 14:38:00,2010-03,True,0
13358,2011-03-16 11:52:00,,2011-03,False,
13359,2010-11-01 15:05:00,2011-10-07 09:30:00,2010-11,True,340
13360,2010-01-08 11:16:00,2010-01-14 17:59:00,2010-01,True,6
13361,2010-04-01 07:49:00,2010-08-24 14:56:00,2010-04,True,145
13362,2010-10-10 15:27:00,2010-10-28 09:27:00,2010-10,True,18
13363,2010-10-26 11:07:00,2011-10-27 10:46:00,2010-10,True,366
13364,2011-09-29 18:13:00,,2011-09,False,
13365,2011-05-06 12:00:00,2011-11-06 12:36:00,2011-05,True,184
13366,2011-10-20 13:37:00,,2011-10,False,
13367,2010-10-04 10:00:00,,2010-10,False,
13368,2010-10-12 10:43:00,2010-10-21 09:43:00,2010-10,True,9
13369,2010-12-09 11:30:00,,2010-12,False,
13370,2010-12-03 10:26:00,,2010-12,False,
13371,2010-03-17 15:29:00,2010-07-22 17:33:00,2010-03,True,127
13372,2011-09-11 12:46:00,,2011-09,False,
13373,2009-12-06 12:34:00,2010-03-28 16:17:00,2009-12,True,112
13374,2010-09-16 10:29:00,2010-10-21 10:04:00,2010-09,True,35
13375,2010-09-21 08:12:00,2011-09-12 10:19:00,2010-09,True,356
13376,2011-04-19 13:03:00,2011-05-20 09:08:00,2011-04,True,31
13377,2010-03-04 10:06:00,2010-11-08 12:20:00,2010-03,True,249
13379,2011-07-26 12:26:00,2011-10-02 15:18:00,2011-07,True,68
13380,2010-10-03 10:18:00,,2010-10,False,
13381,2009-12-01 15:19:00,2010-02-16 10:45:00,2009-12,True,77
13382,2009-12-08 09:56:00,2010-03-15 09:11:00,2009-12,True,97
13383,2010-06-14 11:45:00,,2010-06,False,
13384,2010-07-27 12:22:00,2010-09-08 15:06:00,2010-07,True,43
13385,2011-01-14 09:52:00,,2011-01,False,
13386,2010-09-28 13:09:00,2010-10-21 12:52:00,2010-09,True,23
13387,2010-10-18 14:07:00,,2010-10,False,
13388,2010-04-15 10:18:00,2011-07-31 12:52:00,2010-04,True,472
13389,2011-04-21 12:12:00,2011-09-26 09:52:00,2011-04,True,158
13390,2011-09-26 08:38:00,,2011-09,False,
13391,2011-05-20 10:50:00,,2011-05,False,
13392,2010-01-31 13:34:00,,2010-01,False,
13393,2009-12-07 18:12:00,2009-12-15 15:36:00,2009-12,True,8
13394,2009-12-01 11:58:00,2010-01-07 14:04:00,2009-12,True,37
13395,2010-10-14 13:00:00,2010-11-04 14:00:00,2010-10,True,21
13396,2011-01-24 13:37:00,2011-11-10 16:59:00,2011-01,True,290
13397,2010-01-20 09:50:00,2010-02-16 12:29:00,2010-01,True,27
13398,2010-09-17 09:34:00,2011-05-31 13:17:00,2010-09,True,256
13399,2010-07-08 17:47:00,2010-07-22 10:24:00,2010-07,True,14
13400,2010-05-06 09:00:00,,2010-05,False,
13402,2010-05-24 10:56:00,2010-07-22 08:24:00,2010-05,True,59
13403,2009-12-16 13:23:00,2010-11-17 11:38:00,2009-12,True,336
13404,2011-05-11 11:57:00,2011-12-08 15:37:00,2011-05,True,211
13405,2009-12-15 14:13:00,2010-05-19 14:23:00,2009-12,True,155
13406,2010-03-18 07:29:00,2010-10-08 14:44:00,2010-03,True,204
13407,2010-02-16 11:13:00,2010-04-19 16:48:00,2010-02,True,62
13408,2009-12-04 09:31:00,2009-12-08 12:27:00,2009-12,True,4
13410,2009-12-08 13:43:00,2010-01-10 11:59:00,2009-12,True,33
13411,2011-08-24 13:57:00,,2011-08,False,
13412,2010-03-29 16:28:00,,2010-03,False,
13413,2010-01-21 17:43:00,2010-02-28 13:27:00,2010-01,True,38
13414,2010-04-15 17:00:00,2010-06-27 12:54:00,2010-04,True,73
13415,2009-12-11 14:20:00,2010-03-19 14:56:00,2009-12,True,98
13416,2009-12-03 13:02:00,2011-09-19 14:43:00,2009-12,True,655
13417,2010-02-08 12:39:00,2010-03-31 14:31:00,2010-02,True,51
13418,2009-12-11 12:51:00,2010-03-11 13:13:00,2009-12,True,90
13419,2011-10-07 12:49:00,,2011-10,False,
13420,2011-06-22 11:35:00,2011-07-13 08:48:00,2011-06,True,21
13421,2010-02-14 14:45:00,2010-02-14 14:54:00,2010-02,True,0
13422,2011-10-06 13:42:00,,2011-10,False,
13423,2010-10-07 09:02:00,,2010-10,False,
13424,2010-09-16 10:49:00,,2010-09,False,
13425,2010-05-09 14:35:00,2010-07-19 12:56:00,2010-05,True,71
13426,2009-12-09 15:16:00,2009-12-16 15:16:00,2009-12,True,7
13427,2009-12-17 13:44:00,2010-06-18 09:28:00,2009-12,True,183
13428,2010-07-13 13:20:00,2010-07-13 13:33:00,2010-07,True,0
13429,2011-09-25 15:59:00,2011-10-10 12:51:00,2011-09,True,15
13430,2011-09-14 14:26:00,2011-11-21 08:19:00,2011-09,True,68
13431,2010-02-18 11:53:00,2010-04-21 12:30:00,2010-02,True,62
13432,2010-04-06 14:42:00,2010-05-17 13:18:00,2010-04,True,41
13433,2010-01-12 08:59:00,2010-04-15 10:35:00,2010-01,True,93
13434,2010-02-22 09:54:00,2010-09-05 14:13:00,2010-02,True,195
13435,2010-07-27 16:56:00,2010-11-28 13:51:00,2010-07,True,124
13436,2011-12-08 10:33:00,,2011-12,False,
13437,2011-06-02 14:30:00,2011-06-23 12:13:00,2011-06,True,21
13438,2010-06-10 18:46:00,,2010-06,False,
13439,2010-07-01 14:36:00,2010-11-16 15:24:00,2010-07,True,138
13440,2010-09-14 10:34:00,2010-09-21 20:38:00,2010-09,True,7
13441,2010-10-04 10:38:00,2011-09-09 09:38:00,2010-10,True,340
13442,2009-12-01 14:59:00,2010-01-05 16:04:00,2009-12,True,35
13443,2010-01-31 13:30:00,2010-04-08 16:45:00,2010-01,True,67
13444,2010-07-21 14:34:00,2010-11-30 13:02:00,2010-07,True,132
13445,2010-03-23 15:34:00,,2010-03,False,
13446,2010-02-14 11:52:00,2010-03-05 13:19:00,2010-02,True,19
13447,2011-11-04 10:10:00,2011-11-06 11:56:00,2011-11,True,2
13448,2009-12-06 12:14:00,2009-12-17 11:58:00,2009-12,True,11
13449,2011-11-16 08:28:00,,2011-11,False,
13450,2010-04-15 19:15:00,2010-05-11 08:54:00,2010-04,True,26
13451,2010-03-21 16:13:00,2010-05-16 16:05:00,2010-03,True,56
13452,2010-08-24 09:53:00,2011-03-14 11:38:00,2010-08,True,202
13453,2010-11-02 13:23:00,2011-02-23 09:44:00,2010-11,True,113
13454,2010-03-08 14:40:00,,2010-03,False,
13455,2009-12-09 08:58:00,2009-12-22 15:05:00,2009-12,True,13
13456,2011-05-16 15:34:00,2011-06-17 08:52:00,2011-05,True,32
13457,2009-12-02 12:46:00,2010-01-20 08:48:00,2009-12,True,49
13458,2010-11-16 14:01:00,2010-11-25 15:02:00,2010-11,True,9
13459,2010-01-26 13:35:00,2010-03-25 10:24:00,2010-01,True,58
13460,2011-10-21 09:50:00,2011-11-10 17:17:00,2011-10,True,20
13461,2010-04-21 16:01:00,2010-07-14 13:34:00,2010-04,True,84
13462,2009-12-14 09:48:00,2010-01-19 10:45:00,2009-12,True,36
13464,2010-03-31 15:22:00,2010-08-23 16:11:00,2010-03,True,145
13465,2010-05-02 15:30:00,2010-09-19 15:13:00,2010-05,True,140
13466,2010-03-21 13:50:00,2010-07-27 09:42:00,2010-03,True,128
13467,2011-11-03 16:56:00,2011-11-29 10:01:00,2011-11,True,26
13468,2009-12-03 13:32:00,2009-12-15 09:34:00,2009-12,True,12
13469,2010-02-24 15:03:00,,2010-02,False,
13470,2011-08-16 17:06:00,2011-09-01 14:57:00,2011-08,True,16
13471,2011-10-23 13:10:00,2011-11-18 09:57:00,2011-10,True,26
13472,2010-06-02 09:48:00,2010-09-02 09:41:00,2010-06,True,92
13473,2009-12-15 19:02:00,2010-03-02 15:28:00,2009-12,True,77
13474,2010-08-01 14:40:00,2010-09-22 09:21:00,2010-08,True,52
13475,2011-02-14 12:36:00,2011-03-23 09:43:00,2011-02,True,37
13476,2010-03-05 09:39:00,2010-08-10 10:29:00,2010-03,True,158
13477,2010-01-25 11:52:00,2010-04-29 12:21:00,2010-01,True,94
13478,2010-01-31 15:51:00,2010-03-17 14:23:00,2010-01,True,45
13479,2010-08-19 16:18:00,2010-09-13 13:29:00,2010-08,True,25
13480,2010-01-29 12:35:00,2010-10-19 11:53:00,2010-01,True,263
13481,2009-12-04 12:37:00,2010-03-15 09:46:00,2009-12,True,101
13482,2010-03-22 10:31:00,2011-04-21 17:03:00,2010-03,True,395
13483,2011-10-05 11:53:00,,2011-10,False,
13484,2010-03-10 11:46:00,2010-11-21 13:48:00,2010-03,True,256
13485,2009-12-03 13:46:00,2009-12-08 12:13:00,2009-12,True,5
13486,2011-07-07 17:19:00,2011-08-03 13:10:00,2011-07,True,27
13487,2009-12-05 10:25:00,2010-07-22 10:41:00,2009-12,True,229
13488,2010-01-25 10:13:00,2010-05-17 12:05:00,2010-01,True,112
13489,2011-02-18 10:42:00,2011-02-23 13:43:00,2011-02,True,5
13490,2010-02-23 14:48:00,,2010-02,False,
13491,2009-12-07 08:24:00,2009-12-09 07:01:00,2009-12,True,2
13492,2011-05-09 10:06:00,2011-07-01 08:55:00,2011-05,True,53
13493,2011-02-25 16:42:00,2011-03-09 15:35:00,2011-02,True,12
13494,2011-02-01 11:58:00,,2011-02,False,
13495,2009-12-07 12:12:00,2009-12-15 10:50:00,2009-12,True,8
13496,2010-12-15 10:17:00,2011-11-29 10:58:00,2010-12,True,349
13497,2010-02-08 10:27:00,2010-03-08 12:19:00,2010-02,True,28
13498,2009-12-09 15:26:00,,2009-12,False,
13499,2011-03-15 08:52:00,2011-04-28 14:59:00,2011-03,True,44
13500,2010-11-03 13:16:00,2011-08-09 12:20:00,2010-11,True,279
13501,2010-05-18 13:24:00,2010-08-10 13:01:00,2010-05,True,84
13502,2010-06-09 10:52:00,2010-10-20 10:15:00,2010-06,True,133
13503,2010-02-16 13:49:00,2010-02-16 14:11:00,2010-02,True,0
13504,2011-10-06 13:20:00,,2011-10,False,
13505,2011-04-21 12:07:00,2011-05-31 15:41:00,2011-04,True,40
13506,2010-09-05 12:33:00,2010-10-20 13:25:00,2010-09,True,45
13507,2011-07-17 11:50:00,2011-08-24 15:12:00,2011-07,True,38
13508,2010-03-07 11:58:00,2011-04-10 11:58:00,2010-03,True,399
13509,2010-07-20 12:10:00,2011-02-28 13:27:00,2010-07,True,223
13510,2009-12-21 11:53:00,2010-02-01 11:20:00,2009-12,True,42
13511,2010-02-01 12:10:00,,2010-02,False,
13512,2010-05-05 13:22:00,2010-08-16 09:15:00,2010-05,True,103
13513,2010-02-22 16:36:00,2010-09-24 16:25:00,2010-02,True,214
13514,2010-01-26 15:11:00,2010-05-09 10:38:00,2010-01,True,103
13515,2010-03-05 11:58:00,2010-09-16 15:07:00,2010-03,True,195
13516,2010-10-18 08:52:00,2011-04-15 11:06:00,2010-10,True,179
13517,2011-06-13 08:44:00,2011-08-25 11:40:00,2011-06,True,73
13518,2011-09-15 10:29:00,,2011-09,False,
13519,2010-09-23 11:45:00,2011-09-22 18:24:00,2010-09,True,364
13520,2009-12-17 11:11:00,2010-02-11 09:41:00,2009-12,True,56
13521,2011-11-29 15:09:00,2011-12-04 14:55:00,2011-11,True,5
13522,2011-11-09 15:11:00,,2011-11,False,
13523,2010-11-02 14:55:00,2010-12-08 14:22:00,2010-11,True,36
13524,2011-05-04 12:26:00,2011-06-19 15:56:00,2011-05,True,46
13525,2011-04-05 15:36:00,2011-11-25 12:01:00,2011-04,True,234
13526,2009-12-01 12:56:00,2009-12-01 13:13:00,2009-12,True,0
13527,2010-01-21 12:37:00,2010-01-24 12:31:00,2010-01,True,3
13529,2011-05-19 11:50:00,2011-09-22 09:15:00,2011-05,True,126
13530,2010-03-15 14:10:00,,2010-03,False,
13531,2009-12-03 15:20:00,2010-04-23 10:48:00,2009-12,True,141
13532,2011-11-06 12:25:00,,2011-11,False,
13533,2011-03-17 12:47:00,2011-03-17 12:53:00,2011-03,True,0
13534,2010-07-07 15:00:00,2010-07-23 11:29:00,2010-07,True,16
13535,2010-11-02 11:49:00,,2010-11,False,
13536,2011-09-25 13:30:00,2011-10-18 08:12:00,2011-09,True,23
13537,2010-09-14 10:41:00,2010-10-10 12:45:00,2010-09,True,26
13538,2010-02-02 12:47:00,2010-02-21 16:09:00,2010-02,True,19
13539,2010-04-28 12:04:00,2010-05-07 09:53:00,2010-04,True,9
13540,2010-02-22 09:22:00,2010-02-22 09:24:00,2010-02,True,0
13541,2010-05-18 16:15:00,2010-10-08 16:37:00,2010-05,True,143
13542,2009-12-10 19:53:00,2009-12-20 11:50:00,2009-12,True,10
13543,2010-01-21 14:30:00,2010-03-15 13:34:00,2010-01,True,53
13544,2010-03-05 11:31:00,2010-06-01 11:38:00,2010-03,True,88
13545,2010-06-13 11:49:00,2010-11-14 11:27:00,2010-06,True,154
13546,2010-10-11 17:23:00,2010-11-22 17:33:00,2010-10,True,42
13547,2010-10-27 14:14:00,,2010-10,False,
13548,2010-08-25 13:44:00,2011-04-10 11:35:00,2010-08,True,228
13549,2010-11-17 12:17:00,2011-04-11 13:42:00,2010-11,True,145
13550,2010-11-21 15:24:00,,2010-11,False,
13551,2010-02-11 15:01:00,2011-01-24 14:46:00,2010-02,True,347
13552,2010-02-19 13:28:00,2010-02-19 13:29:00,2010-02,True,0
13553,2010-02-03 12:21:00,,2010-02,False,
13554,2010-09-19 12:39:00,2010-09-28 16:25:00,2010-09,True,9
13555,2010-01-19 13:20:00,2010-01-19 13:33:00,2010-01,True,0
13556,2010-09-30 09:01:00,2010-10-06 16:44:00,2010-09,True,6
13557,2009-12-08 17:41:00,2009-12-17 14:01:00,2009-12,True,9
13558,2011-10-02 13:01:00,2011-10-09 11:15:00,2011-10,True,7
13559,2010-06-14 11:52:00,2010-07-15 09:52:00,2010-06,True,31
13560,2011-12-02 13:11:00,,2011-12,False,
13561,2010-02-28 13:42:00,2010-03-07 14:25:00,2010-02,True,7
13562,2010-01-14 16:33:00,2010-02-03 15:52:00,2010-01,True,20
13563,2011-07-22 17:21:00,2011-09-16 14:45:00,2011-07,True,56
13564,2009-12-02 11:55:00,2009-12-07 12:08:00,2009-12,True,5
13565,2010-10-24 15:51:00,2011-01-09 14:28:00,2010-10,True,77
13566,2010-03-10 12:22:00,2010-07-18 12:20:00,2010-03,True,130
13567,2010-06-16 12:48:00,2010-08-24 14:20:00,2010-06,True,69
13568,2011-06-19 14:42:00,,2011-06,False,
13569,2010-10-07 13:05:00,2010-11-23 12:54:00,2010-10,True,47
13570,2011-04-10 13:36:00,,2011-04,False,
13571,2009-12-08 13:02:00,2010-02-21 14:57:00,2009-12,True,75
13572,2011-05-18 11:59:00,,2011-05,False,
13573,2010-03-12 16:06:00,2010-09-16 15:46:00,2010-03,True,188
13574,2010-10-24 13:28:00,,2010-10,False,
13575,2011-06-16 14:24:00,2011-07-29 11:28:00,2011-06,True,43
13576,2009-12-08 15:12:00,2010-01-13 11:57:00,2009-12,True,36
13577,2009-12-14 16:10:00,2009-12-15 11:56:00,2009-12,True,1
13578,2010-10-26 13:44:00,,2010-10,False,
13579,2010-02-18 13:53:00,2010-09-10 12:24:00,2010-02,True,204
13580,2010-10-29 15:01:00,,2010-10,False,
13581,2010-10-21 16:30:00,2011-02-03 14:41:00,2010-10,True,105
13582,2010-04-01 11:38:00,2010-11-15 11:34:00,2010-04,True,228
13583,2010-01-29 13:53:00,2011-07-07 10:40:00,2010-01,True,524
13584,2010-02-02 08:40:00,2010-07-29 13:36:00,2010-02,True,177
13585,2009-12-01 14:56:00,2010-05-10 16:04:00,2009-12,True,160
13586,2010-06-16 13:47:00,,2010-06,False,
13587,2010-02-14 13:17:00,2010-09-16 13:50:00,2010-02,True,214
13588,2011-03-29 15:53:00,2011-07-26 09:27:00,2011-03,True,119
13589,2009-12-06 10:26:00,2010-05-09 11:16:00,2009-12,True,154
13590,2009-12-01 13:37:00,2010-01-27 12:50:00,2009-12,True,57
13591,2009-12-14 15:44:00,2010-04-15 17:24:00,2009-12,True,122
13592,2011-03-20 14:01:00,2011-05-10 15:48:00,2011-03,True,51
13593,2010-03-02 16:36:00,2010-03-02 17:10:00,2010-03,True,0
13594,2010-08-11 10:23:00,2011-10-18 10:19:00,2010-08,True,433
13595,2010-03-03 14:42:00,2010-05-09 10:47:00,2010-03,True,67
13596,2011-11-27 11:57:00,2011-12-04 12:01:00,2011-11,True,7
13597,2010-11-02 09:30:00,2010-11-04 14:54:00,2010-11,True,2
13598,2010-02-26 11:22:00,2010-02-26 11:26:00,2010-02,True,0
13599,2009-12-01 12:30:00,2009-12-15 16:34:00,2009-12,True,14
13600,2010-03-15 17:16:00,2011-01-31 15:27:00,2010-03,True,322
13601,2010-06-11 15:03:00,2010-11-12 15:20:00,2010-06,True,154
13602,2010-05-28 11:49:00,2010-09-30 11:51:00,2010-05,True,125
13603,2011-11-13 15:57:00,,2011-11,False,
13604,2010-02-19 12:02:00,,2010-02,False,
13605,2010-05-17 15:46:00,2010-11-17 17:16:00,2010-05,True,184
13606,2011-02-01 11:42:00,2011-04-10 12:52:00,2011-02,True,68
13607,2010-11-02 11:48:00,2011-10-30 16:17:00,2010-11,True,362
13608,2010-06-17 12:28:00,,2010-06,False,
13609,2010-04-25 13:26:00,,2010-04,False,
13610,2010-01-05 14:12:00,2010-01-26 14:05:00,2010-01,True,21
13611,2009-12-03 07:57:00,2010-03-24 11:52:00,2009-12,True,111
13612,2010-03-17 12:14:00,,2010-03,False,
13613,2010-02-17 12:40:00,2010-03-23 15:52:00,2010-02,True,34
13614,2010-06-06 13:42:00,2010-11-11 12:20:00,2010-06,True,158
13615,2010-01-28 15:43:00,2010-03-28 13:40:00,2010-01,True,59
13616,2010-01-17 14:56:00,2010-05-20 12:59:00,2010-01,True,123
13617,2010-08-01 15:23:00,2010-09-05 15:47:00,2010-08,True,35
13618,2011-06-19 11:09:00,,2011-06,False,
13619,2010-02-03 14:16:00,2010-06-13 11:39:00,2010-02,True,130
13620,2010-06-29 15:02:00,,2010-06,False,
13621,2011-08-15 08:26:00,,2011-08,False,
13622,2010-01-12 13:22:00,,2010-01,False,
13623,2009-12-02 13:57:00,2010-01-21 13:21:00,2009-12,True,50
13624,2010-11-16 13:43:00,,2010-11,False,
13625,2010-04-22 10:50:00,,2010-04,False,
13626,2010-11-25 16:12:00,2011-04-01 10:05:00,2010-11,True,127
13627,2010-03-09 14:03:00,2010-08-08 14:32:00,2010-03,True,152
13628,2010-02-01 14:44:00,,2010-02,False,
13629,2010-02-11 17:34:00,2010-04-14 13:24:00,2010-02,True,62
13630,2011-02-27 12:49:00,2011-04-08 15:49:00,2011-02,True,40
13631,2011-03-17 17:13:00,2011-05-17 16:21:00,2011-03,True,61
13632,2010-04-07 10:59:00,2010-05-12 15:02:00,2010-04,True,35
13634,2010-01-10 14:26:00,2010-01-17 14:07:00,2010-01,True,7
13635,2009-12-01 09:46:00,2009-12-15 12:13:00,2009-12,True,14
13636,2011-02-27 14:29:00,2011-03-24 09:50:00,2011-02,True,25
13637,2011-04-27 13:06:00,2011-06-05 13:24:00,2011-04,True,39
13638,2011-11-24 10:38:00,,2011-11,False,
13639,2010-09-29 10:05:00,2011-09-26 13:36:00,2010-09,True,362
13640,2010-04-07 15:33:00,,2010-04,False,
13641,2009-12-05 13:17:00,2009-12-16 12:24:00,2009-12,True,11
13642,2010-10-03 12:23:00,2010-10-03 12:29:00,2010-10,True,0
13643,2009-12-08 12:48:00,2010-03-09 09:15:00,2009-12,True,91
13644,2011-08-26 11:53:00,2011-09-27 10:27:00,2011-08,True,32
13645,2011-08-11 16:11:00,,2011-08,False,
13646,2010-11-05 12:00:00,2010-11-05 12:13:00,2010-11,True,0
13647,2010-04-15 12:55:00,2010-05-23 10:54:00,2010-04,True,38
13648,2009-12-01 18:13:00,2010-02-07 14:11:00,2009-12,True,68
13649,2010-06-30 16:35:00,2010-07-15 12:36:00,2010-06,True,15
13650,2010-01-26 08:44:00,2010-05-18 13:26:00,2010-01,True,112
13651,2010-11-23 09:44:00,2011-10-31 12:11:00,2010-11,True,342
13652,2010-02-25 17:37:00,2010-10-07 14:28:00,2010-02,True,224
13653,2010-08-09 08:19:00,,2010-08,False,
13654,2009-12-02 11:43:00,2010-03-03 16:21:00,2009-12,True,91
13655,2010-04-27 09:59:00,2010-04-29 10:38:00,2010-04,True,2
13656,2010-04-23 12:50:00,2010-07-28 10:48:00,2010-04,True,96
13657,2011-05-22 12:35:00,2011-11-29 12:32:00,2011-05,True,191
13658,2010-02-05 13:17:00,2010-06-10 15:22:00,2010-02,True,125
13659,2010-02-17 09:05:00,2010-03-11 10:52:00,2010-02,True,22
13660,2010-11-04 16:10:00,,2010-11,False,
13661,2010-04-15 14:58:00,,2010-04,False,
13662,2010-02-19 13:21:00,2010-02-19 13:23:00,2010-02,True,0
13663,2010-03-03 10:11:00,2010-10-13 14:57:00,2010-03,True,224
13665,2010-07-23 13:29:00,2010-10-13 14:46:00,2010-07,True,82
13666,2009-12-04 10:48:00,2010-10-15 15:46:00,2009-12,True,315
13667,2011-07-13 15:42:00,,2011-07,False,
13668,2009-12-11 14:28:00,2010-01-20 12:06:00,2009-12,True,40
13669,2010-10-28 15:05:00,2011-07-13 11:44:00,2010-10,True,258
13670,2011-09-25 15:25:00,,2011-09,False,
13671,2010-11-10 10:50:00,,2010-11,False,
13672,2009-12-09 11:40:00,2011-01-11 13:54:00,2009-12,True,398
13673,2011-11-07 15:40:00,2011-11-21 12:11:00,2011-11,True,14
13674,2010-10-03 10:41:00,,2010-10,False,
13675,2011-02-28 12:14:00,2011-07-11 12:57:00,2011-02,True,133
13676,2010-03-30 16:53:00,2010-06-18 17:30:00,2010-03,True,80
13677,2010-07-07 17:25:00,2010-10-31 11:32:00,2010-07,True,116
13678,2011-07-11 10:14:00,,2011-07,False,
13679,2009-12-04 16:52:00,2010-04-19 17:11:00,2009-12,True,136
13680,2009-12-04 14:14:00,2009-12-09 13:44:00,2009-12,True,5
13681,2011-07-07 15:21:00,2011-10-02 11:41:00,2011-07,True,87
13682,2011-06-05 14:06:00,,2011-06,False,
13683,2010-09-08 10:00:00,,2010-09,False,
13684,2010-03-28 14:48:00,2010-05-26 13:23:00,2010-03,True,59
13685,2011-10-10 12:59:00,2011-10-17 10:17:00,2011-10,True,7
13686,2010-11-03 13:44:00,2010-11-24 14:44:00,2010-11,True,21
13687,2010-09-27 16:30:00,,2010-09,False,
13688,2010-03-14 14:11:00,,2010-03,False,
13689,2010-09-21 10:27:00,2011-10-07 13:21:00,2010-09,True,381
13690,2011-10-11 15:03:00,,2011-10,False,
13691,2010-11-08 17:34:00,,2010-11,False,
13692,2010-10-15 13:28:00,2010-10-27 09:57:00,2010-10,True,12
13693,2009-12-07 11:29:00,2009-12-10 10:42:00,2009-12,True,3
13694,2009-12-04 15:26:00,2009-12-04 15:27:00,2009-12,True,0
13695,2010-05-11 11:07:00,2011-03-25 11:31:00,2010-05,True,318
13696,2010-02-11 14:17:00,2010-04-27 11:53:00,2010-02,True,75
13697,2011-11-01 09:14:00,,2011-11,False,
13698,2010-01-27 09:02:00,2010-04-22 11:52:00,2010-01,True,85
13699,2010-06-07 13:03:00,2011-07-07 16:51:00,2010-06,True,395
13700,2010-02-07 10:53:00,2010-02-09 16:01:00,2010-02,True,2
13701,2010-09-19 12:39:00,,2010-09,False,
13702,2010-09-20 11:40:00,,2010-09,False,
13703,2010-10-20 13:11:00,2011-01-25 13:10:00,2010-10,True,97
13704,2011-09-12 14:40:00,2011-09-13 15:41:00,2011-09,True,1
13705,2010-03-25 17:19:00,2010-06-18 14:47:00,2010-03,True,85
13706,2010-03-23 09:18:00,2011-02-10 09:21:00,2010-03,True,324
13707,2010-06-21 11:57:00,2010-10-06 10:04:00,2010-06,True,107
13708,2011-03-13 13:46:00,,2011-03,False,
13709,2010-01-11 10:40:00,2010-03-31 10:49:00,2010-01,True,79
13710,2010-04-06 12:54:00,2010-10-12 10:22:00,2010-04,True,189
13711,2009-12-15 19:04:00,2010-01-07 18:34:00,2009-12,True,23
13712,2010-04-08 11:16:00,2011-04-07 12:33:00,2010-04,True,364
13713,2010-05-05 16:48:00,2010-08-25 16:11:00,2010-05,True,112
13714,2010-08-31 13:57:00,,2010-08,False,
13715,2010-03-11 15:33:00,2010-04-28 14:53:00,2010-03,True,48
13716,2011-03-15 13:49:00,,2011-03,False,
13717,2010-08-11 09:40:00,2010-09-08 16:17:00,2010-08,True,28
13718,2011-02-17 11:58:00,2011-04-07 13:24:00,2011-02,True,49
13719,2010-05-17 14:36:00,2010-06-01 16:06:00,2010-05,True,15
13720,2011-03-30 09:17:00,2011-04-15 15:17:00,2011-03,True,16
13721,2010-11-09 17:59:00,2011-11-03 14:05:00,2010-11,True,359
13722,2010-03-03 14:13:00,2010-07-27 10:48:00,2010-03,True,146
13723,2010-04-07 14:32:00,2010-05-28 11:53:00,2010-04,True,51
13724,2010-03-12 15:28:00,,2010-03,False,
13725,2011-02-04 12:18:00,2011-02-07 15:14:00,2011-02,True,3
13726,2011-08-31 11:06:00,2011-11-01 10:49:00,2011-08,True,62
13727,2009-12-09 13:25:00,2010-01-07 11:47:00,2009-12,True,29
13728,2009-12-09 17:13:00,2010-01-08 11:13:00,2009-12,True,30
13729,2010-01-24 14:57:00,2010-09-27 10:50:00,2010-01,True,246
13730,2011-07-01 12:47:00,2011-07-27 08:35:00,2011-07,True,26
13731,2011-04-07 10:10:00,2011-05-04 14:33:00,2011-04,True,27
13732,2011-11-11 15:49:00,,2011-11,False,
13733,2009-12-04 15:28:00,2010-10-25 12:18:00,2009-12,True,325
13734,2010-04-16 08:42:00,2010-07-09 13:53:00,2010-04,True,84
13735,2009-12-13 13:31:00,2010-01-21 13:33:00,2009-12,True,39
13736,2009-12-06 12:07:00,2010-06-13 11:36:00,2009-12,True,189
13737,2011-05-23 16:32:00,,2011-05,False,
13738,2010-11-08 15:23:00,,2010-11,False,
13739,2010-06-30 10:25:00,2011-11-21 13:35:00,2010-06,True,509
13740,2009-12-02 12:22:00,2010-05-12 09:39:00,2009-12,True,161
13741,2011-05-06 13:43:00,2011-06-09 07:53:00,2011-05,True,34
13742,2011-01-23 14:59:00,2011-02-13 12:03:00,2011-01,True,21
13743,2011-03-25 14:46:00,2011-05-06 14:32:00,2011-03,True,42
13744,2011-02-20 14:08:00,2011-09-05 15:19:00,2011-02,True,197
13745,2010-06-11 17:19:00,2011-06-30 16:43:00,2010-06,True,384
13746,2010-10-22 11:55:00,,2010-10,False,
13747,2010-10-11 09:15:00,2010-12-01 10:37:00,2010-10,True,51
13748,2009-12-01 16:44:00,2010-10-18 09:10:00,2009-12,True,321
13750,2010-04-01 14:49:00,2010-05-06 11:22:00,2010-04,True,35
13751,2011-02-24 15:56:00,,2011-02,False,
13752,2010-06-30 10:23:00,2011-04-07 12:04:00,2010-06,True,281
13753,2009-12-03 10:20:00,2010-02-26 12:10:00,2009-12,True,85
13754,2010-09-28 15:29:00,2011-01-26 14:58:00,2010-09,True,120
13755,2011-10-07 15:45:00,2011-10-20 10:15:00,2011-10,True,13
13756,2009-12-15 15:18:00,2010-01-20 16:00:00,2009-12,True,36
13757,2010-02-03 12:37:00,,2010-02,False,
13758,2009-12-01 10:06:00,2009-12-15 12:43:00,2009-12,True,14
13759,2011-09-29 15:40:00,2011-11-06 14:47:00,2011-09,True,38
13760,2010-04-25 13:10:00,2010-06-22 13:19:00,2010-04,True,58
13761,2010-02-21 11:08:00,2010-05-14 09:36:00,2010-02,True,82
13762,2010-01-10 12:13:00,2010-02-28 11:54:00,2010-01,True,49
13763,2010-09-30 17:39:00,2010-10-18 13:25:00,2010-09,True,18
13764,2010-03-07 12:56:00,2010-03-07 13:08:00,2010-03,True,0
13765,2010-02-24 13:46:00,,2010-02,False,
13766,2010-08-01 14:25:00,,2010-08,False,
13767,2009-12-01 10:52:00,2009-12-07 16:17:00,2009-12,True,6
13768,2009-12-09 10:25:00,2009-12-13 10:41:00,2009-12,True,4
13769,2009-12-16 11:59:00,2010-02-19 10:41:00,2009-12,True,65
13770,2009-12-09 14:44:00,2010-03-04 10:41:00,2009-12,True,85
13771,2010-02-25 12:37:00,2010-05-27 12:15:00,2010-02,True,91
13772,2010-02-23 13:55:00,2010-05-06 11:49:00,2010-02,True,72
13773,2010-02-18 10:27:00,2010-11-08 11:49:00,2010-02,True,263
13774,2011-09-19 12:06:00,,2011-09,False,
13775,2010-04-28 12:15:00,,2010-04,False,
13777,2009-12-02 09:47:00,2009-12-02 09:49:00,2009-12,True,0
13778,2010-05-23 13:34:00,2010-06-24 12:13:00,2010-05,True,32
13779,2010-07-12 11:24:00,,2010-07,False,
13780,2010-10-28 19:51:00,2011-06-22 11:43:00,2010-10,True,237
13781,2009-12-18 15:46:00,2010-04-26 14:30:00,2009-12,True,129
13782,2009-12-06 12:52:00,2010-01-17 13:29:00,2009-12,True,42
13783,2010-02-04 13:47:00,2010-03-10 11:21:00,2010-02,True,34
13784,2010-09-15 12:27:00,2010-09-26 11:50:00,2010-09,True,11
13785,2010-09-05 16:01:00,2010-09-06 10:37:00,2010-09,True,1
13786,2009-12-03 15:32:00,2010-03-15 16:36:00,2009-12,True,102
13787,2010-01-14 10:13:00,2010-02-22 11:42:00,2010-01,True,39
13788,2010-07-22 15:50:00,,2010-07,False,
13789,2010-11-16 15:31:00,,2010-11,False,
13790,2011-12-05 15:48:00,,2011-12,False,
13791,2011-06-24 16:38:00,2011-08-04 11:44:00,2011-06,True,41
13792,2010-10-13 11:05:00,2011-02-25 14:03:00,2010-10,True,135
13793,2010-03-03 08:25:00,,2010-03,False,
13794,2010-06-11 12:30:00,,2010-06,False,
13795,2010-03-12 12:44:00,2010-07-21 11:39:00,2010-03,True,131
13796,2010-07-28 14:45:00,,2010-07,False,
13797,2010-03-02 12:17:00,2010-05-20 12:53:00,2010-03,True,79
13798,2009-12-08 16:21:00,2009-12-15 15:16:00,2009-12,True,7
13799,2010-03-05 16:39:00,2010-04-11 12:05:00,2010-03,True,37
13800,2009-12-03 10:03:00,2010-10-05 14:19:00,2009-12,True,306
13801,2011-10-04 10:15:00,,2011-10,False,
13802,2010-02-16 10:11:00,2010-03-14 12:01:00,2010-02,True,26
13803,2010-03-31 10:00:00,2010-10-04 10:52:00,2010-03,True,187
13804,2010-09-29 10:26:00,2010-09-30 16:20:00,2010-09,True,1
13805,2011-08-02 15:29:00,2011-10-18 14:50:00,2011-08,True,77
13806,2011-10-07 11:43:00,,2011-10,False,
13807,2009-12-04 12:41:00,2010-05-14 14:53:00,2009-12,True,161
13808,2011-09-04 12:07:00,2011-09-07 12:10:00,2011-09,True,3
13809,2010-09-05 11:42:00,2010-11-10 09:35:00,2010-09,True,66
13810,2011-10-14 12:57:00,2011-11-11 08:33:00,2011-10,True,28
13811,2011-04-14 18:40:00,2011-06-09 09:54:00,2011-04,True,56
13812,2011-08-26 12:54:00,2011-10-06 14:37:00,2011-08,True,41
13813,2009-12-06 10:16:00,2010-02-10 13:04:00,2009-12,True,66
13814,2010-06-30 14:12:00,2011-07-25 13:54:00,2010-06,True,390
13815,2010-02-12 10:26:00,2010-06-07 09:37:00,2010-02,True,115
13816,2011-10-06 14:37:00,2011-11-16 08:38:00,2011-10,True,41
13817,2010-12-23 11:46:00,2011-11-10 17:49:00,2010-12,True,322
13818,2010-10-06 12:35:00,,2010-10,False,
13819,2009-12-01 16:18:00,2009-12-11 14:33:00,2009-12,True,10
13820,2010-01-28 12:26:00,2010-03-03 11:57:00,2010-01,True,34
13821,2010-01-04 13:36:00,2010-01-07 12:37:00,2010-01,True,3
13822,2011-10-30 15:55:00,2011-12-04 12:13:00,2011-10,True,35
13823,2009-12-15 14:34:00,2010-02-05 09:49:00,2009-12,True,52
13824,2010-03-12 15:17:00,2010-04-29 12:30:00,2010-03,True,48
13825,2009-12-09 14:30:00,2010-03-28 11:02:00,2009-12,True,109
13826,2011-06-16 13:48:00,,2011-06,False,
13827,2011-07-19 15:38:00,2011-07-29 11:45:00,2011-07,True,10
13828,2011-11-17 16:02:00,,2011-11,False,
13829,2010-10-14 18:19:00,,2010-10,False,
13830,2010-05-07 12:24:00,,2010-05,False,
13831,2009-12-10 14:50:00,2009-12-16 12:41:00,2009-12,True,6
13832,2010-10-13 14:41:00,2011-11-20 15:36:00,2010-10,True,403
13833,2010-10-31 14:11:00,2011-07-03 13:27:00,2010-10,True,245
13834,2010-02-08 12:52:00,2010-05-12 10:27:00,2010-02,True,93
13835,2010-03-04 08:26:00,2010-03-24 12:32:00,2010-03,True,20
13836,2010-10-21 13:27:00,2010-11-05 13:31:00,2010-10,True,15
13837,2011-01-26 12:15:00,2011-05-12 12:10:00,2011-01,True,106
13838,2010-05-09 11:40:00,2010-10-03 12:07:00,2010-05,True,147
13839,2010-08-10 13:52:00,,2010-08,False,
13840,2010-10-19 13:34:00,,2010-10,False,
13841,2011-04-01 12:10:00,,2011-04,False,
13842,2010-02-16 15:54:00,2010-02-16 15:55:00,2010-02,True,0
13843,2010-11-23 17:48:00,,2010-11,False,
13844,2011-11-28 13:21:00,,2011-11,False,
13845,2011-10-06 08:25:00,,2011-10,False,
13846,2010-11-05 09:47:00,2010-12-14 16:07:00,2010-11,True,39
13847,2009-12-20 10:41:00,,2009-12,False,
13848,2009-12-09 16:17:00,2010-03-21 12:01:00,2009-12,True,102
13849,2010-03-25 12:03:00,2010-10-01 14:57:00,2010-03,True,190
13850,2011-08-02 14:04:00,,2011-08,False,
13851,2010-01-29 11:54:00,2010-09-24 09:41:00,2010-01,True,238
13852,2010-04-08 09:06:00,,2010-04,False,
13853,2011-10-13 14:18:00,,2011-10,False,
13854,2010-01-08 11:28:00,2010-02-02 12:03:00,2010-01,True,25
13855,2009-12-08 16:56:00,2009-12-18 14:54:00,2009-12,True,10
13856,2010-03-30 15:40:00,2010-04-20 11:57:00,2010-03,True,21
13857,2010-05-17 14:21:00,2010-08-08 12:16:00,2010-05,True,83
13858,2011-10-13 16:17:00,,2011-10,False,
13859,2010-06-28 15:36:00,2011-01-17 16:14:00,2010-06,True,203
13860,2011-09-14 09:27:00,2011-10-18 14:34:00,2011-09,True,34
13861,2010-06-27 11:37:00,2010-10-06 14:20:00,2010-06,True,101
13862,2010-11-15 13:43:00,2011-01-11 15:13:00,2010-11,True,57
13863,2010-04-25 13:09:00,2010-06-15 13:12:00,2010-04,True,51
13864,2010-11-18 12:50:00,,2010-11,False,
13865,2011-02-23 12:04:00,2011-06-06 08:04:00,2011-02,True,103
13866,2011-09-26 14:54:00,,2011-09,False,
13867,2011-05-05 17:28:00,2011-09-26 12:23:00,2011-05,True,144
13868,2011-11-01 12:45:00,2011-12-02 16:32:00,2011-11,True,31
13869,2010-01-17 14:53:00,2010-03-23 14:22:00,2010-01,True,65
13870,2010-02-08 12:08:00,2010-05-06 16:50:00,2010-02,True,87
13871,2009-12-20 13:09:00,2010-03-28 10:51:00,2009-12,True,98
13872,2009-12-14 09:56:00,2010-03-23 13:34:00,2009-12,True,99
13873,2010-03-03 12:31:00,2010-05-14 12:17:00,2010-03,True,72
13874,2010-02-04 18:39:00,2010-03-09 12:25:00,2010-02,True,33
13875,2009-12-17 10:30:00,2010-02-04 10:37:00,2009-12,True,49
13876,2011-10-07 10:22:00,,2011-10,False,
13877,2010-01-19 10:53:00,2010-08-26 17:19:00,2010-01,True,219
13878,2010-04-14 13:50:00,2010-05-13 12:07:00,2010-04,True,29
13879,2010-03-04 10:49:00,,2010-03,False,
13880,2010-05-26 14:29:00,2010-08-10 15:31:00,2010-05,True,76
13881,2010-03-04 14:41:00,2010-03-19 10:44:00,2010-03,True,15
13882,2011-10-06 15:28:00,2011-10-27 12:53:00,2011-10,True,21
13883,2010-02-28 12:53:00,2010-03-15 10:03:00,2010-02,True,15
13884,2010-08-26 19:57:00,2010-11-07 16:19:00,2010-08,True,73
13885,2011-05-23 08:52:00,2011-06-03 15:07:00,2011-05,True,11
13886,2011-09-29 13:17:00,,2011-09,False,
13887,2011-05-19 17:22:00,,2011-05,False,
13888,2010-05-13 11:57:00,2010-05-13 11:57:00,2010-05,True,0
13889,2010-01-22 14:32:00,2010-02-26 13:28:00,2010-01,True,35
13890,2009-12-06 15:15:00,2010-03-03 16:33:00,2009-12,True,87
13891,2010-05-06 16:02:00,2010-10-21 13:23:00,2010-05,True,168
13892,2010-05-13 10:32:00,2010-08-19 09:07:00,2010-05,True,98
13893,2011-02-15 11:30:00,,2011-02,False,
13894,2011-02-02 12:54:00,2011-11-16 09:43:00,2011-02,True,287
13895,2009-12-03 13:09:00,2010-07-12 10:46:00,2009-12,True,221
13896,2010-03-24 08:55:00,,2010-03,False,
13897,2010-01-31 13:48:00,2010-09-27 13:36:00,2010-01,True,239
13898,2010-10-24 15:42:00,2011-01-18 10:28:00,2010-10,True,86
13899,2011-03-10 09:30:00,2011-11-23 13:40:00,2011-03,True,258
13900,2010-03-25 13:46:00,2010-07-23 14:38:00,2010-03,True,120
13901,2010-01-05 09:29:00,2010-02-17 09:53:00,2010-01,True,43
13902,2009-12-15 10:02:00,2010-01-21 15:11:00,2009-12,True,37
13903,2010-11-04 17:44:00,,2010-11,False,
13904,2011-02-18 11:18:00,2011-11-02 13:41:00,2011-02,True,257
13905,2009-12-07 11:41:00,,2009-12,False,
13906,2010-10-26 15:00:00,,2010-10,False,
13907,2010-01-17 12:22:00,,2010-01,False,
13908,2011-03-08 12:04:00,2011-05-09 10:24:00,2011-03,True,62
13909,2010-07-06 16:52:00,2010-10-12 17:22:00,2010-07,True,98
13911,2010-03-01 16:31:00,2010-03-08 15:15:00,2010-03,True,7
13912,2010-10-12 08:43:00,,2010-10,False,
13913,2010-07-21 10:11:00,,2010-07,False,
13914,2011-11-03 16:28:00,2011-11-28 10:35:00,2011-11,True,25
13915,2010-11-10 15:17:00,,2010-11,False,
13916,2010-02-02 10:06:00,2010-06-02 13:44:00,2010-02,True,120
13917,2011-06-01 12:46:00,2011-10-21 09:56:00,2011-06,True,142
13918,2011-03-31 18:05:00,2011-10-21 12:25:00,2011-03,True,204
13919,2010-06-17 09:30:00,2010-10-11 11:53:00,2010-06,True,116
13920,2010-05-26 15:48:00,2010-08-06 12:13:00,2010-05,True,72
13921,2009-12-18 12:19:00,2010-06-17 11:40:00,2009-12,True,181
13922,2010-08-29 14:36:00,2010-09-28 17:26:00,2010-08,True,30
13923,2011-10-17 12:33:00,,2011-10,False,
13924,2011-09-28 15:07:00,2011-10-26 13:44:00,2011-09,True,28
13925,2011-07-28 12:09:00,2011-08-10 12:41:00,2011-07,True,13
13926,2011-11-16 13:16:00,,2011-11,False,
13927,2010-09-28 16:12:00,2011-09-26 12:00:00,2010-09,True,363
13928,2011-07-29 15:59:00,2011-08-25 12:13:00,2011-07,True,27
13929,2010-01-14 07:25:00,2010-02-19 11:54:00,2010-01,True,36
13930,2011-07-26 11:00:00,2011-10-13 09:45:00,2011-07,True,79
13931,2009-12-03 10:26:00,2009-12-03 10:28:00,2009-12,True,0
13932,2011-02-18 12:02:00,,2011-02,False,
13933,2011-07-14 13:35:00,2011-08-22 14:03:00,2011-07,True,39
13934,2011-03-21 08:39:00,,2011-03,False,
13935,2010-02-25 16:01:00,2010-03-17 10:16:00,2010-02,True,20
13936,2010-10-21 14:21:00,2010-11-22 10:34:00,2010-10,True,32
13937,2010-11-02 12:37:00,2011-06-23 16:35:00,2010-11,True,233
13938,2011-11-04 14:37:00,,2011-11,False,
13939,2010-04-06 12:43:00,2010-04-19 12:49:00,2010-04,True,13
13940,2011-07-18 16:05:00,2011-08-15 12:47:00,2011-07,True,28
13941,2009-12-16 16:10:00,2010-01-27 11:53:00,2009-12,True,42
13942,2010-06-23 12:35:00,,2010-06,False,
13943,2010-05-11 11:30:00,,2010-05,False,
13944,2010-02-24 15:02:00,,2010-02,False,
13945,2010-08-17 09:59:00,2010-11-10 10:00:00,2010-08,True,85
13946,2009-12-04 11:07:00,2010-03-15 11:00:00,2009-12,True,101
13947,2011-10-05 14:42:00,,2011-10,False,
13948,2009-12-04 12:14:00,2010-03-01 12:16:00,2009-12,True,87
13949,2011-09-06 11:55:00,2011-09-23 10:14:00,2011-09,True,17
13950,2011-04-07 11:29:00,2011-09-27 14:52:00,2011-04,True,173
13951,2011-02-18 15:21:00,2011-04-17 13:20:00,2011-02,True,58
13952,2009-12-16 09:41:00,2010-02-18 18:20:00,2009-12,True,64
13953,2009-12-11 12:58:00,2010-02-04 12:26:00,2009-12,True,55
13954,2011-09-30 10:52:00,2011-12-08 12:50:00,2011-09,True,69
13955,2010-11-29 17:35:00,2011-02-07 12:24:00,2010-11,True,70
13956,2011-03-13 12:51:00,2011-04-10 16:04:00,2011-03,True,28
13957,2010-02-19 10:32:00,2010-05-16 14:50:00,2010-02,True,86
13958,2009-12-05 13:12:00,2009-12-05 13:13:00,2009-12,True,0
13959,2010-07-16 15:11:00,2010-10-11 14:15:00,2010-07,True,87
13960,2011-09-29 12:39:00,2011-11-18 15:27:00,2011-09,True,50
13961,2010-11-12 14:40:00,,2010-11,False,
13962,2010-09-30 10:35:00,2011-04-08 11:21:00,2010-09,True,190
13963,2010-04-21 16:20:00,2010-05-24 10:54:00,2010-04,True,33
13964,2010-10-05 12:38:00,2010-11-17 13:53:00,2010-10,True,43
13965,2010-01-05 15:21:00,2010-02-08 16:11:00,2010-01,True,34
13966,2010-09-30 13:08:00,,2010-09,False,
13967,2010-11-08 13:24:00,2011-07-17 12:02:00,2010-11,True,251
13968,2010-10-12 13:22:00,,2010-10,False,
13969,2010-03-25 13:15:00,2010-04-29 13:32:00,2010-03,True,35
13970,2010-09-28 11:53:00,2010-11-18 13:21:00,2010-09,True,51
13971,2010-01-26 09:51:00,2010-04-09 13:00:00,2010-01,True,73
13972,2011-05-22 11:34:00,2011-09-30 11:54:00,2011-05,True,131
13973,2011-02-25 15:21:00,,2011-02,False,
13974,2010-05-06 17:55:00,2011-10-21 14:41:00,2010-05,True,533
13975,2010-02-02 13:13:00,2010-03-29 13:10:00,2010-02,True,55
13976,2010-02-09 13:08:00,2010-04-28 15:54:00,2010-02,True,78
13977,2010-10-24 14:08:00,,2010-10,False,
13978,2011-10-25 15:04:00,2011-11-25 11:36:00,2011-10,True,31
13979,2009-12-03 10:02:00,2010-03-01 15:47:00,2009-12,True,88
13980,2010-02-21 14:18:00,2010-05-11 13:36:00,2010-02,True,79
13981,2010-10-20 10:03:00,,2010-10,False,
13982,2010-01-20 14:04:00,2010-02-24 13:04:00,2010-01,True,35
13983,2009-12-09 13:53:00,2010-01-14 16:24:00,2009-12,True,36
13984,2009-12-07 11:51:00,2009-12-07 11:52:00,2009-12,True,0
13985,2010-02-09 13:56:00,2010-05-26 13:46:00,2010-02,True,106
13986,2011-11-22 15:00:00,,2011-11,False,
13987,2010-11-04 09:54:00,2010-11-25 10:20:00,2010-11,True,21
13988,2010-03-24 11:05:00,2010-11-21 12:40:00,2010-03,True,242
13989,2010-05-25 12:13:00,2010-08-09 12:28:00,2010-05,True,76
13990,2011-05-10 15:19:00,,2011-05,False,
13991,2011-07-19 12:58:00,2011-09-25 13:47:00,2011-07,True,68
13992,2010-09-02 17:04:00,2010-11-24 15:42:00,2010-09,True,83
13993,2009-12-03 11:57:00,2010-02-09 12:52:00,2009-12,True,68
13994,2011-07-14 18:28:00,2011-08-26 11:35:00,2011-07,True,43
13995,2009-12-18 12:43:00,2010-03-02 09:11:00,2009-12,True,74
13996,2010-11-05 15:07:00,2010-11-18 16:27:00,2010-11,True,13
13997,2010-06-07 17:33:00,2010-07-08 17:51:00,2010-06,True,31
13998,2010-05-12 13:18:00,2010-07-16 15:50:00,2010-05,True,65
13999,2009-12-05 12:42:00,2009-12-16 10:56:00,2009-12,True,11
14000,2009-12-02 09:50:00,2010-04-22 11:59:00,2009-12,True,141
14001,2010-08-03 12:49:00,2010-08-27 09:35:00,2010-08,True,24
14002,2011-07-06 14:59:00,2011-07-28 15:55:00,2011-07,True,22
14003,2009-12-07 08:53:00,,2009-12,False,
14004,2010-09-30 09:39:00,2010-09-30 10:21:00,2010-09,True,0
14005,2011-05-08 10:33:00,2011-06-17 08:09:00,2011-05,True,40
14006,2010-02-25 09:45:00,2010-04-22 14:08:00,2010-02,True,56
14007,2010-07-15 09:06:00,,2010-07,False,
14008,2010-10-03 13:09:00,,2010-10,False,
14009,2010-09-03 12:08:00,2011-05-18 13:00:00,2010-09,True,257
14010,2010-05-23 12:46:00,2010-05-23 13:00:00,2010-05,True,0
14011,2010-04-11 13:40:00,2010-08-16 15:31:00,2010-04,True,127
14012,2011-03-07 12:26:00,,2011-03,False,
14013,2010-03-26 10:02:00,2010-11-24 16:16:00,2010-03,True,243
14014,2010-05-12 09:04:00,2010-11-28 14:56:00,2010-05,True,200
14015,2011-10-18 10:02:00,,2011-10,False,
14016,2010-01-08 14:12:00,2010-02-02 10:47:00,2010-01,True,25
14017,2010-05-17 14:52:00,,2010-05,False,
14018,2010-03-04 14:23:00,,2010-03,False,
14019,2011-07-24 15:39:00,2011-09-02 12:51:00,2011-07,True,40
14020,2010-06-28 15:29:00,2010-08-20 13:09:00,2010-06,True,53
14021,2010-04-26 11:22:00,2010-06-16 15:51:00,2010-04,True,51
14022,2010-08-10 09:38:00,2011-04-28 14:39:00,2010-08,True,261
14023,2011-04-03 15:50:00,2011-12-02 13:58:00,2011-04,True,243
14024,2010-11-14 10:51:00,2011-08-07 13:31:00,2010-11,True,266
14025,2010-05-05 09:56:00,2010-05-12 14:58:00,2010-05,True,7
14026,2010-03-24 14:10:00,2010-08-26 10:31:00,2010-03,True,155
14027,2011-10-10 09:01:00,,2011-10,False,
14028,2010-06-07 12:02:00,2010-06-07 12:09:00,2010-06,True,0
14029,2011-07-18 16:57:00,2011-10-07 14:46:00,2011-07,True,81
14030,2009-12-10 17:27:00,2009-12-10 18:36:00,2009-12,True,0
14031,2009-12-03 15:35:00,2009-12-11 17:00:00,2009-12,True,8
14032,2009-12-14 12:02:00,2009-12-21 13:29:00,2009-12,True,7
14033,2010-06-02 15:10:00,,2010-06,False,
14034,2011-07-05 13:06:00,2011-07-05 13:15:00,2011-07,True,0
14035,2010-04-06 12:39:00,2010-05-19 11:10:00,2010-04,True,43
14036,2011-02-28 09:26:00,,2011-02,False,
14037,2009-12-07 11:39:00,2010-01-24 10:50:00,2009-12,True,48
14038,2010-02-04 08:56:00,2010-11-07 14:52:00,2010-02,True,276
14039,2010-05-13 10:15:00,2011-11-06 13:48:00,2010-05,True,542
14040,2009-12-01 12:14:00,2009-12-17 12:39:00,2009-12,True,16
14041,2011-03-18 13:25:00,,2011-03,False,
14042,2009-12-14 15:07:00,,2009-12,False,
14043,2009-12-10 15:56:00,2010-08-05 18:18:00,2009-12,True,238
14044,2010-01-24 15:14:00,2010-02-28 15:01:00,2010-01,True,35
14045,2010-01-08 10:08:00,2010-03-05 15:36:00,2010-01,True,56
14046,2011-02-28 14:48:00,,2011-02,False,
14047,2010-02-01 10:05:00,2010-05-13 13:21:00,2010-02,True,101
14048,2010-11-22 14:08:00,2010-11-22 14:21:00,2010-11,True,0
14049,2010-04-01 14:52:00,2010-05-25 12:03:00,2010-04,True,54
14050,2011-08-25 13:46:00,2011-11-08 10:00:00,2011-08,True,75
14051,2009-12-03 11:53:00,2009-12-17 12:30:00,2009-12,True,14
14052,2010-11-14 11:37:00,2011-11-20 12:30:00,2010-11,True,371
14053,2010-08-10 11:02:00,2010-11-07 14:50:00,2010-08,True,89
14054,2011-10-05 15:49:00,,2011-10,False,
14055,2009-12-16 15:11:00,2010-05-11 10:24:00,2009-12,True,146
14056,2011-02-28 15:19:00,2011-03-10 16:16:00,2011-02,True,10
14057,2009-12-03 13:17:00,2010-04-13 11:38:00,2009-12,True,131
14058,2010-06-27 11:29:00,2010-09-03 09:31:00,2010-06,True,68
14059,2011-03-18 10:06:00,,2011-03,False,
14060,2010-03-11 09:47:00,2010-05-16 10:46:00,2010-03,True,66
14061,2009-12-01 18:03:00,2009-12-15 17:56:00,2009-12,True,14
14062,2009-12-10 14:28:00,2009-12-14 15:18:00,2009-12,True,4
14063,2009-12-08 13:46:00,2009-12-15 10:50:00,2009-12,True,7
14064,2010-01-21 13:22:00,2010-02-28 14:03:00,2010-01,True,38
14065,2010-10-04 12:03:00,2010-10-25 14:51:00,2010-10,True,21
14066,2011-03-18 12:21:00,,2011-03,False,
14067,2011-09-04 12:00:00,2011-10-07 10:21:00,2011-09,True,33
14068,2010-01-31 10:10:00,2010-02-28 15:05:00,2010-01,True,28
14069,2010-05-27 12:30:00,2010-07-13 12:12:00,2010-05,True,47
14070,2010-01-24 12:27:00,,2010-01,False,
14071,2011-03-20 11:33:00,2011-03-24 13:28:00,2011-03,True,4
14072,2010-02-11 12:31:00,,2010-02,False,
14073,2011-11-07 15:49:00,,2011-11,False,
14074,2010-03-26 13:55:00,,2010-03,False,
14075,2010-08-26 13:42:00,2010-11-01 13:15:00,2010-08,True,67
14076,2011-08-02 15:19:00,,2011-08,False,
14077,2010-11-09 16:01:00,2011-03-10 15:52:00,2010-11,True,121
14078,2010-03-28 15:05:00,2010-05-17 15:27:00,2010-03,True,50
14079,2011-08-07 12:10:00,,2011-08,False,
14080,2009-12-02 15:01:00,2009-12-09 14:02:00,2009-12,True,7
14081,2009-12-10 18:27:00,2010-01-12 15:48:00,2009-12,True,33
14082,2010-11-12 11:47:00,2010-12-10 11:02:00,2010-11,True,28
14083,2009-12-18 11:34:00,2010-07-16 12:51:00,2009-12,True,210
14084,2010-07-15 14:36:00,,2010-07,False,
14085,2009-12-08 13:41:00,2009-12-08 13:44:00,2009-12,True,0
14086,2010-09-03 10:52:00,,2010-09,False,
14087,2009-12-04 15:27:00,2010-10-31 11:22:00,2009-12,True,331
14088,2010-10-14 19:46:00,2010-10-29 09:57:00,2010-10,True,15
14089,2011-10-14 10:38:00,,2011-10,False,
14090,2011-01-19 10:51:00,,2011-01,False,
14091,2010-01-10 13:41:00,2010-02-23 15:17:00,2010-01,True,44
14092,2009-12-16 16:24:00,2010-01-13 12:21:00,2009-12,True,28
14093,2011-11-27 16:27:00,,2011-11,False,
14094,2010-09-26 11:58:00,,2010-09,False,
14095,2009-12-17 12:49:00,,2009-12,False,
14096,2011-08-30 10:49:00,2011-09-02 15:45:00,2011-08,True,3
14097,2010-03-04 10:46:00,2010-08-15 14:20:00,2010-03,True,164
14098,2011-11-03 10:13:00,,2011-11,False,
14099,2009-12-10 11:55:00,2010-01-29 14:37:00,2009-12,True,50
14100,2011-07-25 11:01:00,,2011-07,False,
14101,2010-03-28 13:36:00,2010-05-20 13:28:00,2010-03,True,53
14102,2011-10-26 12:46:00,2011-11-02 13:46:00,2011-10,True,7
14104,2010-05-28 16:11:00,2010-06-09 14:09:00,2010-05,True,12
14105,2009-12-18 16:57:00,2010-04-08 13:32:00,2009-12,True,111
14106,2009-12-02 14:09:00,,2009-12,False,
14107,2009-12-09 14:20:00,2010-05-09 14:14:00,2009-12,True,151
14108,2009-12-01 18:07:00,2009-12-08 15:25:00,2009-12,True,7
14109,2011-09-28 10:18:00,,2011-09,False,
14110,2009-12-01 09:50:00,2009-12-17 12:31:00,2009-12,True,16
14111,2011-04-12 11:36:00,2011-08-25 14:51:00,2011-04,True,135
14112,2010-02-23 14:16:00,2010-05-17 09:03:00,2010-02,True,83
14113,2009-12-08 07:42:00,2009-12-10 12:32:00,2009-12,True,2
14114,2010-04-12 11:07:00,2010-06-14 10:33:00,2010-04,True,63
14115,2010-02-11 11:44:00,2010-07-26 12:36:00,2010-02,True,165
14116,2011-08-10 12:44:00,2011-09-08 09:51:00,2011-08,True,29
14117,2011-07-19 09:49:00,,2011-07,False,
14118,2010-10-07 11:59:00,,2010-10,False,
14119,2009-12-21 14:52:00,2010-11-29 10:33:00,2009-12,True,343
14121,2011-10-11 10:39:00,2011-11-10 10:36:00,2011-10,True,30
14122,2009-12-02 14:22:00,2009-12-11 10:37:00,2009-12,True,9
14123,2009-12-06 15:35:00,,2009-12,False,
14124,2011-09-16 13:32:00,,2011-09,False,
14125,2011-09-22 15:40:00,2011-11-11 12:20:00,2011-09,True,50
14126,2010-09-21 14:51:00,2011-11-29 12:21:00,2010-09,True,434
14127,2010-10-10 11:53:00,2010-11-07 11:37:00,2010-10,True,28
14128,2010-06-06 14:05:00,2011-03-29 10:49:00,2010-06,True,296
14129,2010-05-09 14:54:00,2010-08-05 10:18:00,2010-05,True,88
14130,2009-12-11 16:33:00,2010-10-18 12:54:00,2009-12,True,311
14131,2010-03-01 11:59:00,,2010-03,False,
14132,2011-06-09 12:04:00,2011-06-30 17:29:00,2011-06,True,21
14133,2009-12-06 12:10:00,2011-01-28 11:27:00,2009-12,True,418
14134,2009-12-10 09:25:00,2009-12-15 18:32:00,2009-12,True,5
14135,2009-12-02 08:58:00,2009-12-09 10:41:00,2009-12,True,7
14136,2009-12-08 09:19:00,2010-01-15 10:29:00,2009-12,True,38
14137,2010-01-13 12:30:00,,2010-01,False,
14138,2011-10-07 09:38:00,2011-12-08 12:44:00,2011-10,True,62
14139,2010-06-15 09:17:00,2010-07-01 13:33:00,2010-06,True,16
14140,2011-11-08 11:20:00,2011-12-06 09:05:00,2011-11,True,28
14141,2011-08-26 14:40:00,2011-09-27 11:38:00,2011-08,True,32
14142,2010-03-03 15:13:00,2010-12-01 16:33:00,2010-03,True,273
14143,2011-07-29 09:48:00,,2011-07,False,
14144,2010-08-10 15:17:00,,2010-08,False,
14145,2010-04-08 09:47:00,2010-06-20 13:28:00,2010-04,True,73
14146,2010-01-13 16:04:00,2010-02-03 10:39:00,2010-01,True,21
14147,2010-03-09 13:43:00,2010-05-10 10:53:00,2010-03,True,62
14148,2010-10-21 14:08:00,2011-04-20 12:02:00,2010-10,True,181
14149,2011-05-03 09:44:00,,2011-05,False,
14150,2010-12-15 10:04:00,2011-11-04 10:05:00,2010-12,True,324
14151,2009-12-23 10:54:00,2010-02-04 15:35:00,2009-12,True,43
14152,2010-02-18 13:57:00,2010-08-02 11:46:00,2010-02,True,165
14153,2010-08-13 14:35:00,,2010-08,False,
14154,2010-01-13 12:47:00,2010-07-01 17:54:00,2010-01,True,169
14155,2011-03-18 14:13:00,,2011-03,False,
14156,2009-12-01 12:30:00,2009-12-01 12:33:00,2009-12,True,0
14157,2010-03-03 16:49:00,2010-10-18 15:48:00,2010-03,True,229
14158,2011-10-30 15:08:00,,2011-10,False,
14159,2009-12-03 12:31:00,2010-02-22 11:11:00,2009-12,True,81
14160,2010-01-10 12:06:00,2010-01-21 15:46:00,2010-01,True,11
14161,2009-12-13 11:46:00,2010-03-14 12:37:00,2009-12,True,91
14162,2011-02-20 12:32:00,2011-06-19 11:36:00,2011-02,True,119
14163,2010-09-03 17:15:00,2011-04-14 17:33:00,2010-09,True,223
14164,2011-09-20 12:18:00,2011-09-30 12:24:00,2011-09,True,10
14165,2011-03-09 12:39:00,,2011-03,False,
14166,2010-03-23 15:10:00,2010-07-22 19:42:00,2010-03,True,121
14167,2010-01-27 16:07:00,2010-03-25 15:00:00,2010-01,True,57
14168,2010-05-24 12:28:00,2010-10-15 10:49:00,2010-05,True,144
14169,2010-09-21 13:39:00,2010-10-05 08:45:00,2010-09,True,14
14170,2010-11-09 14:06:00,2010-11-23 13:26:00,2010-11,True,14
14171,2009-12-09 13:50:00,2011-09-02 16:43:00,2009-12,True,632
14172,2010-03-07 10:58:00,2010-03-11 13:16:00,2010-03,True,4
14173,2009-12-09 12:46:00,2010-03-08 13:24:00,2009-12,True,89
14174,2011-11-06 13:17:00,,2011-11,False,
14175,2010-03-22 10:43:00,2010-05-05 09:43:00,2010-03,True,44
14176,2010-11-23 13:21:00,2010-12-07 11:45:00,2010-11,True,14
14177,2010-02-26 11:59:00,2010-02-26 12:04:00,2010-02,True,0
14178,2011-06-10 12:51:00,2011-07-19 13:01:00,2011-06,True,39
14179,2011-10-18 14:00:00,2011-10-30 12:07:00,2011-10,True,12
14180,2010-06-09 14:56:00,2010-06-30 08:25:00,2010-06,True,21
14181,2010-05-26 12:32:00,2010-10-25 08:27:00,2010-05,True,152
14182,2010-04-22 15:36:00,2010-06-28 16:42:00,2010-04,True,67
14183,2010-08-15 15:36:00,2010-10-24 14:45:00,2010-08,True,70
14184,2011-10-04 12:43:00,,2011-10,False,
14185,2011-01-12 13:52:00,,2011-01,False,
14186,2010-03-05 11:17:00,2010-04-26 12:57:00,2010-03,True,52
14187,2010-08-23 12:06:00,,2010-08,False,
14188,2011-02-02 13:46:00,2011-05-09 10:03:00,2011-02,True,96
14189,2010-11-16 09:28:00,2010-12-06 11:42:00,2010-11,True,20
14190,2010-02-11 14:27:00,,2010-02,False,
14191,2009-12-11 10:48:00,2010-11-10 12:27:00,2009-12,True,334
14192,2010-11-16 17:44:00,,2010-11,False,
14193,2010-11-08 12:31:00,2011-03-15 11:38:00,2010-11,True,127
14194,2010-01-06 12:16:00,2010-01-24 13:36:00,2010-01,True,18
14195,2010-03-15 17:12:00,2010-05-07 12:41:00,2010-03,True,53
14196,2011-08-25 10:25:00,,2011-08,False,
14197,2010-10-25 10:01:00,,2010-10,False,
14198,2010-01-05 10:07:00,2010-02-17 11:05:00,2010-01,True,43
14199,2010-06-27 12:13:00,2010-07-07 12:50:00,2010-06,True,10
14200,2010-04-01 13:01:00,,2010-04,False,
14201,2010-04-30 13:00:00,2010-05-18 12:59:00,2010-04,True,18
14202,2010-03-25 10:36:00,2010-06-01 11:40:00,2010-03,True,68
14203,2010-11-07 13:35:00,,2010-11,False,
14204,2009-12-02 13:26:00,2010-06-21 16:04:00,2009-12,True,201
14205,2010-03-07 12:20:00,2010-05-05 14:43:00,2010-03,True,59
14206,2010-11-02 11:37:00,2010-11-16 18:20:00,2010-11,True,14
14207,2010-01-21 09:33:00,,2010-01,False,
14208,2010-06-06 13:11:00,2011-09-06 12:48:00,2010-06,True,457
14209,2010-01-22 10:28:00,2010-03-11 18:46:00,2010-01,True,48
14210,2010-01-06 10:17:00,2010-03-16 15:02:00,2010-01,True,69
14211,2009-12-09 12:48:00,2010-01-26 11:32:00,2009-12,True,48
14212,2010-09-20 11:48:00,2011-09-11 12:45:00,2010-09,True,356
14213,2010-10-31 10:37:00,,2010-10,False,
14214,2011-03-07 12:26:00,2011-06-22 13:59:00,2011-03,True,107
14215,2009-12-08 09:35:00,2010-01-21 08:22:00,2009-12,True,44
14216,2010-10-21 15:07:00,2011-11-02 10:51:00,2010-10,True,377
14217,2010-06-30 12:54:00,2010-08-05 13:54:00,2010-06,True,36
14218,2011-10-28 10:00:00,,2011-10,False,
14219,2010-08-03 14:42:00,2010-10-26 10:34:00,2010-08,True,84
14220,2010-05-19 13:26:00,2010-05-21 13:29:00,2010-05,True,2
14221,2010-04-06 14:10:00,2010-05-09 13:50:00,2010-04,True,33
14222,2011-06-15 16:42:00,,2011-06,False,
14223,2011-03-20 16:02:00,2011-07-05 11:36:00,2011-03,True,107
14224,2010-06-13 13:46:00,2010-06-29 12:30:00,2010-06,True,16
14225,2010-01-12 15:02:00,2010-05-18 17:25:00,2010-01,True,126
14226,2010-09-24 14:32:00,2011-03-15 15:36:00,2010-09,True,172
14227,2010-02-08 09:38:00,2010-06-01 12:42:00,2010-02,True,113
14228,2010-06-11 12:29:00,2010-07-06 10:07:00,2010-06,True,25
14229,2010-08-25 11:47:00,2010-09-27 15:21:00,2010-08,True,33
14230,2010-06-09 13:56:00,2010-09-30 09:06:00,2010-06,True,113
14231,2010-09-15 09:52:00,2011-02-24 11:55:00,2010-09,True,162
14232,2011-03-20 12:44:00,2011-06-06 09:12:00,2011-03,True,78
14233,2010-03-05 16:35:00,2010-04-28 14:02:00,2010-03,True,54
14234,2011-10-13 13:58:00,2011-10-25 15:39:00,2011-10,True,12
14235,2010-03-30 13:36:00,2010-05-19 11:59:00,2010-03,True,50
14236,2010-07-22 14:27:00,2010-08-26 10:40:00,2010-07,True,35
14237,2010-04-28 10:04:00,2010-12-01 13:20:00,2010-04,True,217
14238,2009-12-05 10:58:00,2010-02-15 11:39:00,2009-12,True,72
14239,2009-12-05 12:36:00,2009-12-09 11:31:00,2009-12,True,4
14240,2010-10-12 12:48:00,2011-04-28 11:40:00,2010-10,True,198
14241,2010-01-12 15:11:00,2011-06-09 11:46:00,2010-01,True,513
14242,2011-01-18 08:53:00,2011-04-19 11:46:00,2011-01,True,91
14243,2010-08-20 13:41:00,2010-09-12 15:21:00,2010-08,True,23
14244,2010-02-17 11:40:00,,2010-02,False,
14245,2011-03-21 10:41:00,2011-05-04 08:40:00,2011-03,True,44
14246,2011-04-08 08:25:00,2011-07-25 11:37:00,2011-04,True,108
14247,2010-06-06 15:07:00,2010-07-04 13:33:00,2010-06,True,28
14248,2010-07-12 14:27:00,2010-09-06 14:04:00,2010-07,True,56
14249,2010-01-29 14:21:00,2010-03-17 15:37:00,2010-01,True,47
14250,2011-09-11 13:44:00,2011-12-02 14:29:00,2011-09,True,82
14251,2011-10-13 12:46:00,2011-11-22 14:10:00,2011-10,True,40
14252,2010-11-23 13:36:00,,2010-11,False,
14253,2010-03-26 15:08:00,2010-08-03 14:55:00,2010-03,True,130
14254,2010-10-03 11:52:00,,2010-10,False,
14256,2010-01-14 10:35:00,2010-08-05 09:28:00,2010-01,True,203
14257,2010-03-01 15:36:00,2010-07-26 13:57:00,2010-03,True,147
14258,2009-12-04 08:36:00,2010-01-06 14:54:00,2009-12,True,33
14259,2011-07-21 10:44:00,,2011-07,False,
14260,2010-06-09 11:23:00,2010-08-25 14:53:00,2010-06,True,77
14261,2011-09-22 10:47:00,2011-10-20 10:04:00,2011-09,True,28
14262,2011-04-13 12:23:00,2011-07-05 12:53:00,2011-04,True,83
14263,2010-10-12 14:09:00,,2010-10,False,
14264,2010-04-07 13:21:00,2010-05-16 13:23:00,2010-04,True,39
14265,2010-04-06 14:39:00,2010-09-01 12:20:00,2010-04,True,148
14266,2010-10-07 13:32:00,,2010-10,False,
14267,2011-03-24 11:38:00,2011-03-24 12:52:00,2011-03,True,0
14268,2010-08-26 10:45:00,,2010-08,False,
14269,2010-09-26 12:53:00,,2010-09,False,
14270,2011-01-12 09:33:00,,2011-01,False,
14271,2010-10-26 17:01:00,2011-04-28 12:47:00,2010-10,True,184
14272,2010-05-06 14:01:00,2010-05-26 09:49:00,2010-05,True,20
14273,2011-04-11 13:24:00,2011-05-06 08:25:00,2011-04,True,25
14274,2010-01-22 12:51:00,,2010-01,False,
14275,2010-04-11 12:32:00,2010-04-29 10:24:00,2010-04,True,18
14276,2010-02-17 13:10:00,2010-08-12 10:03:00,2010-02,True,176
14277,2009-12-13 15:43:00,2010-05-10 09:47:00,2009-12,True,148
14278,2010-10-26 12:07:00,,2010-10,False,
14279,2010-01-27 16:34:00,2010-07-07 08:42:00,2010-01,True,161
14280,2011-05-27 10:37:00,,2011-05,False,
14281,2010-10-27 14:45:00,,2010-10,False,
14282,2010-02-15 11:22:00,2010-04-29 16:45:00,2010-02,True,73
14283,2010-05-19 12:22:00,2010-07-26 12:26:00,2010-05,True,68
14284,2010-02-24 12:06:00,2011-09-14 13:04:00,2010-02,True,567
14285,2009-12-08 14:13:00,2010-02-19 09:36:00,2009-12,True,73
14286,2009-12-04 08:40:00,2010-03-10 10:50:00,2009-12,True,96
14287,2011-05-25 11:41:00,2011-05-25 11:44:00,2011-05,True,0
14288,2011-05-10 13:22:00,,2011-05,False,
14289,2011-02-23 12:33:00,2011-04-12 15:08:00,2011-02,True,48
14290,2009-12-08 11:44:00,2010-03-08 10:49:00,2009-12,True,90
14291,2009-12-09 10:46:00,2010-03-28 13:38:00,2009-12,True,109
14292,2010-03-19 11:10:00,2010-04-29 14:16:00,2010-03,True,41
14293,2009-12-10 10:57:00,2009-12-22 09:21:00,2009-12,True,12
14294,2010-10-28 16:25:00,,2010-10,False,
14295,2009-12-09 13:06:00,2010-06-28 12:22:00,2009-12,True,201
14296,2010-05-14 14:34:00,2010-10-14 14:14:00,2010-05,True,153
14297,2011-03-10 08:31:00,2011-10-10 10:45:00,2011-03,True,214
14298,2009-12-11 13:49:00,2009-12-11 15:46:00,2009-12,True,0
14299,2009-12-02 10:58:00,2009-12-20 12:21:00,2009-12,True,18
14300,2011-11-21 08:57:00,,2011-11,False,
14301,2010-02-11 13:07:00,2010-05-16 13:22:00,2010-02,True,94
14302,2009-12-02 08:16:00,2010-02-15 09:20:00,2009-12,True,75
14303,2010-10-01 10:31:00,2010-10-28 15:37:00,2010-10,True,27
14304,2010-05-18 10:50:00,2010-11-25 10:20:00,2010-05,True,191
14305,2011-07-27 14:14:00,2011-08-18 06:20:00,2011-07,True,22
14306,2010-01-31 13:42:00,2010-07-28 16:54:00,2010-01,True,178
14307,2009-12-07 13:06:00,2010-02-04 17:50:00,2009-12,True,59
14309,2010-06-07 10:24:00,2010-10-22 13:18:00,2010-06,True,137
14310,2010-10-03 12:34:00,,2010-10,False,
14311,2010-05-21 10:28:00,2011-04-11 10:14:00,2010-05,True,325
14312,2010-07-23 15:05:00,2010-10-19 10:23:00,2010-07,True,88
14314,2010-10-05 08:00:00,2011-08-25 10:39:00,2010-10,True,324
14315,2010-03-15 12:49:00,2010-05-24 13:56:00,2010-03,True,70
14316,2010-03-19 15:18:00,2010-05-07 08:50:00,2010-03,True,49
14317,2011-10-06 10:44:00,,2011-10,False,
14318,2010-09-05 15:32:00,,2010-09,False,
14319,2010-10-11 13:38:00,,2010-10,False,
14320,2010-01-21 11:44:00,2010-02-16 12:22:00,2010-01,True,26
14321,2010-08-23 12:56:00,2010-10-04 12:48:00,2010-08,True,42
14322,2010-02-18 08:49:00,2010-03-12 09:15:00,2010-02,True,22
14323,2011-04-15 11:44:00,2011-08-17 11:37:00,2011-04,True,124
14324,2010-01-15 13:31:00,2010-10-26 11:44:00,2010-01,True,284
14325,2010-05-19 09:20:00,,2010-05,False,
14326,2010-06-25 12:10:00,2010-09-02 13:29:00,2010-06,True,69
14327,2010-01-08 14:04:00,2010-02-03 15:07:00,2010-01,True,26
14329,2009-12-16 15:31:00,2010-01-25 09:38:00,2009-12,True,40
14330,2010-03-26 09:10:00,,2010-03,False,
14331,2011-07-27 15:14:00,2011-08-07 13:17:00,2011-07,True,11
14332,2010-10-19 13:01:00,2010-11-23 15:24:00,2010-10,True,35
14333,2011-10-03 10:38:00,,2011-10,False,
14334,2010-05-20 10:04:00,2010-07-27 13:45:00,2010-05,True,68
14335,2011-09-04 13:07:00,2011-11-23 13:41:00,2011-09,True,80
14336,2011-03-08 16:48:00,2011-05-04 15:37:00,2011-03,True,57
14338,2010-06-21 10:32:00,2011-05-27 13:30:00,2010-06,True,340
14339,2010-10-07 08:50:00,2011-04-11 11:06:00,2010-10,True,186
14340,2011-05-05 09:44:00,,2011-05,False,
14341,2009-12-01 12:20:00,2009-12-15 11:20:00,2009-12,True,14
14342,2010-08-24 13:03:00,2010-10-03 12:46:00,2010-08,True,40
14343,2010-01-18 16:47:00,2010-03-15 15:33:00,2010-01,True,56
14344,2010-03-23 15:47:00,2010-04-14 13:55:00,2010-03,True,22
14345,2011-11-01 09:51:00,,2011-11,False,
14346,2010-07-30 10:44:00,2010-10-10 12:53:00,2010-07,True,72
14347,2009-12-03 10:49:00,,2009-12,False,
14348,2011-03-24 16:23:00,,2011-03,False,
14349,2011-11-29 15:39:00,,2011-11,False,
14350,2010-10-05 15:52:00,2010-11-24 12:01:00,2010-10,True,50
14351,2011-06-28 11:56:00,,2011-06,False,
14352,2011-03-11 14:58:00,2011-04-19 08:17:00,2011-03,True,39
14353,2010-10-04 12:38:00,2010-10-25 14:46:00,2010-10,True,21
14354,2011-11-09 15:36:00,2011-12-04 11:32:00,2011-11,True,25
14355,2010-03-22 15:08:00,2010-09-16 15:23:00,2010-03,True,178
14356,2011-09-19 14:43:00,2011-09-21 09:18:00,2011-09,True,2
14357,2011-10-27 16:23:00,,2011-10,False,
14358,2010-10-07 17:26:00,2010-11-15 15:51:00,2010-10,True,39
14359,2011-09-13 09:03:00,2011-10-28 08:58:00,2011-09,True,45
14360,2011-09-06 11:58:00,2011-10-03 12:47:00,2011-09,True,27
14361,2010-05-10 12:29:00,,2010-05,False,
14362,2011-11-17 15:08:00,,2011-11,False,
14363,2010-09-14 14:39:00,2010-11-02 17:01:00,2010-09,True,49
14364,2011-05-12 12:56:00,2011-05-23 11:58:00,2011-05,True,11
14365,2010-01-27 09:44:00,2010-11-10 09:52:00,2010-01,True,287
14366,2010-07-02 17:23:00,,2010-07,False,
14367,2011-03-08 14:12:00,2011-03-29 14:35:00,2011-03,True,21
14368,2011-01-24 09:52:00,,2011-01,False,
14369,2010-02-16 10:28:00,2010-03-07 15:47:00,2010-02,True,19
14370,2010-02-01 08:35:00,2010-03-24 10:00:00,2010-02,True,51
14371,2011-02-17 16:35:00,,2011-02,False,
14372,2010-04-19 15:57:00,2010-09-22 16:17:00,2010-04,True,156
14373,2010-12-16 15:40:00,,2010-12,False,
14374,2010-06-16 14:25:00,,2010-06,False,
14375,2010-06-16 14:34:00,2010-09-15 14:45:00,2010-06,True,91
14376,2010-01-25 15:36:00,,2010-01,False,
14377,2011-03-22 13:38:00,2011-06-01 13:32:00,2011-03,True,71
14378,2010-03-28 12:22:00,,2010-03,False,
14379,2010-08-16 15:31:00,2010-11-11 16:29:00,2010-08,True,87
14381,2010-09-14 16:15:00,2011-10-18 17:10:00,2010-09,True,399
14382,2010-11-14 16:32:00,2011-11-13 16:18:00,2010-11,True,364
14383,2011-06-29 10:18:00,2011-10-06 13:00:00,2011-06,True,99
14384,2010-07-27 09:53:00,,2010-07,False,
14385,2011-11-16 11:55:00,2011-11-23 13:56:00,2011-11,True,7
14386,2011-02-16 09:45:00,,2011-02,False,
14387,2011-08-22 14:13:00,2011-09-26 12:58:00,2011-08,True,35
14388,2010-01-20 11:54:00,2010-03-04 14:27:00,2010-01,True,43
14389,2010-04-28 14:57:00,2010-06-29 13:46:00,2010-04,True,62
14390,2010-10-10 14:30:00,2010-11-10 12:16:00,2010-10,True,31
14391,2010-05-12 09:42:00,,2010-05,False,
14392,2010-10-03 12:56:00,,2010-10,False,
14393,2011-05-05 18:16:00,,2011-05,False,
14394,2010-05-24 10:43:00,,2010-05,False,
14395,2010-04-18 13:12:00,2010-04-21 15:46:00,2010-04,True,3
14396,2009-12-02 14:21:00,2010-01-24 12:58:00,2009-12,True,53
14397,2011-05-10 12:25:00,2011-05-25 14:40:00,2011-05,True,15
14398,2010-06-30 11:57:00,2010-11-03 13:46:00,2010-06,True,126
14399,2010-02-03 13:09:00,2010-03-16 16:01:00,2010-02,True,41
14400,2010-03-18 12:11:00,2010-10-27 13:59:00,2010-03,True,223
14401,2009-12-14 13:22:00,2009-12-18 15:02:00,2009-12,True,4
14402,2010-02-25 13:20:00,,2010-02,False,
14403,2010-03-10 14:00:00,2010-04-29 08:47:00,2010-03,True,50
14404,2009-12-20 14:40:00,2009-12-20 14:45:00,2009-12,True,0
14405,2010-11-18 11:40:00,,2010-11,False,
14406,2011-08-12 16:54:00,,2011-08,False,
14407,2011-03-08 11:59:00,2011-05-18 12:28:00,2011-03,True,71
14408,2009-12-07 12:18:00,2010-03-19 15:40:00,2009-12,True,102
14409,2010-05-21 16:45:00,2010-08-11 14:55:00,2010-05,True,82
14410,2010-09-28 15:46:00,2010-11-28 14:57:00,2010-09,True,61
14411,2011-02-02 10:56:00,,2011-02,False,
14412,2010-10-11 12:33:00,2011-09-28 08:48:00,2010-10,True,352
14413,2010-01-19 14:27:00,2010-10-25 14:41:00,2010-01,True,279
14414,2010-11-30 10:12:00,2010-12-16 11:11:00,2010-11,True,16
14415,2009-12-16 14:08:00,2010-02-12 14:46:00,2009-12,True,58
14416,2011-10-28 15:10:00,2011-11-17 15:22:00,2011-10,True,20
14417,2010-11-17 10:55:00,,2010-11,False,
14418,2011-08-23 17:18:00,2011-11-14 13:55:00,2011-08,True,83
14419,2010-11-22 11:09:00,2010-12-10 10:56:00,2010-11,True,18
14420,2010-01-17 12:41:00,2010-07-15 14:32:00,2010-01,True,179
14421,2010-01-17 11:30:00,2010-01-25 13:21:00,2010-01,True,8
14422,2009-12-17 12:12:00,2010-01-05 13:45:00,2009-12,True,19
14423,2010-01-14 11:49:00,2010-09-28 10:42:00,2010-01,True,257
14424,2011-11-22 11:48:00,,2011-11,False,
14425,2009-12-02 11:31:00,2009-12-17 11:53:00,2009-12,True,15
14426,2010-03-04 14:36:00,2010-05-11 10:45:00,2010-03,True,68
14427,2010-03-18 09:49:00,2010-08-02 11:25:00,2010-03,True,137
14428,2011-01-18 16:39:00,2011-04-14 09:43:00,2011-01,True,86
14429,2010-11-01 10:08:00,,2010-11,False,
14430,2010-04-11 15:59:00,2010-07-16 11:33:00,2010-04,True,96
14431,2010-01-21 10:49:00,2010-09-10 14:04:00,2010-01,True,232
14432,2011-09-11 14:09:00,2011-10-02 15:49:00,2011-09,True,21
14433,2010-08-31 12:35:00,,2010-08,False,
14434,2011-09-28 15:31:00,2011-10-05 12:59:00,2011-09,True,7
14435,2010-07-26 12:33:00,,2010-07,False,
14436,2010-06-04 11:32:00,2011-09-02 10:13:00,2010-06,True,455
14437,2010-05-05 12:20:00,2010-06-28 09:47:00,2010-05,True,54
14438,2011-02-06 14:56:00,,2011-02,False,
14439,2010-01-21 14:01:00,2010-01-25 09:48:00,2010-01,True,4
14440,2009-12-02 12:13:00,2010-01-22 11:43:00,2009-12,True,51
14441,2010-01-18 10:40:00,2010-04-01 15:46:00,2010-01,True,73
14442,2010-01-18 12:59:00,2010-05-19 14:22:00,2010-01,True,121
14443,2010-11-25 14:18:00,2010-12-06 11:03:00,2010-11,True,11
14444,2010-09-09 18:56:00,,2010-09,False,
14445,2010-09-10 11:09:00,,2010-09,False,
14446,2010-11-18 12:08:00,2011-04-07 12:10:00,2010-11,True,140
14447,2010-11-04 13:32:00,2011-03-04 10:49:00,2010-11,True,120
14448,2010-12-10 17:26:00,2011-11-30 13:50:00,2010-12,True,355
14449,2010-09-29 13:15:00,2010-10-20 13:12:00,2010-09,True,21
14450,2010-04-08 12:09:00,2010-11-03 13:48:00,2010-04,True,209
14451,2010-01-17 10:35:00,2010-02-11 12:22:00,2010-01,True,25
14452,2010-07-06 13:13:00,2010-11-09 14:13:00,2010-07,True,126
14453,2011-06-02 14:15:00,,2011-06,False,
14454,2009-12-06 12:56:00,2010-02-07 12:15:00,2009-12,True,63
14455,2010-08-01 13:26:00,2010-08-08 14:39:00,2010-08,True,7
14456,2011-07-20 13:06:00,2011-07-20 13:10:00,2011-07,True,0
14457,2011-02-02 09:39:00,,2011-02,False,
14458,2010-11-24 12:43:00,,2010-11,False,
14459,2010-02-26 13:26:00,2011-07-07 13:35:00,2010-02,True,496
14460,2009-12-15 19:06:00,2010-02-09 15:45:00,2009-12,True,56
14461,2010-01-18 12:48:00,2010-03-30 11:14:00,2010-01,True,71
14462,2010-10-03 14:13:00,2011-01-04 12:45:00,2010-10,True,93
14463,2010-07-28 11:35:00,2011-05-18 14:42:00,2010-07,True,294
14464,2010-03-22 15:20:00,2010-05-20 18:00:00,2010-03,True,59
14465,2010-01-07 15:03:00,2010-01-28 10:08:00,2010-01,True,21
14466,2009-12-13 15:44:00,2010-01-14 12:11:00,2009-12,True,32
14467,2009-12-02 12:44:00,2010-03-16 12:34:00,2009-12,True,104
14468,2009-12-06 12:21:00,,2009-12,False,
14469,2010-01-29 11:12:00,2010-03-30 10:55:00,2010-01,True,60
14470,2010-10-05 12:39:00,2011-02-25 11:56:00,2010-10,True,143
14471,2009-12-07 12:26:00,2010-04-27 17:12:00,2009-12,True,141
14472,2010-01-19 13:09:00,2010-12-19 14:03:00,2010-01,True,334
14473,2011-03-02 13:56:00,2011-09-26 15:10:00,2011-03,True,208
14474,2010-05-09 12:12:00,2011-10-24 13:26:00,2010-05,True,533
14475,2010-10-27 09:20:00,2011-02-08 10:12:00,2010-10,True,104
14476,2011-03-27 15:39:00,,2011-03,False,
14477,2010-01-04 15:41:00,2010-06-29 09:44:00,2010-01,True,176
14478,2009-12-01 13:20:00,2010-01-26 13:06:00,2009-12,True,56
14479,2009-12-06 13:48:00,2010-10-17 11:58:00,2009-12,True,315
14480,2009-12-21 16:32:00,2010-09-28 12:27:00,2009-12,True,281
14481,2010-01-31 12:43:00,2010-04-06 11:17:00,2010-01,True,65
14482,2010-08-26 14:13:00,2010-08-26 14:20:00,2010-08,True,0
14483,2009-12-03 10:16:00,2011-03-03 10:26:00,2009-12,True,455
14484,2009-12-17 10:57:00,2010-03-12 10:30:00,2009-12,True,85
14485,2011-11-01 12:25:00,,2011-11,False,
14486,2010-06-04 10:30:00,2010-07-16 09:42:00,2010-06,True,42
14487,2010-11-25 13:36:00,2010-12-06 13:22:00,2010-11,True,11
14488,2011-10-03 09:30:00,,2011-10,False,
14489,2010-04-06 09:52:00,2010-08-04 10:00:00,2010-04,True,120
14490,2010-10-07 11:36:00,2010-10-29 15:04:00,2010-10,True,22
14491,2010-12-02 12:10:00,2011-06-17 15:22:00,2010-12,True,197
14492,2010-03-30 14:23:00,2010-06-03 15:50:00,2010-03,True,65
14493,2010-03-08 08:33:00,2010-04-26 10:31:00,2010-03,True,49
14494,2009-12-08 13:25:00,2010-11-03 13:13:00,2009-12,True,330
14495,2010-02-18 08:49:00,2011-08-10 14:13:00,2010-02,True,538
14496,2010-03-16 13:15:00,2010-05-09 14:00:00,2010-03,True,54
14497,2010-02-04 09:59:00,2011-02-03 17:01:00,2010-02,True,364
14498,2010-06-07 16:05:00,2010-07-07 16:04:00,2010-06,True,30
14499,2010-08-27 11:57:00,2010-10-14 10:26:00,2010-08,True,48
14500,2011-06-03 10:08:00,2011-08-19 17:02:00,2011-06,True,77
14501,2011-01-24 10:43:00,2011-06-09 12:02:00,2011-01,True,136
14502,2011-01-30 15:52:00,2011-02-20 15:51:00,2011-01,True,21
14503,2011-06-14 10:00:00,2011-09-30 14:59:00,2011-06,True,108
14504,2011-03-06 14:38:00,2011-03-25 12:55:00,2011-03,True,19
14505,2009-12-09 14:48:00,2009-12-21 15:20:00,2009-12,True,12
14506,2010-04-19 08:27:00,2010-11-02 15:48:00,2010-04,True,197
14507,2009-12-10 17:04:00,2010-02-28 12:16:00,2009-12,True,80
14508,2010-06-17 13:02:00,2010-06-17 13:09:00,2010-06,True,0
14509,2010-06-23 13:21:00,,2010-06,False,
14510,2010-09-29 13:35:00,2010-09-29 13:54:00,2010-09,True,0
14511,2011-07-29 12:13:00,2011-09-08 13:26:00,2011-07,True,41
14512,2009-12-07 13:49:00,2010-04-29 11:56:00,2009-12,True,143
14513,2010-05-20 17:57:00,2010-09-19 15:41:00,2010-05,True,122
14514,2009-12-13 13:21:00,2010-01-25 13:22:00,2009-12,True,43
14515,2010-06-07 12:37:00,2010-10-25 13:30:00,2010-06,True,140
14516,2010-07-11 14:07:00,,2010-07,False,
14517,2011-07-21 11:42:00,2011-11-06 14:20:00,2011-07,True,108
14518,2011-10-06 14:43:00,,2011-10,False,
14519,2009-12-11 10:40:00,2010-01-25 11:18:00,2009-12,True,45
14520,2011-02-22 09:15:00,2011-12-08 09:46:00,2011-02,True,289
14521,2010-08-05 16:35:00,,2010-08,False,
14522,2010-01-24 13:55:00,2010-02-26 17:33:00,2010-01,True,33
14523,2011-08-23 13:13:00,,2011-08,False,
14524,2010-10-19 11:44:00,2010-10-19 12:16:00,2010-10,True,0
14525,2009-12-13 14:01:00,2010-01-19 12:50:00,2009-12,True,37
14526,2010-11-15 13:32:00,,2010-11,False,
14527,2009-12-02 12:06:00,2009-12-04 12:59:00,2009-12,True,2
14528,2011-11-02 17:09:00,,2011-11,False,
14529,2011-08-21 14:10:00,2011-09-23 13:48:00,2011-08,True,33
14530,2010-01-21 11:25:00,2010-03-03 12:34:00,2010-01,True,41
14531,2010-08-17 10:16:00,,2010-08,False,
14532,2010-01-10 11:47:00,2010-01-31 11:23:00,2010-01,True,21
14533,2010-04-08 12:13:00,2010-05-10 15:12:00,2010-04,True,32
14534,2010-03-15 14:16:00,2010-06-07 12:51:00,2010-03,True,84
14535,2010-02-24 15:03:00,2010-03-25 14:22:00,2010-02,True,29
14536,2011-03-25 12:21:00,,2011-03,False,
14537,2010-03-26 13:44:00,2011-10-13 10:54:00,2010-03,True,566
14538,2010-01-25 15:42:00,2010-06-13 14:01:00,2010-01,True,139
14539,2011-10-26 12:03:00,2011-11-24 09:50:00,2011-10,True,29
14540,2009-12-07 13:00:00,2009-12-16 17:34:00,2009-12,True,9
14541,2010-01-07 11:59:00,2010-02-24 12:48:00,2010-01,True,48
14542,2011-06-07 08:19:00,,2011-06,False,
14543,2009-12-01 13:47:00,2009-12-07 11:55:00,2009-12,True,6
14544,2010-08-26 16:00:00,2010-12-13 12:50:00,2010-08,True,109
14545,2010-02-03 15:23:00,,2010-02,False,
14546,2009-12-06 13:10:00,2010-02-07 11:48:00,2009-12,True,63
14547,2011-10-16 14:35:00,2011-11-06 14:39:00,2011-10,True,21
14548,2009-12-06 14:00:00,2009-12-06 14:06:00,2009-12,True,0
14549,2009-12-02 14:06:00,2010-04-25 11:43:00,2009-12,True,144
14550,2010-08-13 12:05:00,2010-11-16 14:05:00,2010-08,True,95
14551,2010-01-27 12:06:00,2010-07-25 15:27:00,2010-01,True,179
14552,2010-04-26 13:44:00,2010-11-24 12:36:00,2010-04,True,212
14553,2010-07-18 12:07:00,2010-07-18 12:10:00,2010-07,True,0
14554,2011-10-18 13:04:00,2011-11-16 13:25:00,2011-10,True,29
14555,2009-12-18 11:39:00,2010-05-18 13:04:00,2009-12,True,151
14556,2010-01-20 11:49:00,2010-02-24 16:15:00,2010-01,True,35
14557,2011-09-15 15:48:00,,2011-09,False,
14558,2009-12-08 10:41:00,2010-01-28 14:59:00,2009-12,True,51
14559,2010-11-14 16:05:00,,2010-11,False,
14560,2009-12-02 10:15:00,2009-12-20 13:17:00,2009-12,True,18
14561,2011-06-08 13:26:00,2011-06-30 13:43:00,2011-06,True,22
14562,2010-02-07 14:10:00,2010-03-08 13:48:00,2010-02,True,29
14563,2010-04-26 12:51:00,2010-07-18 12:01:00,2010-04,True,83
14564,2009-12-04 09:27:00,2010-10-01 09:02:00,2009-12,True,301
14565,2010-08-23 09:48:00,2010-12-13 13:25:00,2010-08,True,112
14566,2010-06-24 10:34:00,2010-08-20 12:55:00,2010-06,True,57
14567,2011-08-01 13:48:00,2011-10-14 10:21:00,2011-08,True,74
14568,2010-09-30 17:15:00,,2010-09,False,
14569,2010-04-15 11:49:00,2010-08-03 14:41:00,2010-04,True,110
14570,2010-09-22 13:07:00,2011-03-04 10:39:00,2010-09,True,163
14571,2010-10-10 15:06:00,,2010-10,False,
14572,2010-03-28 13:47:00,2010-05-30 14:39:00,2010-03,True,63
14573,2010-01-08 16:34:00,2010-06-06 11:38:00,2010-01,True,149
14574,2009-12-07 12:42:00,,2009-12,False,
14575,2010-08-08 14:51:00,,2010-08,False,
14576,2010-12-02 17:51:00,,2010-12,False,
14577,2009-12-11 12:09:00,2010-01-27 12:11:00,2009-12,True,47
14578,2011-12-06 17:18:00,,2011-12,False,
14579,2010-10-03 14:36:00,,2010-10,False,
14580,2010-07-09 15:20:00,,2010-07,False,
14581,2010-06-13 15:48:00,2011-11-23 12:39:00,2010-06,True,528
14582,2011-10-30 11:56:00,,2011-10,False,
14583,2010-03-28 15:16:00,2010-06-24 14:34:00,2010-03,True,88
14584,2010-02-17 14:01:00,2010-03-19 16:24:00,2010-02,True,30
14585,2010-10-19 12:17:00,2010-11-10 11:25:00,2010-10,True,22
14586,2011-03-08 10:04:00,,2011-03,False,
14587,2011-01-12 13:16:00,2011-02-01 12:54:00,2011-01,True,20
14588,2010-05-10 15:08:00,,2010-05,False,
14589,2010-12-03 11:42:00,,2010-12,False,
14590,2009-12-07 14:10:00,2009-12-10 15:52:00,2009-12,True,3
14591,2011-05-10 14:09:00,2011-11-24 13:53:00,2011-05,True,198
14592,2011-10-06 18:08:00,2011-10-14 14:58:00,2011-10,True,8
14593,2009-12-09 12:57:00,2010-02-10 11:21:00,2009-12,True,63
14594,2010-12-01 13:54:00,2011-12-02 13:28:00,2010-12,True,366
14595,2010-01-20 13:59:00,2010-09-12 12:47:00,2010-01,True,235
14596,2010-03-23 12:13:00,,2010-03,False,
14597,2010-09-28 13:17:00,2010-11-12 14:55:00,2010-09,True,45
14598,2010-05-19 13:07:00,2011-10-26 13:19:00,2010-05,True,525
14599,2010-07-18 15:54:00,2010-11-14 14:49:00,2010-07,True,119
14600,2010-11-11 15:56:00,2011-02-07 09:48:00,2010-11,True,88
14601,2011-11-29 09:48:00,,2011-11,False,
14602,2010-02-21 15:47:00,,2010-02,False,
14603,2011-03-10 10:27:00,,2011-03,False,
14604,2010-03-16 13:00:00,,2010-03,False,
14605,2009-12-08 13:59:00,2009-12-08 14:01:00,2009-12,True,0
14606,2009-12-03 12:40:00,2009-12-06 14:54:00,2009-12,True,3
14607,2009-12-15 11:25:00,2010-02-04 10:56:00,2009-12,True,51
14608,2009-12-06 12:34:00,2009-12-10 15:30:00,2009-12,True,4
14609,2010-02-09 09:48:00,2010-05-05 08:58:00,2010-02,True,85
14610,2010-07-13 16:06:00,2010-11-09 10:58:00,2010-07,True,119
14611,2010-04-20 10:19:00,2010-09-22 09:19:00,2010-04,True,155
14612,2010-10-20 16:01:00,,2010-10,False,
14613,2010-01-28 13:02:00,,2010-01,False,
14614,2010-11-18 13:04:00,,2010-11,False,
14615,2010-06-09 13:59:00,2010-07-16 14:15:00,2010-06,True,37
14616,2010-06-09 09:42:00,2010-11-19 16:33:00,2010-06,True,163
14617,2010-10-20 10:40:00,2010-11-02 11:41:00,2010-10,True,13
14618,2010-06-11 10:11:00,2010-10-19 16:56:00,2010-06,True,130
14619,2010-06-16 14:41:00,2011-04-08 07:37:00,2010-06,True,296
14620,2011-03-01 08:30:00,2011-05-18 11:58:00,2011-03,True,78
14621,2010-01-25 09:08:00,2010-06-23 14:14:00,2010-01,True,149
14622,2011-06-08 12:42:00,,2011-06,False,
14623,2010-04-16 17:12:00,2010-04-23 13:00:00,2010-04,True,7
14624,2010-04-14 10:44:00,2010-06-03 10:11:00,2010-04,True,50
14625,2009-12-16 13:23:00,2010-01-28 09:09:00,2009-12,True,43
14626,2009-12-10 14:57:00,2010-01-07 11:23:00,2009-12,True,28
14627,2010-11-25 16:32:00,,2010-11,False,
14628,2010-01-25 14:40:00,2010-03-08 08:42:00,2010-01,True,42
14629,2011-10-23 16:13:00,2011-12-05 16:55:00,2011-10,True,43
14630,2010-08-12 16:38:00,,2010-08,False,
14631,2010-08-09 14:45:00,2010-10-20 10:50:00,2010-08,True,72
14632,2011-03-22 08:49:00,,2011-03,False,
14633,2011-03-18 17:07:00,,2011-03,False,
14634,2010-06-16 09:48:00,2010-06-23 17:26:00,2010-06,True,7
14635,2010-09-12 10:47:00,,2010-09,False,
14636,2011-03-16 09:52:00,2011-11-03 16:12:00,2011-03,True,232
14637,2010-01-31 15:52:00,,2010-01,False,
14638,2011-10-20 10:10:00,,2011-10,False,
14639,2010-02-16 12:35:00,2010-07-08 08:08:00,2010-02,True,142
14640,2010-01-22 15:44:00,2010-03-25 10:04:00,2010-01,True,62
14641,2011-11-18 10:42:00,,2011-11,False,
14642,2011-10-12 11:08:00,,2011-10,False,
14643,2009-12-11 11:52:00,2010-03-22 15:49:00,2009-12,True,101
14644,2009-12-03 16:24:00,2010-08-02 12:44:00,2009-12,True,242
14645,2010-03-15 11:33:00,2011-03-09 09:52:00,2010-03,True,359
14646,2009-12-02 16:52:00,2009-12-02 16:53:00,2009-12,True,0
14647,2010-07-04 13:27:00,2011-05-22 13:40:00,2010-07,True,322
14648,2009-12-10 13:59:00,2010-02-04 13:34:00,2009-12,True,56
14649,2010-01-20 13:10:00,2010-03-05 13:24:00,2010-01,True,44
14650,2010-04-29 20:27:00,,2010-04,False,
14651,2010-03-18 11:39:00,2010-03-18 11:42:00,2010-03,True,0
14652,2011-09-23 14:21:00,,2011-09,False,
14653,2009-12-02 11:51:00,2010-01-05 12:20:00,2009-12,True,34
14654,2009-12-01 12:57:00,,2009-12,False,
14655,2010-04-22 14:29:00,2010-07-05 09:45:00,2010-04,True,74
14656,2010-04-15 12:10:00,2010-07-14 12:29:00,2010-04,True,90
14657,2010-09-30 19:57:00,2010-10-06 15:33:00,2010-09,True,6
14658,2011-08-14 15:42:00,2011-12-04 15:35:00,2011-08,True,112
14659,2011-01-28 12:43:00,2011-02-15 12:05:00,2011-01,True,18
14660,2011-08-31 10:40:00,2011-09-14 11:34:00,2011-08,True,14
14661,2011-11-13 11:51:00,,2011-11,False,
14662,2009-12-03 16:47:00,2010-03-17 11:21:00,2009-12,True,104
14663,2010-10-05 13:12:00,2010-10-05 13:21:00,2010-10,True,0
14664,2011-11-06 14:56:00,2011-11-20 10:59:00,2011-11,True,14
14665,2010-04-26 11:17:00,2010-10-08 14:40:00,2010-04,True,165
14666,2011-11-15 12:57:00,,2011-11,False,
14667,2009-12-02 12:38:00,2009-12-16 11:53:00,2009-12,True,14
14668,2010-09-20 15:03:00,,2010-09,False,
14669,2009-12-02 13:06:00,2010-02-16 12:11:00,2009-12,True,76
14670,2009-12-07 13:59:00,2011-03-04 13:58:00,2009-12,True,452
14671,2010-05-20 18:21:00,2010-06-08 13:39:00,2010-05,True,19
14672,2010-01-28 11:33:00,2010-07-12 10:23:00,2010-01,True,165
14673,2010-10-26 10:14:00,2010-11-24 12:06:00,2010-10,True,29
14674,2010-07-18 14:25:00,,2010-07,False,
14675,2010-11-16 12:22:00,2011-11-23 12:58:00,2010-11,True,372
14676,2010-03-10 09:30:00,2010-03-31 15:00:00,2010-03,True,21
14677,2010-04-26 09:48:00,,2010-04,False,
14678,2010-05-09 14:32:00,,2010-05,False,
14679,2009-12-08 17:13:00,2010-07-06 09:58:00,2009-12,True,210
14680,2009-12-04 12:36:00,2009-12-11 12:11:00,2009-12,True,7
14681,2010-02-24 08:54:00,2010-03-05 12:57:00,2010-02,True,9
14682,2010-02-05 14:47:00,2010-03-25 17:06:00,2010-02,True,48
14683,2010-04-30 17:18:00,,2010-04,False,
14684,2010-11-14 14:07:00,2010-12-12 12:44:00,2010-11,True,28
14685,2009-12-13 11:32:00,2009-12-13 12:10:00,2009-12,True,0
14686,2010-02-18 18:29:00,2010-02-18 18:33:00,2010-02,True,0
14687,2010-06-06 10:36:00,2010-11-04 18:56:00,2010-06,True,151
14688,2010-09-09 12:35:00,2010-09-21 12:46:00,2010-09,True,12
14689,2011-05-15 11:22:00,,2011-05,False,
14690,2010-10-25 12:20:00,2010-11-12 14:51:00,2010-10,True,18
14691,2011-05-11 09:55:00,2011-09-04 11:17:00,2011-05,True,116
14692,2010-04-01 14:04:00,2010-05-27 13:47:00,2010-04,True,56
14693,2010-07-02 08:28:00,2010-08-11 10:51:00,2010-07,True,40
14694,2010-04-01 19:46:00,,2010-04,False,
14695,2009-12-07 11:05:00,2009-12-07 13:07:00,2009-12,True,0
14696,2010-10-14 11:43:00,2010-12-01 15:37:00,2010-10,True,48
14697,2011-05-05 15:29:00,2011-05-05 15:39:00,2011-05,True,0
14698,2011-10-19 12:54:00,2011-10-23 12:16:00,2011-10,True,4
14699,2010-07-02 12:04:00,2010-08-03 12:55:00,2010-07,True,32
14700,2010-08-11 12:19:00,2010-10-20 12:26:00,2010-08,True,70
14701,2010-01-24 12:15:00,2010-07-05 12:50:00,2010-01,True,162
14702,2009-12-10 20:22:00,2009-12-17 19:42:00,2009-12,True,7
14703,2011-11-25 09:23:00,,2011-11,False,
14704,2010-03-25 17:21:00,2010-10-11 11:53:00,2010-03,True,200
14705,2011-05-25 12:39:00,,2011-05,False,
14706,2010-03-31 11:09:00,,2010-03,False,
14707,2010-05-12 11:07:00,2010-09-30 11:37:00,2010-05,True,141
14708,2010-09-10 10:26:00,2010-10-12 10:42:00,2010-09,True,32
14709,2009-12-05 15:26:00,2010-01-04 12:51:00,2009-12,True,30
14710,2009-12-03 17:12:00,2009-12-09 17:27:00,2009-12,True,6
14711,2011-03-22 13:32:00,2011-04-04 12:42:00,2011-03,True,13
14712,2010-10-17 14:49:00,2011-08-19 13:33:00,2010-10,True,306
14713,2009-12-03 19:22:00,2010-01-21 19:11:00,2009-12,True,49
14714,2010-01-21 11:51:00,2010-05-13 11:58:00,2010-01,True,112
14715,2010-01-19 12:18:00,2010-05-26 12:49:00,2010-01,True,127
14716,2010-09-21 12:07:00,2011-07-14 12:42:00,2010-09,True,296
14717,2009-12-06 13:05:00,,2009-12,False,
14718,2010-10-25 13:07:00,,2010-10,False,
14719,2011-04-04 14:17:00,2011-06-13 12:52:00,2011-04,True,70
14720,2011-08-05 12:06:00,2011-09-11 13:56:00,2011-08,True,37
14721,2010-11-25 13:08:00,,2010-11,False,
14722,2010-08-10 13:28:00,2010-08-19 14:34:00,2010-08,True,9
14723,2009-12-04 11:22:00,2010-04-13 14:55:00,2009-12,True,130
14724,2010-04-28 13:26:00,,2010-04,False,
14725,2010-06-23 11:34:00,2010-06-23 11:39:00,2010-06,True,0
14726,2010-02-23 12:35:00,,2010-02,False,
14727,2010-06-11 13:23:00,2010-06-11 13:30:00,2010-06,True,0
14728,2010-10-22 15:57:00,,2010-10,False,
14729,2010-03-24 13:30:00,2010-03-24 13:35:00,2010-03,True,0
14730,2011-03-08 12:49:00,2011-03-28 12:52:00,2011-03,True,20
14731,2011-05-11 13:06:00,2011-05-18 11:02:00,2011-05,True,7
14732,2009-12-09 10:48:00,2009-12-16 12:11:00,2009-12,True,7
14733,2010-11-02 15:42:00,2010-11-25 11:38:00,2010-11,True,23
14734,2010-06-06 15:15:00,2010-08-03 09:04:00,2010-06,True,58
14735,2009-12-04 11:32:00,2009-12-08 11:56:00,2009-12,True,4
14736,2010-08-11 15:13:00,2010-08-11 15:21:00,2010-08,True,0
14737,2010-11-04 11:29:00,2010-12-21 13:49:00,2010-11,True,47
14738,2009-12-07 10:21:00,2010-05-27 20:31:00,2009-12,True,171
14739,2009-12-02 13:23:00,2009-12-11 11:06:00,2009-12,True,9
14740,2010-02-25 11:40:00,2010-03-04 15:39:00,2010-02,True,7
14741,2010-10-18 09:33:00,2010-12-02 08:43:00,2010-10,True,45
14742,2010-09-30 14:07:00,,2010-09,False,
14743,2010-04-26 10:26:00,,2010-04,False,
14744,2010-05-18 14:06:00,2010-05-21 11:26:00,2010-05,True,3
14745,2010-03-12 10:33:00,2010-05-06 14:45:00,2010-03,True,55
14746,2010-10-12 11:06:00,2010-10-20 12:45:00,2010-10,True,8
14747,2011-04-04 14:09:00,,2011-04,False,
14748,2010-03-04 17:08:00,2010-04-01 14:18:00,2010-03,True,28
14749,2010-08-17 12:36:00,,2010-08,False,
14750,2009-12-03 17:57:00,,2009-12,False,
14751,2009-12-13 14:08:00,2010-01-24 13:37:00,2009-12,True,42
14752,2011-10-27 11:55:00,,2011-10,False,
14753,2010-09-05 11:04:00,2011-09-13 14:50:00,2010-09,True,373
14754,2010-01-18 11:04:00,2010-05-27 10:13:00,2010-01,True,129
14755,2009-12-03 16:51:00,2009-12-03 16:52:00,2009-12,True,0
14756,2010-10-11 11:50:00,2010-11-22 09:22:00,2010-10,True,42
14757,2011-09-25 14:36:00,,2011-09,False,
14758,2010-04-08 08:27:00,2010-07-19 10:07:00,2010-04,True,102
14759,2011-04-21 10:55:00,2011-08-19 08:57:00,2011-04,True,120
14760,2011-02-15 16:27:00,,2011-02,False,
14761,2010-09-21 14:22:00,2011-01-09 12:03:00,2010-09,True,110
14762,2010-03-23 15:36:00,2011-03-21 08:20:00,2010-03,True,363
14764,2011-10-24 11:54:00,,2011-10,False,
14765,2011-06-16 19:49:00,2011-08-19 15:06:00,2011-06,True,64
14766,2010-06-06 11:11:00,2010-07-16 14:29:00,2010-06,True,40
14767,2010-08-22 14:54:00,,2010-08,False,
14768,2011-08-04 13:25:00,2011-11-22 12:54:00,2011-08,True,110
14769,2009-12-16 09:17:00,2010-01-08 09:08:00,2009-12,True,23
14770,2010-02-25 18:58:00,2010-04-07 13:07:00,2010-02,True,41
14771,2009-12-03 09:44:00,2010-03-28 12:52:00,2009-12,True,115
14772,2011-08-19 15:04:00,,2011-08,False,
14773,2010-04-26 10:29:00,,2010-04,False,
14774,2010-06-29 12:26:00,,2010-06,False,
14775,2010-12-02 16:38:00,2011-07-25 12:12:00,2010-12,True,235
14776,2010-09-19 14:12:00,2010-10-05 14:14:00,2010-09,True,16
14777,2010-11-01 12:50:00,,2010-11,False,
14778,2011-02-04 11:43:00,2011-08-04 15:23:00,2011-02,True,181
14779,2011-01-20 12:04:00,2011-01-21 12:40:00,2011-01,True,1
14780,2011-09-21 15:15:00,2011-10-16 12:46:00,2011-09,True,25
14782,2011-01-24 11:12:00,,2011-01,False,
14783,2010-02-18 16:16:00,,2010-02,False,
14784,2010-11-15 09:49:00,2011-01-20 09:25:00,2010-11,True,66
14785,2011-11-24 13:40:00,2011-11-29 13:21:00,2011-11,True,5
14786,2010-06-07 13:42:00,,2010-06,False,
14787,2010-08-25 14:38:00,,2010-08,False,
14788,2010-04-22 18:16:00,2011-11-13 15:52:00,2010-04,True,570
14789,2011-11-11 08:59:00,,2011-11,False,
14790,2009-12-11 14:37:00,2009-12-20 13:47:00,2009-12,True,9
14791,2010-04-12 10:24:00,,2010-04,False,
14792,2011-10-07 09:19:00,,2011-10,False,
14793,2010-06-22 16:54:00,2011-11-18 14:50:00,2010-06,True,514
14794,2010-08-09 15:44:00,2010-09-20 13:23:00,2010-08,True,42
14795,2011-06-26 13:04:00,,2011-06,False,
14796,2009-12-14 15:06:00,2010-01-29 11:59:00,2009-12,True,46
14797,2010-07-20 14:07:00,,2010-07,False,
14798,2010-03-01 08:38:00,2010-04-08 08:31:00,2010-03,True,38
14799,2009-12-02 11:18:00,2011-10-19 16:16:00,2009-12,True,686
14800,2010-09-30 14:38:00,2010-10-17 14:30:00,2010-09,True,17
14801,2011-10-09 15:24:00,,2011-10,False,
14803,2011-02-20 13:21:00,2011-03-09 12:12:00,2011-02,True,17
14804,2011-12-01 11:20:00,,2011-12,False,
14805,2010-03-28 12:34:00,2010-07-11 12:59:00,2010-03,True,105
14806,2010-09-26 15:50:00,2011-09-25 15:32:00,2010-09,True,364
14807,2010-02-28 11:33:00,2010-11-14 12:47:00,2010-02,True,259
14808,2011-06-20 12:53:00,2011-06-26 12:51:00,2011-06,True,6
14809,2010-03-28 15:42:00,2010-03-28 15:44:00,2010-03,True,0
14810,2010-10-06 13:12:00,2010-10-17 11:11:00,2010-10,True,11
14811,2010-11-17 13:09:00,,2010-11,False,
14812,2010-04-20 12:13:00,,2010-04,False,
14813,2010-04-08 11:49:00,2010-11-19 11:32:00,2010-04,True,225
14814,2010-05-07 14:10:00,,2010-05,False,
14815,2011-10-03 11:36:00,2011-11-03 11:36:00,2011-10,True,31
14816,2011-05-26 13:16:00,,2011-05,False,
14817,2010-03-22 12:10:00,2010-04-18 12:36:00,2010-03,True,27
14818,2010-03-02 12:48:00,2010-07-05 17:28:00,2010-03,True,125
14819,2009-12-21 15:54:00,2010-08-02 17:19:00,2009-12,True,224
14820,2010-01-31 12:49:00,2010-04-26 10:43:00,2010-01,True,85
14821,2010-02-01 13:33:00,2010-02-01 15:44:00,2010-02,True,0
14822,2010-08-11 12:52:00,,2010-08,False,
14823,2011-05-29 12:48:00,2011-05-29 14:03:00,2011-05,True,0
14824,2010-03-12 13:07:00,2010-04-29 12:17:00,2010-03,True,48
14825,2010-04-06 14:14:00,2010-04-21 15:34:00,2010-04,True,15
14826,2010-01-13 13:08:00,2010-05-07 09:00:00,2010-01,True,114
14828,2009-12-07 11:19:00,2010-01-07 09:34:00,2009-12,True,31
14829,2010-09-29 13:14:00,2010-11-17 13:05:00,2010-09,True,49
14830,2011-10-17 14:29:00,,2011-10,False,
14831,2009-12-02 09:21:00,2009-12-02 09:23:00,2009-12,True,0
14833,2010-07-29 10:06:00,,2010-07,False,
14834,2010-10-28 17:37:00,2011-04-13 15:00:00,2010-10,True,167
14835,2010-04-01 19:34:00,2010-06-29 10:08:00,2010-04,True,89
14836,2011-11-09 13:26:00,2011-11-11 16:05:00,2011-11,True,2
14837,2010-01-24 10:20:00,2010-04-27 10:54:00,2010-01,True,93
14838,2009-12-03 09:52:00,2010-10-12 15:46:00,2009-12,True,313
14839,2010-01-04 16:29:00,2010-05-09 12:03:00,2010-01,True,125
14840,2010-06-18 15:42:00,2011-03-17 12:00:00,2010-06,True,272
14841,2009-12-02 16:49:00,2009-12-08 12:34:00,2009-12,True,6
14842,2011-02-04 15:32:00,2011-06-01 08:38:00,2011-02,True,117
14843,2010-09-29 12:39:00,,2010-09,False,
14844,2010-04-12 12:50:00,2010-07-14 16:04:00,2010-04,True,93
14845,2010-04-19 10:19:00,,2010-04,False,
14846,2010-10-08 17:07:00,,2010-10,False,
14847,2010-05-24 12:29:00,2010-10-28 09:45:00,2010-05,True,157
14848,2010-10-31 12:22:00,,2010-10,False,
14849,2010-01-10 11:40:00,2010-02-22 09:48:00,2010-01,True,43
14850,2010-05-20 13:28:00,2010-05-20 13:42:00,2010-05,True,0
14851,2010-03-19 11:52:00,2011-03-28 14:59:00,2010-03,True,374
14852,2010-03-05 14:51:00,2010-03-05 15:21:00,2010-03,True,0
14853,2010-04-13 09:26:00,2010-06-14 15:52:00,2010-04,True,62
14854,2010-01-22 09:48:00,2010-05-12 12:17:00,2010-01,True,110
14855,2010-04-08 10:30:00,2010-07-20 11:06:00,2010-04,True,103
14856,2011-10-14 09:35:00,2011-11-03 14:47:00,2011-10,True,20
14857,2010-03-15 11:00:00,2010-03-15 11:04:00,2010-03,True,0
14858,2010-07-22 10:51:00,,2010-07,False,
14859,2010-06-03 10:26:00,2011-05-19 14:42:00,2010-06,True,350
14860,2011-11-20 14:17:00,,2011-11,False,
14861,2009-12-08 12:12:00,2010-01-12 13:39:00,2009-12,True,35
14862,2011-07-14 11:20:00,2011-11-14 10:01:00,2011-07,True,123
14863,2011-11-10 15:04:00,,2011-11,False,
14865,2009-12-01 16:05:00,2010-11-30 13:24:00,2009-12,True,364
14866,2010-09-21 15:14:00,2010-10-08 12:26:00,2010-09,True,17
14867,2009-12-05 15:47:00,2010-01-12 09:48:00,2009-12,True,38
14868,2010-10-15 14:52:00,2010-10-15 14:53:00,2010-10,True,0
14869,2009-12-16 11:43:00,2010-02-14 15:38:00,2009-12,True,60
14870,2010-01-25 09:05:00,2010-03-01 11:04:00,2010-01,True,35
14871,2009-12-01 11:57:00,2009-12-15 11:28:00,2009-12,True,14
14872,2010-03-16 14:41:00,2010-05-04 09:45:00,2010-03,True,49
14873,2010-03-16 10:51:00,2011-05-13 13:52:00,2010-03,True,423
14874,2010-06-22 14:58:00,,2010-06,False,
14875,2010-09-24 10:28:00,2011-03-22 11:53:00,2010-09,True,179
14876,2010-05-27 13:49:00,2010-07-06 14:57:00,2010-05,True,40
14877,2010-03-07 12:25:00,2010-10-17 13:09:00,2010-03,True,224
14878,2010-02-21 11:14:00,2010-02-21 11:19:00,2010-02,True,0
14879,2010-01-24 11:35:00,,2010-01,False,
14880,2011-02-24 12:27:00,2011-06-07 13:27:00,2011-02,True,103
14881,2011-11-20 11:06:00,,2011-11,False,
14882,2010-03-30 15:02:00,2010-04-27 15:29:00,2010-03,True,28
14883,2011-05-12 09:49:00,2011-06-29 09:32:00,2011-05,True,48
14884,2010-02-08 12:56:00,,2010-02,False,
14885,2010-08-31 10:11:00,2010-10-08 12:08:00,2010-08,True,38
14886,2011-04-01 08:56:00,,2011-04,False,
14887,2011-09-21 15:32:00,,2011-09,False,
14888,2011-05-16 14:58:00,,2011-05,False,
14889,2011-01-07 15:19:00,,2011-01,False,
14890,2010-02-18 09:00:00,2010-03-31 09:40:00,2010-02,True,41
14891,2010-09-29 12:41:00,2010-10-19 12:10:00,2010-09,True,20
14892,2010-01-18 08:58:00,,2010-01,False,
14893,2010-04-01 09:03:00,2011-11-28 10:49:00,2010-04,True,606
14894,2009-12-02 10:42:00,2010-09-22 15:23:00,2009-12,True,294
14895,2009-12-10 14:22:00,2009-12-11 12:28:00,2009-12,True,1
14896,2009-12-06 12:42:00,2010-01-31 10:31:00,2009-12,True,56
14897,2009-12-15 17:05:00,2010-04-26 09:13:00,2009-12,True,132
14898,2009-12-03 16:40:00,2009-12-13 16:05:00,2009-12,True,10
14899,2010-11-09 15:20:00,,2010-11,False,
14900,2010-07-05 15:09:00,,2010-07,False,
14901,2010-07-29 11:11:00,2010-09-01 11:43:00,2010-07,True,34
14902,2010-06-04 12:35:00,2010-11-09 10:29:00,2010-06,True,158
14903,2011-03-06 11:50:00,2011-04-07 12:35:00,2011-03,True,32
14904,2010-10-08 12:48:00,2010-10-27 15:40:00,2010-10,True,19
14905,2009-12-03 14:36:00,2010-03-03 14:43:00,2009-12,True,90
14907,2010-04-16 13:40:00,2010-10-12 12:19:00,2010-04,True,179
14908,2010-09-02 16:39:00,2011-09-26 12:56:00,2010-09,True,389
14909,2010-02-14 15:47:00,2010-05-24 14:43:00,2010-02,True,99
14910,2011-10-16 11:06:00,2011-11-08 12:09:00,2011-10,True,23
14911,2009-12-01 11:41:00,2009-12-07 09:42:00,2009-12,True,6
14912,2010-04-28 09:41:00,2010-11-03 08:55:00,2010-04,True,189
14913,2010-08-11 08:40:00,2010-09-13 14:45:00,2010-08,True,33
14915,2009-12-03 10:17:00,2010-03-03 12:45:00,2009-12,True,90
14916,2010-04-01 10:57:00,2010-04-07 14:54:00,2010-04,True,6
14917,2010-04-22 09:44:00,2010-04-22 11:28:00,2010-04,True,0
14918,2010-04-08 11:18:00,2010-06-10 14:36:00,2010-04,True,63
14919,2010-06-18 13:06:00,,2010-06,False,
14920,2010-05-23 15:25:00,2011-05-11 10:31:00,2010-05,True,353
14921,2011-05-22 12:51:00,2011-11-09 13:17:00,2011-05,True,171
14922,2010-07-20 09:45:00,2010-11-11 11:14:00,2010-07,True,114
14923,2011-10-20 11:51:00,,2011-10,False,
14924,2010-03-10 12:51:00,2010-04-08 15:40:00,2010-03,True,29
14926,2010-04-20 09:59:00,2010-11-23 07:13:00,2010-04,True,217
14927,2010-11-08 12:30:00,,2010-11,False,
14928,2010-03-22 09:14:00,,2010-03,False,
14929,2010-10-14 12:22:00,2011-11-07 17:21:00,2010-10,True,389
14930,2010-04-12 11:22:00,2010-05-25 15:21:00,2010-04,True,43
14931,2011-04-13 09:32:00,2011-09-26 12:11:00,2011-04,True,166
14932,2010-11-19 09:16:00,2010-12-09 11:48:00,2010-11,True,20
14933,2010-09-21 17:29:00,2010-09-22 10:44:00,2010-09,True,1
14934,2010-09-24 12:08:00,2010-09-24 12:11:00,2010-09,True,0
14935,2010-03-30 11:48:00,2011-02-15 14:44:00,2010-03,True,322
14936,2010-05-05 12:26:00,2010-05-05 12:31:00,2010-05,True,0
14937,2011-08-01 14:16:00,2011-10-14 12:28:00,2011-08,True,74
14938,2010-05-26 13:35:00,2010-05-26 13:38:00,2010-05,True,0
14940,2009-12-06 15:46:00,2010-10-18 10:47:00,2009-12,True,316
14941,2010-05-10 11:30:00,,2010-05,False,
14942,2009-12-10 10:32:00,2010-03-11 12:31:00,2009-12,True,91
14943,2010-02-14 16:04:00,,2010-02,False,
14944,2010-02-17 08:47:00,2010-02-17 08:49:00,2010-02,True,0
14945,2010-10-22 11:26:00,,2010-10,False,
14946,2011-11-25 13:33:00,,2011-11,False,
14947,2010-03-25 11:29:00,2010-04-15 11:44:00,2010-03,True,21
14948,2011-05-04 14:52:00,2011-07-25 08:50:00,2011-05,True,82
14949,2009-12-18 15:28:00,2010-01-18 13:47:00,2009-12,True,31
14950,2011-11-20 13:48:00,,2011-11,False,
14951,2011-09-21 15:15:00,,2011-09,False,
14952,2009-12-03 15:34:00,2009-12-16 14:22:00,2009-12,True,13
14953,2010-09-30 12:16:00,2010-10-17 12:37:00,2010-09,True,17
14954,2010-01-05 16:38:00,2011-11-27 14:30:00,2010-01,True,691
14955,2009-12-07 11:35:00,,2009-12,False,
14956,2010-10-14 16:40:00,,2010-10,False,
14957,2010-03-05 10:50:00,2011-03-31 17:59:00,2010-03,True,391
14958,2009-12-03 16:02:00,2010-03-23 13:26:00,2009-12,True,110
14959,2011-02-16 13:00:00,2011-05-08 11:38:00,2011-02,True,81
14960,2011-06-21 13:38:00,2011-12-01 12:54:00,2011-06,True,163
14961,2009-12-04 11:32:00,2009-12-14 13:36:00,2009-12,True,10
14962,2010-05-04 14:57:00,2010-05-17 12:52:00,2010-05,True,13
14963,2010-07-02 12:43:00,2010-09-16 13:06:00,2010-07,True,76
14964,2011-04-06 14:13:00,,2011-04,False,
14965,2011-09-04 13:15:00,2011-09-04 13:20:00,2011-09,True,0
14966,2009-12-15 13:48:00,2009-12-16 11:47:00,2009-12,True,1
14967,2009-12-03 14:07:00,2010-02-18 12:22:00,2009-12,True,77
14968,2010-09-07 13:28:00,2011-11-09 13:58:00,2010-09,True,428
14969,2010-01-05 12:43:00,,2010-01,False,
14970,2010-02-14 13:37:00,2010-02-14 13:38:00,2010-02,True,0
14971,2011-10-27 13:33:00,2011-11-04 17:03:00,2011-10,True,8
14972,2010-11-23 16:17:00,2011-08-03 14:54:00,2010-11,True,253
14973,2011-04-28 12:22:00,2011-07-28 15:58:00,2011-04,True,91
14974,2011-11-02 13:01:00,,2011-11,False,
14975,2010-10-14 14:11:00,2011-10-13 14:08:00,2010-10,True,364
14976,2011-01-17 11:09:00,2011-03-10 12:42:00,2011-01,True,52
14977,2009-12-14 10:37:00,,2009-12,False,
14978,2010-04-28 10:50:00,2010-06-16 11:30:00,2010-04,True,49
14979,2009-12-04 12:54:00,,2009-12,False,
14980,2009-12-02 14:09:00,,2009-12,False,
14981,2010-10-12 11:04:00,2011-04-07 13:45:00,2010-10,True,177
14982,2010-05-16 15:52:00,,2010-05,False,
14983,2010-01-19 17:32:00,,2010-01,False,
14984,2010-01-11 13:22:00,2010-06-06 10:55:00,2010-01,True,146
14985,2010-12-16 19:51:00,2011-05-25 14:29:00,2010-12,True,160
14986,2010-01-24 15:54:00,2010-11-28 15:25:00,2010-01,True,308
14987,2009-12-02 14:56:00,2009-12-13 12:22:00,2009-12,True,11
14988,2010-04-16 13:34:00,2010-05-04 12:30:00,2010-04,True,18
14989,2010-02-16 10:40:00,,2010-02,False,
14990,2009-12-09 13:31:00,2010-04-06 13:54:00,2009-12,True,118
14991,2010-10-05 13:01:00,,2010-10,False,
14992,2010-09-23 17:48:00,,2010-09,False,
14993,2010-05-25 12:47:00,,2010-05,False,
14994,2010-03-26 14:16:00,2010-04-30 11:28:00,2010-03,True,35
14995,2011-03-04 13:14:00,2011-11-01 11:39:00,2011-03,True,242
14996,2010-08-15 13:41:00,2010-08-15 13:44:00,2010-08,True,0
14997,2010-02-22 12:11:00,2011-06-14 16:52:00,2010-02,True,477
14998,2010-04-13 16:07:00,2010-10-07 18:48:00,2010-04,True,177
14999,2010-04-26 10:47:00,,2010-04,False,
15000,2011-10-23 11:42:00,,2011-10,False,
15001,2010-11-10 13:31:00,2010-11-10 13:51:00,2010-11,True,0
15002,2010-01-12 11:40:00,2010-01-26 11:44:00,2010-01,True,14
15003,2010-01-26 13:04:00,2010-02-03 11:58:00,2010-01,True,8
15004,2011-07-15 14:05:00,,2011-07,False,
15005,2009-12-01 14:19:00,2009-12-09 14:38:00,2009-12,True,8
15006,2010-09-12 13:03:00,2011-10-19 15:08:00,2010-09,True,402
15007,2011-07-03 16:00:00,,2011-07,False,
15008,2010-03-12 11:13:00,2010-08-16 13:09:00,2010-03,True,157
15009,2011-11-14 17:40:00,2011-11-20 11:25:00,2011-11,True,6
15010,2011-11-04 12:42:00,,2011-11,False,
15011,2010-10-19 12:05:00,2010-11-09 11:10:00,2010-10,True,21
15012,2010-05-12 11:49:00,2010-12-01 12:49:00,2010-05,True,203
15013,2010-01-31 12:15:00,2010-02-21 11:02:00,2010-01,True,21
15014,2011-06-16 19:40:00,2011-10-27 20:07:00,2011-06,True,133
15015,2009-12-14 14:46:00,2010-01-13 14:32:00,2009-12,True,30
15016,2010-06-14 13:06:00,2010-10-13 13:32:00,2010-06,True,121
15017,2011-11-06 10:33:00,,2011-11,False,
15018,2010-12-07 10:47:00,2011-04-01 09:56:00,2010-12,True,115
15019,2011-03-18 12:35:00,,2011-03,False,
15020,2010-11-25 13:29:00,,2010-11,False,
15021,2010-07-29 16:35:00,2010-11-12 13:05:00,2010-07,True,106
15022,2010-01-31 16:02:00,2011-10-23 15:47:00,2010-01,True,630
15023,2010-02-03 15:45:00,2010-04-01 13:54:00,2010-02,True,57
15024,2010-10-11 16:14:00,2010-10-11 16:42:00,2010-10,True,0
15025,2010-05-20 13:28:00,2011-11-06 15:20:00,2010-05,True,535
15026,2010-09-17 13:52:00,2010-11-29 13:50:00,2010-09,True,73
15027,2010-03-25 14:39:00,2010-05-06 14:15:00,2010-03,True,42
15028,2010-11-10 14:32:00,2010-11-26 12:56:00,2010-11,True,16
15029,2010-03-30 12:16:00,,2010-03,False,
15030,2010-03-04 17:10:00,2010-03-18 17:34:00,2010-03,True,14
15031,2009-12-08 13:38:00,2010-01-14 19:50:00,2009-12,True,37
15032,2009-12-10 15:27:00,2010-04-15 14:38:00,2009-12,True,126
15033,2011-01-14 13:28:00,2011-03-28 12:22:00,2011-01,True,73
15034,2010-05-11 13:30:00,2010-07-02 12:55:00,2010-05,True,52
15035,2011-09-11 11:08:00,,2011-09,False,
15036,2011-06-13 12:19:00,2011-06-15 13:35:00,2011-06,True,2
15037,2010-11-28 12:14:00,2010-11-28 13:05:00,2010-11,True,0
15038,2010-10-10 14:35:00,2010-10-31 12:52:00,2010-10,True,21
15039,2009-12-10 11:39:00,2009-12-15 11:24:00,2009-12,True,5
15040,2010-06-16 11:40:00,,2010-06,False,
15041,2010-09-21 13:16:00,2011-06-22 16:16:00,2010-09,True,274
15042,2010-04-23 14:01:00,2011-05-24 16:25:00,2010-04,True,396
15043,2010-06-24 15:50:00,2010-07-21 17:31:00,2010-06,True,27
15044,2009-12-16 15:13:00,2009-12-23 11:21:00,2009-12,True,7
15045,2011-03-27 11:44:00,2011-07-11 11:33:00,2011-03,True,106
15046,2010-01-14 14:29:00,2010-01-26 10:54:00,2010-01,True,12
15047,2011-03-15 10:49:00,,2011-03,False,
15048,2010-12-06 12:15:00,2011-05-03 11:40:00,2010-12,True,148
15049,2011-03-11 12:13:00,,2011-03,False,
15050,2010-08-16 12:00:00,2010-10-14 14:18:00,2010-08,True,59
15051,2009-12-01 13:29:00,2010-02-16 10:44:00,2009-12,True,77
15052,2011-01-24 15:52:00,,2011-01,False,
15053,2011-03-03 12:06:00,2011-07-06 13:06:00,2011-03,True,125
15054,2011-10-30 14:33:00,2011-11-27 15:02:00,2011-10,True,28
15055,2009-12-16 15:48:00,2010-04-25 13:40:00,2009-12,True,130
15056,2010-07-07 15:58:00,,2010-07,False,
15057,2009-12-05 15:27:00,2010-03-24 11:51:00,2009-12,True,109
15058,2010-02-24 14:07:00,2010-04-26 10:33:00,2010-02,True,61
15059,2009-12-06 12:17:00,2010-01-15 15:13:00,2009-12,True,40
15060,2011-11-30 14:03:00,2011-11-30 14:17:00,2011-11,True,0
15061,2009-12-01 12:18:00,2009-12-01 12:19:00,2009-12,True,0
15062,2010-04-08 15:41:00,2010-07-01 14:49:00,2010-04,True,84
15063,2011-05-10 13:25:00,,2011-05,False,
15064,2009-12-22 16:17:00,2010-05-13 10:42:00,2009-12,True,142
15065,2010-10-25 09:13:00,2011-02-21 12:54:00,2010-10,True,119
15066,2011-10-17 13:25:00,,2011-10,False,
15067,2010-04-11 15:54:00,2010-10-22 14:30:00,2010-04,True,194
15068,2010-03-28 13:18:00,2010-10-17 16:08:00,2010-03,True,203
15069,2011-06-13 14:16:00,,2011-06,False,
15070,2009-12-15 13:49:00,2010-04-27 15:21:00,2009-12,True,133
15071,2010-05-18 12:45:00,2010-11-18 13:30:00,2010-05,True,184
15072,2010-08-17 15:46:00,,2010-08,False,
15073,2010-01-27 08:48:00,2010-04-22 14:15:00,2010-01,True,85
15074,2010-08-29 11:47:00,2010-10-06 15:49:00,2010-08,True,38
15075,2011-09-23 12:27:00,,2011-09,False,
15076,2010-07-05 14:11:00,2010-08-04 13:37:00,2010-07,True,30
15077,2009-12-09 17:10:00,2010-08-02 11:13:00,2009-12,True,236
15078,2009-12-04 12:03:00,2009-12-15 19:01:00,2009-12,True,11
15079,2009-12-08 11:22:00,2009-12-08 11:23:00,2009-12,True,0
15080,2010-07-26 10:03:00,2010-10-08 11:52:00,2010-07,True,74
15081,2010-06-22 10:25:00,2010-07-01 10:51:00,2010-06,True,9
15082,2010-02-09 10:23:00,,2010-02,False,
15083,2011-03-28 12:18:00,,2011-03,False,
15084,2010-03-04 10:45:00,2010-11-25 11:58:00,2010-03,True,266
15085,2009-12-10 11:47:00,,2009-12,False,
15086,2010-03-24 13:56:00,2010-05-24 12:27:00,2010-03,True,61
15087,2011-03-03 10:34:00,,2011-03,False,
15088,2011-10-03 14:05:00,2011-11-18 13:14:00,2011-10,True,46
15089,2011-08-03 14:14:00,2011-08-23 13:40:00,2011-08,True,20
15090,2011-02-04 14:03:00,,2011-02,False,
15091,2010-02-03 11:46:00,2010-02-03 11:50:00,2010-02,True,0
15092,2010-09-03 12:33:00,2011-03-01 12:24:00,2010-09,True,179
15093,2009-12-08 12:46:00,2010-01-12 14:33:00,2009-12,True,35
15094,2010-03-05 12:56:00,2010-09-02 16:55:00,2010-03,True,181
15095,2010-01-21 09:37:00,2010-04-22 08:03:00,2010-01,True,91
15096,2011-10-28 10:27:00,,2011-10,False,
15097,2010-05-05 14:22:00,2010-05-05 14:33:00,2010-05,True,0
15098,2011-06-10 15:22:00,2011-06-10 15:28:00,2011-06,True,0
15099,2011-09-16 13:13:00,,2011-09,False,
15100,2010-01-07 14:33:00,2010-11-11 13:23:00,2010-01,True,308
15101,2010-04-28 15:00:00,2010-06-04 14:12:00,2010-04,True,37
15102,2010-06-11 10:16:00,2010-06-27 12:16:00,2010-06,True,16
15103,2011-09-14 13:54:00,2011-11-08 14:53:00,2011-09,True,55
15104,2011-03-02 14:16:00,2011-05-27 12:29:00,2011-03,True,86
15105,2010-03-23 12:18:00,2010-10-05 14:12:00,2010-03,True,196
15106,2011-03-15 12:52:00,2011-05-12 08:41:00,2011-03,True,58
15107,2010-09-14 10:47:00,2010-09-23 08:10:00,2010-09,True,9
15108,2011-04-26 10:54:00,2011-06-05 12:51:00,2011-04,True,40
15109,2009-12-04 12:33:00,2010-05-09 13:44:00,2009-12,True,156
15110,2010-08-11 15:49:00,2010-11-01 10:31:00,2010-08,True,82
15111,2010-04-26 13:12:00,2010-10-11 14:32:00,2010-04,True,168
15112,2010-04-07 14:17:00,,2010-04,False,
15113,2011-10-16 15:27:00,2011-11-14 10:33:00,2011-10,True,29
15114,2010-10-14 16:44:00,2010-11-21 16:14:00,2010-10,True,38
15115,2009-12-07 11:20:00,2011-11-21 14:59:00,2009-12,True,714
15116,2011-05-19 08:50:00,2011-07-28 09:48:00,2011-05,True,70
15117,2010-03-15 13:39:00,2010-03-15 13:40:00,2010-03,True,0
15118,2011-07-28 14:54:00,,2011-07,False,
15119,2011-04-08 09:08:00,,2011-04,False,
15120,2011-07-29 09:48:00,,2011-07,False,
15121,2011-02-24 12:41:00,2011-10-20 14:51:00,2011-02,True,238
15122,2010-03-30 14:05:00,2010-05-04 14:12:00,2010-03,True,35
15123,2010-03-16 09:49:00,2010-09-27 13:58:00,2010-03,True,195
15124,2010-02-26 10:49:00,2010-08-20 12:31:00,2010-02,True,175
15125,2010-03-31 13:29:00,2010-03-31 13:32:00,2010-03,True,0
15126,2010-01-21 17:09:00,2010-06-21 12:31:00,2010-01,True,151
15127,2010-07-08 10:07:00,2011-10-05 10:30:00,2010-07,True,454
15128,2010-10-05 16:46:00,2011-05-04 12:32:00,2010-10,True,211
15129,2010-04-08 17:15:00,2010-04-21 09:03:00,2010-04,True,13
15130,2011-06-23 10:15:00,,2011-06,False,
15131,2010-11-10 12:07:00,,2010-11,False,
15132,2011-03-22 12:02:00,2011-05-24 08:53:00,2011-03,True,63
15133,2010-07-07 12:31:00,2010-11-22 15:16:00,2010-07,True,138
15134,2010-10-13 12:44:00,2010-11-23 14:59:00,2010-10,True,41
15135,2010-06-01 13:33:00,2011-04-14 19:16:00,2010-06,True,317
15136,2011-09-04 16:05:00,2011-11-17 16:35:00,2011-09,True,74
15137,2010-01-28 15:45:00,2010-07-07 09:41:00,2010-01,True,160
15138,2010-11-11 09:16:00,,2010-11,False,
15139,2011-01-07 12:44:00,2011-04-14 11:39:00,2011-01,True,97
15140,2010-09-23 13:07:00,2011-03-20 14:37:00,2010-09,True,178
15141,2010-03-28 15:58:00,2010-05-10 13:51:00,2010-03,True,43
15142,2010-07-27 09:05:00,2010-08-12 09:17:00,2010-07,True,16
15143,2010-10-03 13:58:00,2011-04-28 12:03:00,2010-10,True,207
15144,2009-12-13 11:35:00,2010-02-24 12:51:00,2009-12,True,73
15145,2011-04-05 15:20:00,2011-04-26 16:40:00,2011-04,True,21
15146,2011-02-21 13:07:00,2011-06-28 12:09:00,2011-02,True,127
15147,2011-04-13 15:57:00,,2011-04,False,
15148,2011-11-29 08:21:00,,2011-11,False,
15149,2010-02-28 11:13:00,2010-02-28 11:14:00,2010-02,True,0
15150,2010-06-14 12:01:00,2010-09-09 17:16:00,2010-06,True,87
15151,2010-07-18 12:19:00,2010-10-12 16:37:00,2010-07,True,86
15152,2010-01-07 15:15:00,2011-06-05 15:36:00,2010-01,True,514
15153,2011-11-08 17:09:00,,2011-11,False,
15154,2010-08-18 17:41:00,2010-08-18 17:43:00,2010-08,True,0
15155,2010-11-21 12:59:00,,2010-11,False,
15156,2011-11-06 12:41:00,2011-12-05 09:15:00,2011-11,True,29
15157,2009-12-10 14:44:00,2010-05-19 13:29:00,2009-12,True,160
15158,2010-11-03 13:46:00,2011-10-25 13:53:00,2010-11,True,356
15159,2010-10-04 09:31:00,2010-10-21 16:33:00,2010-10,True,17
15160,2010-10-14 15:26:00,2010-11-04 12:24:00,2010-10,True,21
15161,2010-11-16 16:08:00,,2010-11,False,
15162,2009-12-08 13:14:00,,2009-12,False,
15163,2011-05-31 15:22:00,2011-11-21 13:10:00,2011-05,True,174
15164,2010-01-18 13:34:00,2010-04-06 13:30:00,2010-01,True,78
15165,2010-12-01 14:03:00,,2010-12,False,
15166,2010-08-29 12:31:00,,2010-08,False,
15167,2010-02-04 14:13:00,2010-09-20 17:32:00,2010-02,True,228
15168,2011-11-14 11:26:00,,2011-11,False,
15169,2009-12-13 11:16:00,2010-11-22 13:04:00,2009-12,True,344
15170,2010-10-29 10:34:00,,2010-10,False,
15171,2011-01-12 15:36:00,,2011-01,False,
15172,2011-04-17 11:56:00,2011-05-27 09:48:00,2011-04,True,40
15173,2010-04-01 12:26:00,2010-05-02 10:39:00,2010-04,True,31
15174,2010-10-25 09:40:00,2011-01-21 09:06:00,2010-10,True,88
15175,2011-09-29 11:31:00,,2011-09,False,
15176,2010-02-10 10:36:00,,2010-02,False,
15177,2010-10-10 12:48:00,,2010-10,False,
15178,2011-03-24 15:12:00,,2011-03,False,
15179,2009-12-03 12:27:00,2010-01-22 10:51:00,2009-12,True,50
15180,2010-04-29 15:27:00,2010-10-18 10:07:00,2010-04,True,172
15181,2009-12-08 19:02:00,2010-10-15 11:47:00,2009-12,True,311
15182,2010-02-21 12:03:00,2010-05-25 10:14:00,2010-02,True,93
15183,2010-05-04 11:31:00,2010-05-24 13:00:00,2010-05,True,20
15184,2009-12-16 12:06:00,2010-11-17 12:41:00,2009-12,True,336
15185,2011-09-30 14:06:00,,2011-09,False,
15186,2010-01-12 10:14:00,2010-05-12 14:00:00,2010-01,True,120
15187,2011-05-11 13:49:00,2011-06-24 09:38:00,2011-05,True,44
15188,2009-12-14 13:30:00,,2009-12,False,
15189,2010-07-18 13:37:00,2010-09-07 10:54:00,2010-07,True,51
15190,2010-10-01 13:09:00,,2010-10,False,
15191,2010-01-20 12:35:00,2010-01-20 12:35:00,2010-01,True,0
15192,2010-01-29 10:13:00,2010-05-13 13:50:00,2010-01,True,104
15193,2011-10-10 08:23:00,,2011-10,False,
15194,2009-12-03 10:37:00,2009-12-08 18:07:00,2009-12,True,5
15195,2011-12-07 12:20:00,,2011-12,False,
15196,2009-12-13 11:14:00,2010-10-03 10:50:00,2009-12,True,294
15197,2009-12-11 12:56:00,2010-09-27 14:38:00,2009-12,True,290
15198,2010-01-19 10:01:00,2010-04-01 14:15:00,2010-01,True,72
15199,2010-05-13 10:14:00,2010-06-23 09:32:00,2010-05,True,41
15200,2010-08-02 09:38:00,,2010-08,False,
15201,2010-04-07 14:50:00,2010-09-26 10:50:00,2010-04,True,172
15203,2009-12-08 18:06:00,2010-01-28 12:32:00,2009-12,True,51
15204,2010-12-17 13:49:00,,2010-12,False,
15205,2011-08-04 16:07:00,2011-09-15 19:36:00,2011-08,True,42
15206,2011-03-09 08:59:00,2011-07-17 11:26:00,2011-03,True,130
15207,2010-06-10 17:29:00,2010-10-15 12:30:00,2010-06,True,127
15208,2010-10-12 12:17:00,2010-12-21 13:03:00,2010-10,True,70
15209,2009-12-09 17:26:00,,2009-12,False,
15210,2010-05-13 14:42:00,2010-11-26 09:09:00,2010-05,True,197
15211,2010-12-09 16:08:00,2011-10-10 13:31:00,2010-12,True,305
15212,2010-11-28 10:45:00,2011-04-12 13:45:00,2010-11,True,135
15213,2011-01-14 11:05:00,2011-01-25 12:21:00,2011-01,True,11
15214,2011-04-11 09:46:00,2011-06-09 09:44:00,2011-04,True,59
15215,2010-04-06 11:21:00,2010-05-04 12:59:00,2010-04,True,28
15216,2010-03-31 09:52:00,2011-09-13 11:41:00,2010-03,True,531
15217,2010-05-25 13:51:00,,2010-05,False,
15218,2010-01-26 11:33:00,2010-03-10 14:02:00,2010-01,True,43
15219,2010-03-01 11:33:00,2011-06-16 16:57:00,2010-03,True,472
15220,2011-03-04 10:24:00,2011-04-14 17:29:00,2011-03,True,41
15221,2010-03-12 10:40:00,2010-04-25 15:50:00,2010-03,True,44
15222,2009-12-16 13:49:00,2010-01-14 15:24:00,2009-12,True,29
15223,2009-12-05 11:19:00,2010-01-17 14:54:00,2009-12,True,43
15224,2010-01-15 16:14:00,2010-03-03 10:11:00,2010-01,True,47
15225,2011-04-19 14:51:00,,2011-04,False,
15226,2011-02-02 11:41:00,,2011-02,False,
15227,2010-03-16 08:23:00,2010-05-18 10:09:00,2010-03,True,63
15228,2010-07-28 10:21:00,2010-10-07 14:24:00,2010-07,True,71
15229,2010-05-02 13:50:00,,2010-05,False,
15230,2011-04-13 11:04:00,2011-04-14 14:39:00,2011-04,True,1
15231,2010-03-28 15:12:00,,2010-03,False,
15232,2011-07-22 12:21:00,2011-08-18 16:27:00,2011-07,True,27
15233,2010-11-03 13:36:00,,2010-11,False,
15234,2011-03-08 08:53:00,,2011-03,False,
15235,2010-11-16 12:48:00,2010-11-16 12:49:00,2010-11,True,0
15236,2011-02-14 10:52:00,,2011-02,False,
15237,2011-04-26 15:04:00,2011-05-20 14:47:00,2011-04,True,24
15238,2011-06-08 16:00:00,2011-09-05 15:26:00,2011-06,True,89
15239,2011-09-22 09:53:00,2011-11-29 14:14:00,2011-09,True,68
15240,2009-12-05 14:57:00,2010-05-04 10:03:00,2009-12,True,150
15241,2010-02-23 13:59:00,2010-05-18 10:38:00,2010-02,True,84
15242,2010-10-13 15:33:00,,2010-10,False,
15243,2010-09-30 17:28:00,2011-09-26 14:12:00,2010-09,True,361
15244,2010-02-11 14:48:00,2011-04-05 15:12:00,2010-02,True,418
15245,2010-04-23 14:23:00,2010-07-06 13:49:00,2010-04,True,74
15246,2010-06-02 11:28:00,2010-12-16 09:46:00,2010-06,True,197
15247,2010-06-20 14:08:00,2010-08-19 10:13:00,2010-06,True,60
15248,2010-06-23 14:34:00,2010-08-20 14:13:00,2010-06,True,58
15249,2010-03-26 14:51:00,2010-04-16 11:54:00,2010-03,True,21
15250,2010-03-09 07:35:00,,2010-03,False,
15251,2010-01-29 12:42:00,2010-02-17 12:03:00,2010-01,True,19
15252,2010-04-07 10:24:00,2010-05-12 11:55:00,2010-04,True,35
15253,2010-05-02 11:17:00,2010-07-05 16:07:00,2010-05,True,64
15254,2010-05-28 10:08:00,2010-06-11 10:30:00,2010-05,True,14
15255,2009-12-03 09:10:00,2010-06-13 14:31:00,2009-12,True,192
15256,2010-05-27 11:41:00,2011-07-14 11:47:00,2010-05,True,413
15257,2010-10-21 14:03:00,2011-03-01 12:58:00,2010-10,True,131
15258,2011-05-06 14:16:00,2011-06-24 12:30:00,2011-05,True,49
15259,2010-01-26 09:41:00,2010-04-16 15:55:00,2010-01,True,80
15260,2009-12-06 11:45:00,2009-12-07 10:38:00,2009-12,True,1
15261,2010-10-01 11:59:00,2010-10-18 10:42:00,2010-10,True,17
15262,2010-08-08 15:55:00,2010-11-24 13:21:00,2010-08,True,108
15263,2011-08-25 10:26:00,,2011-08,False,
15264,2010-06-27 13:29:00,2011-10-06 13:49:00,2010-06,True,466
15265,2009-12-01 17:08:00,2010-04-14 11:20:00,2009-12,True,134
15266,2010-01-07 12:19:00,2010-01-22 15:04:00,2010-01,True,15
15267,2011-06-10 10:24:00,2011-07-07 11:36:00,2011-06,True,27
15268,2010-04-13 11:27:00,2010-08-18 10:32:00,2010-04,True,127
15269,2010-11-14 12:58:00,2010-11-24 15:31:00,2010-11,True,10
15270,2009-12-17 15:02:00,2009-12-17 15:06:00,2009-12,True,0
15271,2010-08-05 14:57:00,2010-08-27 14:52:00,2010-08,True,22
15272,2010-02-14 13:39:00,2010-05-16 15:33:00,2010-02,True,91
15273,2010-04-19 11:31:00,,2010-04,False,
15274,2011-11-21 14:17:00,2011-12-05 16:57:00,2011-11,True,14
15275,2011-11-02 11:20:00,,2011-11,False,
15276,2010-10-01 12:24:00,2010-11-10 16:06:00,2010-10,True,40
15277,2010-10-10 16:02:00,2011-10-24 10:08:00,2010-10,True,379
15278,2010-02-12 14:53:00,2010-02-12 14:54:00,2010-02,True,0
15279,2010-02-02 10:15:00,2010-03-19 13:22:00,2010-02,True,45
15280,2010-05-17 14:17:00,2010-08-08 12:21:00,2010-05,True,83
15281,2010-10-08 12:14:00,2010-10-18 14:31:00,2010-10,True,10
15282,2010-05-18 16:27:00,,2010-05,False,
15283,2010-07-09 15:46:00,2010-08-09 15:47:00,2010-07,True,31
15284,2010-07-27 13:25:00,,2010-07,False,
15285,2010-10-28 09:46:00,,2010-10,False,
15286,2011-10-21 11:08:00,,2011-10,False,
15287,2009-12-02 12:13:00,2010-09-30 17:30:00,2009-12,True,302
15288,2010-02-12 15:27:00,2010-04-23 12:49:00,2010-02,True,70
15289,2010-03-28 11:45:00,2010-09-07 12:38:00,2010-03,True,163
15290,2010-02-24 10:15:00,2010-05-07 08:49:00,2010-02,True,72
15291,2009-12-03 11:09:00,2009-12-09 09:36:00,2009-12,True,6
15292,2011-05-22 15:00:00,,2011-05,False,
15293,2010-02-12 11:54:00,,2010-02,False,
15294,2010-10-25 11:45:00,,2010-10,False,
15295,2010-02-23 13:03:00,,2010-02,False,
15296,2010-01-21 13:48:00,2010-05-17 15:54:00,2010-01,True,116
15297,2011-10-07 09:42:00,2011-11-10 14:38:00,2011-10,True,34
15298,2009-12-08 17:04:00,2010-01-18 15:10:00,2009-12,True,41
15299,2010-01-12 11:34:00,2010-10-01 14:55:00,2010-01,True,262
15300,2011-10-06 17:08:00,,2011-10,False,
15301,2010-09-15 15:41:00,2010-09-29 14:54:00,2010-09,True,14
15302,2009-12-09 13:11:00,,2009-12,False,
15303,2010-01-25 09:42:00,2010-05-23 12:14:00,2010-01,True,118
15304,2010-10-14 10:24:00,2010-12-06 11:42:00,2010-10,True,53
15305,2010-06-02 13:50:00,,2010-06,False,
15306,2010-02-18 17:12:00,2010-04-23 12:12:00,2010-02,True,64
15307,2011-09-05 11:38:00,,2011-09,False,
15308,2011-03-10 13:08:00,,2011-03,False,
15309,2009-12-04 13:01:00,2010-02-26 13:01:00,2009-12,True,84
15310,2010-08-18 11:38:00,,2010-08,False,
15311,2009-12-01 11:21:00,2009-12-02 11:20:00,2009-12,True,1
15312,2009-12-16 09:23:00,2010-01-14 10:25:00,2009-12,True,29
15313,2011-08-21 16:02:00,,2011-08,False,
15314,2010-10-07 15:41:00,2010-10-22 12:19:00,2010-10,True,15
15315,2011-08-15 15:17:00,2011-10-06 12:51:00,2011-08,True,52
15316,2011-01-17 11:34:00,,2011-01,False,
15317,2010-01-31 15:55:00,,2010-01,False,
15318,2011-12-06 11:30:00,,2011-12,False,
15319,2011-03-01 12:48:00,,2011-03,False,
15320,2011-10-26 13:27:00,,2011-10,False,
15321,2010-02-03 09:47:00,2010-02-25 09:16:00,2010-02,True,22
15322,2010-08-20 13:10:00,2011-09-15 09:34:00,2010-08,True,391
15323,2010-02-16 09:21:00,2010-04-07 15:14:00,2010-02,True,50
15324,2010-01-07 14:37:00,,2010-01,False,
15325,2010-02-16 13:30:00,2010-03-19 10:40:00,2010-02,True,31
15326,2009-12-01 13:19:00,2009-12-18 16:04:00,2009-12,True,17
15327,2011-10-18 11:55:00,,2011-10,False,
15328,2010-10-28 09:05:00,,2010-10,False,
15329,2009-12-14 12:18:00,2010-03-19 13:32:00,2009-12,True,95
15330,2011-10-10 12:30:00,2011-11-07 17:50:00,2011-10,True,28
15331,2010-04-09 14:26:00,2010-07-28 09:42:00,2010-04,True,110
15332,2010-07-14 13:01:00,2010-11-04 12:17:00,2010-07,True,113
15333,2011-05-15 13:27:00,,2011-05,False,
15334,2011-06-19 13:51:00,2011-06-29 14:20:00,2011-06,True,10
15335,2011-10-17 12:50:00,,2011-10,False,
15336,2010-11-03 12:39:00,,2010-11,False,
15337,2010-10-24 15:29:00,,2010-10,False,
15338,2010-01-31 14:25:00,,2010-01,False,
15339,2010-02-08 13:38:00,2010-03-26 17:24:00,2010-02,True,46
15340,2010-05-27 10:27:00,,2010-05,False,
15341,2010-09-16 16:41:00,2011-09-20 09:40:00,2010-09,True,369
15342,2011-08-02 10:19:00,,2011-08,False,
15343,2011-09-13 13:55:00,,2011-09,False,
15344,2011-09-26 14:48:00,2011-11-07 17:08:00,2011-09,True,42
15345,2011-10-25 11:28:00,,2011-10,False,
15346,2010-10-04 15:11:00,2010-10-10 13:55:00,2010-10,True,6
15347,2010-09-28 12:50:00,2010-11-04 15:03:00,2010-09,True,37
15348,2011-09-28 13:17:00,,2011-09,False,
15349,2011-06-05 15:46:00,2011-07-04 16:06:00,2011-06,True,29
15350,2010-11-21 15:14:00,2010-12-01 13:33:00,2010-11,True,10
15351,2010-10-03 12:18:00,2010-10-13 15:37:00,2010-10,True,10
15352,2010-06-09 11:28:00,,2010-06,False,
15353,2009-12-02 11:33:00,2010-06-08 14:00:00,2009-12,True,188
15355,2011-10-17 15:22:00,2011-11-10 13:44:00,2011-10,True,24
15356,2010-10-13 13:12:00,2010-11-14 11:39:00,2010-10,True,32
15358,2009-12-07 12:19:00,2009-12-20 14:59:00,2009-12,True,13
15359,2010-01-15 11:30:00,2010-01-29 10:49:00,2010-01,True,14
15360,2011-10-31 09:35:00,,2011-10,False,
15361,2010-06-14 13:27:00,2010-06-22 11:35:00,2010-06,True,8
15362,2009-12-01 09:08:00,2010-09-17 10:37:00,2009-12,True,290
15363,2010-08-04 08:41:00,2010-12-02 12:28:00,2010-08,True,120
15364,2011-03-30 13:39:00,2011-09-05 09:46:00,2011-03,True,159
15365,2010-02-04 16:43:00,2010-08-12 14:57:00,2010-02,True,189
15366,2010-02-26 10:10:00,2010-04-21 09:52:00,2010-02,True,54
15367,2009-12-10 14:20:00,2010-03-02 14:36:00,2009-12,True,82
15368,2010-11-10 15:52:00,2011-11-18 14:42:00,2010-11,True,373
15369,2009-12-08 07:43:00,2010-01-08 11:58:00,2009-12,True,31
15370,2010-10-25 12:08:00,2011-01-11 11:32:00,2010-10,True,78
15371,2010-02-15 13:14:00,,2010-02,False,
15372,2010-02-14 11:24:00,2010-02-16 12:42:00,2010-02,True,2
15373,2010-05-02 11:57:00,2010-05-16 14:06:00,2010-05,True,14
15374,2010-03-25 12:03:00,2011-08-03 09:59:00,2010-03,True,496
15375,2010-01-18 15:38:00,,2010-01,False,
15376,2011-05-01 13:45:00,2011-08-14 15:39:00,2011-05,True,105
15377,2010-10-20 11:42:00,2010-11-02 18:25:00,2010-10,True,13
15378,2010-07-26 08:47:00,2010-09-03 11:30:00,2010-07,True,39
15379,2010-11-04 11:59:00,2010-12-16 13:02:00,2010-11,True,42
15380,2009-12-01 13:50:00,2009-12-10 15:35:00,2009-12,True,9
15381,2010-05-05 14:35:00,2010-06-16 16:42:00,2010-05,True,42
15382,2009-12-04 14:13:00,2010-02-22 10:24:00,2009-12,True,80
15384,2010-04-26 12:38:00,2010-11-23 12:04:00,2010-04,True,211
15385,2010-01-31 13:02:00,2010-11-12 12:28:00,2010-01,True,285
15386,2011-06-06 13:47:00,,2011-06,False,
15387,2010-08-04 16:05:00,,2010-08,False,
15388,2011-03-14 13:53:00,,2011-03,False,
15389,2010-01-27 12:44:00,2010-05-26 16:02:00,2010-01,True,119
15390,2010-10-26 17:23:00,2010-11-08 15:19:00,2010-10,True,13
15391,2010-05-04 15:04:00,,2010-05,False,
15392,2010-10-04 12:50:00,2010-11-08 08:58:00,2010-10,True,35
15393,2009-12-15 17:56:00,2010-01-15 15:27:00,2009-12,True,31
15394,2009-12-15 19:05:00,2010-05-23 14:25:00,2009-12,True,159
15395,2011-01-18 12:40:00,,2011-01,False,
15396,2010-05-05 09:04:00,2011-08-19 10:56:00,2010-05,True,471
15397,2011-02-23 09:25:00,,2011-02,False,
15398,2011-09-22 14:56:00,2011-11-23 16:47:00,2011-09,True,62
15399,2011-09-21 15:57:00,2011-11-17 15:04:00,2011-09,True,57
15400,2010-05-28 08:33:00,2010-08-05 14:11:00,2010-05,True,69
15401,2010-05-20 10:56:00,2010-09-13 13:42:00,2010-05,True,116
15402,2010-04-27 12:12:00,2010-06-18 10:47:00,2010-04,True,52
15403,2009-12-09 12:45:00,2010-08-05 12:21:00,2009-12,True,239
15404,2010-11-29 11:03:00,,2010-11,False,
15405,2010-05-12 15:56:00,2011-06-03 14:44:00,2010-05,True,387
15406,2010-09-12 13:06:00,2010-09-12 13:10:00,2010-09,True,0
15407,2011-02-07 13:18:00,2011-05-01 14:58:00,2011-02,True,83
15408,2011-03-20 15:02:00,,2011-03,False,
15409,2009-12-18 15:35:00,,2009-12,False,
15410,2010-04-19 08:57:00,2010-05-20 09:53:00,2010-04,True,31
15411,2011-06-10 12:30:00,2011-08-07 12:54:00,2011-06,True,58
15412,2011-06-21 15:24:00,,2011-06,False,
15413,2009-12-01 10:18:00,2009-12-08 15:10:00,2009-12,True,7
15414,2011-04-11 13:45:00,2011-11-02 14:58:00,2011-04,True,205
15415,2011-01-30 14:13:00,,2011-01,False,
15416,2010-02-01 11:55:00,2010-08-18 09:47:00,2010-02,True,198
15417,2011-09-15 15:26:00,,2011-09,False,
15418,2010-05-02 11:31:00,2010-10-10 13:38:00,2010-05,True,161
15419,2011-11-15 09:23:00,,2011-11,False,
15420,2009-12-05 13:29:00,2009-12-14 14:34:00,2009-12,True,9
15421,2009-12-07 15:10:00,2010-01-29 13:52:00,2009-12,True,53
15422,2010-02-07 11:52:00,2010-05-18 12:49:00,2010-02,True,100
15423,2010-03-28 13:42:00,2010-05-07 09:21:00,2010-03,True,40
15424,2010-09-02 17:17:00,2011-03-30 13:00:00,2010-09,True,209
15425,2010-02-14 12:36:00,2010-03-21 11:32:00,2010-02,True,35
15426,2010-05-02 15:10:00,2010-07-25 12:53:00,2010-05,True,84
15427,2011-10-23 14:47:00,2011-11-06 14:17:00,2011-10,True,14
15428,2009-12-17 17:46:00,2010-03-12 15:13:00,2009-12,True,85
15429,2011-09-25 13:42:00,2011-11-13 12:28:00,2011-09,True,49
15430,2010-06-29 15:04:00,2010-08-29 10:42:00,2010-06,True,61
15431,2010-07-25 12:44:00,,2010-07,False,
15432,2010-06-16 14:34:00,2011-11-16 16:30:00,2010-06,True,518
15433,2011-03-17 14:12:00,2011-05-10 10:45:00,2011-03,True,54
15434,2010-01-24 15:35:00,2010-09-30 12:01:00,2010-01,True,249
15435,2011-11-17 16:39:00,,2011-11,False,
15436,2011-04-19 16:52:00,2011-10-23 16:19:00,2011-04,True,187
15437,2010-03-09 10:45:00,2011-03-22 13:11:00,2010-03,True,378
15438,2011-07-31 14:19:00,,2011-07,False,
15439,2010-02-24 12:05:00,2010-02-24 12:09:00,2010-02,True,0
15440,2011-05-15 11:30:00,2011-07-26 14:27:00,2011-05,True,72
15441,2009-12-09 14:55:00,2010-10-11 11:04:00,2009-12,True,306
15442,2011-04-05 12:24:00,,2011-04,False,
15443,2010-03-07 12:10:00,2010-03-25 11:28:00,2010-03,True,18
15444,2011-10-30 16:12:00,2011-11-30 17:37:00,2011-10,True,31
15445,2010-04-28 15:00:00,2011-03-20 15:06:00,2010-04,True,326
15446,2009-12-13 13:53:00,2010-03-21 11:15:00,2009-12,True,98
15447,2010-03-24 14:40:00,2010-04-20 09:45:00,2010-03,True,27
15448,2010-02-03 13:29:00,2011-01-31 10:42:00,2010-02,True,362
15449,2011-03-23 10:43:00,2011-06-07 16:42:00,2011-03,True,76
15450,2011-11-09 17:11:00,,2011-11,False,
15451,2010-04-19 14:08:00,2010-10-01 13:40:00,2010-04,True,165
15452,2010-07-16 14:23:00,2010-08-24 12:03:00,2010-07,True,39
15453,2011-06-05 12:37:00,2011-06-23 19:46:00,2011-06,True,18
15454,2010-03-31 13:15:00,2010-12-12 14:21:00,2010-03,True,256
15455,2010-04-21 12:43:00,,2010-04,False,
15456,2009-12-08 12:54:00,2009-12-20 12:10:00,2009-12,True,12
15457,2011-03-22 15:31:00,,2011-03,False,
15458,2010-11-02 19:50:00,2011-11-14 13:08:00,2010-11,True,377
15459,2010-07-30 14:31:00,2010-10-18 15:25:00,2010-07,True,80
15460,2010-12-20 16:08:00,,2010-12,False,
15461,2010-03-18 12:40:00,2010-09-05 12:31:00,2010-03,True,171
15462,2010-09-20 10:23:00,2011-06-05 15:36:00,2010-09,True,258
15463,2011-11-10 12:57:00,,2011-11,False,
15464,2011-01-05 15:56:00,,2011-01,False,
15465,2009-12-10 09:42:00,2010-01-08 14:16:00,2009-12,True,29
15466,2009-12-03 12:28:00,2010-04-12 14:48:00,2009-12,True,130
15467,2011-07-10 14:42:00,2011-07-17 15:24:00,2011-07,True,7
15468,2010-11-12 09:39:00,2011-10-19 13:38:00,2010-11,True,341
15469,2010-09-27 10:09:00,2011-08-11 16:54:00,2010-09,True,318
15470,2010-05-13 09:35:00,,2010-05,False,
15471,2010-06-07 12:17:00,2010-11-24 14:39:00,2010-06,True,170
15472,2011-08-18 15:17:00,,2011-08,False,
15473,2010-09-21 09:14:00,2011-10-10 11:12:00,2010-09,True,384
15474,2010-04-23 11:14:00,,2010-04,False,
15475,2011-09-23 15:20:00,,2011-09,False,
15476,2010-09-23 14:00:00,2010-11-12 11:33:00,2010-09,True,50
15477,2010-02-28 10:37:00,,2010-02,False,
15478,2010-05-13 18:49:00,2011-10-14 11:09:00,2010-05,True,519
15479,2009-12-06 15:08:00,,2009-12,False,
15480,2010-02-01 14:52:00,2010-08-27 15:14:00,2010-02,True,207
15481,2010-11-03 14:52:00,,2010-11,False,
15482,2009-12-02 16:59:00,2009-12-03 10:23:00,2009-12,True,1
15483,2010-01-24 15:42:00,2010-06-18 11:01:00,2010-01,True,145
15484,2009-12-05 15:18:00,2010-06-17 16:16:00,2009-12,True,194
15485,2009-12-01 17:31:00,2009-12-01 17:50:00,2009-12,True,0
15486,2010-06-30 13:15:00,,2010-06,False,
15487,2010-01-29 12:07:00,,2010-01,False,
15488,2010-05-05 13:03:00,2010-08-06 14:54:00,2010-05,True,93
15489,2010-01-15 16:58:00,2010-04-11 11:47:00,2010-01,True,86
15490,2010-10-05 13:11:00,,2010-10,False,
15491,2011-04-18 10:04:00,2011-04-18 10:20:00,2011-04,True,0
15492,2011-09-26 14:02:00,2011-11-11 14:53:00,2011-09,True,46
15493,2010-02-23 11:14:00,2010-04-06 11:42:00,2010-02,True,42
15494,2009-12-10 20:16:00,2010-07-07 13:55:00,2009-12,True,209
15495,2010-11-25 13:46:00,,2010-11,False,
15496,2010-03-18 13:16:00,,2010-03,False,
15497,2009-12-18 15:08:00,2010-01-13 10:21:00,2009-12,True,26
15498,2009-12-16 17:27:00,2010-02-21 13:18:00,2009-12,True,67
15499,2009-12-16 12:17:00,,2009-12,False,
15500,2011-09-19 13:47:00,2011-11-13 13:41:00,2011-09,True,55
15501,2010-10-20 12:47:00,2010-10-31 11:15:00,2010-10,True,11
15502,2010-06-03 11:12:00,2010-09-27 11:57:00,2010-06,True,116
15503,2009-12-13 11:34:00,2010-12-12 10:57:00,2009-12,True,364
15504,2010-02-12 12:34:00,2010-04-12 12:48:00,2010-02,True,59
15505,2011-07-07 13:33:00,2011-08-05 15:07:00,2011-07,True,29
15506,2010-08-19 12:38:00,2010-10-17 15:16:00,2010-08,True,59
15507,2011-06-21 11:19:00,,2011-06,False,
15508,2011-04-18 15:31:00,2011-04-28 13:31:00,2011-04,True,10
15509,2010-11-24 14:48:00,,2010-11,False,
15510,2011-01-13 12:10:00,,2011-01,False,
15511,2011-09-15 15:05:00,2011-10-13 12:58:00,2011-09,True,28
15512,2010-02-01 13:23:00,2010-11-14 12:39:00,2010-02,True,286
15513,2010-01-13 14:59:00,2010-03-25 11:07:00,2010-01,True,71
15514,2009-12-04 16:37:00,2009-12-15 16:23:00,2009-12,True,11
15515,2010-11-17 13:39:00,,2010-11,False,
15516,2011-10-24 11:33:00,2011-10-24 11:38:00,2011-10,True,0
15517,2011-04-20 14:02:00,,2011-04,False,
15518,2009-12-20 12:21:00,2010-01-26 12:55:00,2009-12,True,37
15519,2010-09-19 13:57:00,2010-11-21 14:35:00,2010-09,True,63
15520,2011-12-08 10:58:00,,2011-12,False,
15521,2010-01-05 10:19:00,2010-04-07 13:34:00,2010-01,True,92
15522,2011-09-13 12:26:00,2011-11-07 11:26:00,2011-09,True,55
15523,2009-12-02 15:16:00,2009-12-02 15:17:00,2009-12,True,0
15524,2010-04-12 09:19:00,2011-11-15 12:09:00,2010-04,True,582
15525,2010-11-22 12:10:00,2010-12-01 13:17:00,2010-11,True,9
15526,2011-11-06 15:01:00,2011-11-06 15:04:00,2011-11,True,0
15527,2009-12-15 17:31:00,2010-01-10 12:25:00,2009-12,True,26
15528,2011-03-30 16:14:00,,2011-03,False,
15529,2010-11-10 14:26:00,2010-12-08 12:24:00,2010-11,True,28
15530,2010-07-15 11:10:00,2011-04-07 11:16:00,2010-07,True,266
15531,2011-11-09 17:47:00,2011-12-01 18:43:00,2011-11,True,22
15532,2010-06-08 14:52:00,2010-06-29 16:13:00,2010-06,True,21
15533,2011-09-11 15:41:00,2011-09-18 13:40:00,2011-09,True,7
15534,2009-12-14 12:48:00,,2009-12,False,
15535,2010-09-16 20:04:00,2010-10-31 14:09:00,2010-09,True,45
15536,2010-10-26 16:31:00,,2010-10,False,
15537,2011-06-29 13:10:00,,2011-06,False,
15538,2010-02-14 12:38:00,2010-03-04 11:44:00,2010-02,True,18
15539,2011-12-02 13:36:00,,2011-12,False,
15540,2010-11-29 11:10:00,2011-11-28 13:51:00,2010-11,True,364
15541,2011-08-17 14:58:00,,2011-08,False,
15542,2009-12-02 11:53:00,2009-12-02 12:06:00,2009-12,True,0
15543,2010-09-06 11:28:00,2011-02-24 15:26:00,2010-09,True,171
15544,2010-01-28 14:39:00,2010-02-18 10:26:00,2010-01,True,21
15545,2010-12-03 17:28:00,2011-10-16 13:24:00,2010-12,True,317
15546,2010-04-12 11:45:00,2010-04-12 11:51:00,2010-04,True,0
15547,2009-12-06 13:40:00,2010-01-21 11:11:00,2009-12,True,46
15548,2010-04-23 12:20:00,,2010-04,False,
15549,2010-01-11 13:16:00,2010-01-27 16:14:00,2010-01,True,16
15550,2009-12-03 15:15:00,2009-12-14 10:27:00,2009-12,True,11
15551,2010-06-07 15:05:00,2010-09-24 12:18:00,2010-06,True,109
15552,2010-03-26 16:17:00,2011-05-06 14:47:00,2010-03,True,406
15553,2011-10-10 14:02:00,,2011-10,False,
15554,2011-03-07 09:00:00,,2011-03,False,
15555,2009-12-06 11:58:00,2010-02-01 15:10:00,2009-12,True,57
15556,2011-11-15 16:08:00,,2011-11,False,
15557,2011-11-11 12:46:00,,2011-11,False,
15558,2010-03-10 15:25:00,,2010-03,False,
15559,2010-05-20 14:06:00,,2010-05,False,
15560,2010-11-07 10:14:00,2010-11-07 10:15:00,2010-11,True,0
15561,2010-02-14 12:22:00,2010-05-10 10:29:00,2010-02,True,85
15562,2009-12-13 15:17:00,2010-10-11 10:33:00,2009-12,True,302
15563,2010-01-28 11:36:00,2010-04-14 11:36:00,2010-01,True,76
15564,2010-02-01 15:58:00,2010-09-02 15:52:00,2010-02,True,213
15565,2011-09-30 10:44:00,2011-10-20 14:33:00,2011-09,True,20
15566,2009-12-15 14:53:00,2010-11-12 12:11:00,2009-12,True,332
15567,2011-11-21 10:48:00,,2011-11,False,
15568,2011-09-27 14:37:00,2011-10-26 11:51:00,2011-09,True,29
15569,2010-02-28 10:55:00,2010-04-18 11:14:00,2010-02,True,49
15570,2010-03-28 14:04:00,2010-04-21 15:08:00,2010-03,True,24
15571,2009-12-06 12:10:00,2010-03-23 12:41:00,2009-12,True,107
15572,2010-04-14 14:38:00,2010-10-20 13:40:00,2010-04,True,189
15573,2009-12-10 14:19:00,2010-02-25 11:41:00,2009-12,True,77
15574,2010-09-01 14:37:00,2010-10-15 12:45:00,2010-09,True,44
15575,2010-03-30 12:50:00,,2010-03,False,
15576,2011-11-02 12:03:00,,2011-11,False,
15577,2009-12-13 16:17:00,2009-12-16 14:54:00,2009-12,True,3
15578,2011-06-30 13:03:00,,2011-06,False,
15579,2010-10-03 14:37:00,2010-10-08 17:28:00,2010-10,True,5
15580,2010-02-07 11:21:00,2010-04-21 14:05:00,2010-02,True,73
15581,2009-12-02 12:19:00,2009-12-02 12:32:00,2009-12,True,0
15582,2011-05-03 13:36:00,2011-08-31 14:52:00,2011-05,True,120
15583,2010-11-28 15:04:00,,2010-11,False,
15584,2010-02-07 12:16:00,2010-11-05 11:34:00,2010-02,True,271
15585,2011-06-16 08:38:00,,2011-06,False,
15586,2010-01-08 10:02:00,2010-02-18 10:27:00,2010-01,True,41
15587,2010-08-05 08:44:00,2010-10-26 17:52:00,2010-08,True,82
15588,2010-01-31 12:19:00,,2010-01,False,
15589,2011-02-02 10:46:00,2011-03-29 09:53:00,2011-02,True,55
15590,2010-04-12 10:09:00,2010-05-05 08:53:00,2010-04,True,23
15591,2010-02-04 09:20:00,2010-03-09 10:21:00,2010-02,True,33
15592,2011-10-24 08:59:00,,2011-10,False,
15593,2011-09-30 11:46:00,,2011-09,False,
15594,2011-04-19 10:08:00,2011-09-07 10:51:00,2011-04,True,141
15595,2010-08-09 12:27:00,,2010-08,False,
15596,2010-07-28 11:46:00,2010-10-04 12:22:00,2010-07,True,68
15597,2010-05-13 13:10:00,2011-11-04 13:26:00,2010-05,True,540
15598,2010-10-08 09:20:00,2011-10-17 16:04:00,2010-10,True,374
15599,2010-09-20 10:15:00,2011-05-19 13:05:00,2010-09,True,241
15600,2010-04-25 11:50:00,2010-06-15 12:27:00,2010-04,True,51
15601,2009-12-01 14:53:00,2009-12-03 15:49:00,2009-12,True,2
15602,2009-12-02 09:35:00,2010-01-28 13:53:00,2009-12,True,57
15603,2010-03-01 16:02:00,2011-09-22 10:04:00,2010-03,True,570
15604,2011-10-18 14:47:00,,2011-10,False,
15605,2010-01-14 14:03:00,2010-03-03 15:52:00,2010-01,True,48
15606,2010-03-02 14:48:00,2010-04-01 10:29:00,2010-03,True,30
15607,2010-01-08 12:16:00,2010-01-15 12:38:00,2010-01,True,7
15608,2010-10-20 10:10:00,2011-08-11 09:56:00,2010-10,True,295
15609,2011-06-08 13:00:00,,2011-06,False,
15610,2011-10-19 10:36:00,,2011-10,False,
15611,2010-01-25 14:50:00,2010-01-29 14:41:00,2010-01,True,4
15612,2011-10-09 12:49:00,2011-11-03 14:52:00,2011-10,True,25
15613,2010-04-08 12:51:00,,2010-04,False,
15614,2010-03-23 11:13:00,2010-07-27 12:47:00,2010-03,True,126
15615,2009-12-02 15:28:00,2009-12-02 15:29:00,2009-12,True,0
15616,2010-09-27 13:10:00,,2010-09,False,
15617,2010-07-20 13:16:00,2010-10-20 10:22:00,2010-07,True,92
15618,2011-07-26 10:13:00,2011-09-08 12:56:00,2011-07,True,44
15619,2011-11-29 08:14:00,,2011-11,False,
15620,2010-10-26 11:32:00,2010-12-16 14:34:00,2010-10,True,51
15621,2011-11-18 11:49:00,2011-11-28 15:16:00,2011-11,True,10
15622,2010-03-04 10:29:00,2010-04-22 11:51:00,2010-03,True,49
15623,2009-12-10 14:46:00,2010-01-19 10:41:00,2009-12,True,40
15624,2011-03-28 13:32:00,2011-05-17 12:44:00,2011-03,True,50
15625,2010-06-15 15:23:00,2010-06-16 16:01:00,2010-06,True,1
15626,2010-10-14 17:16:00,2011-01-14 10:10:00,2010-10,True,92
15627,2010-07-05 11:56:00,2010-09-08 14:14:00,2010-07,True,65
15628,2009-12-13 13:39:00,2010-02-11 09:59:00,2009-12,True,60
15629,2010-06-25 11:39:00,2010-07-30 11:52:00,2010-06,True,35
15630,2010-03-05 14:30:00,2011-05-19 10:16:00,2010-03,True,440
15631,2010-03-07 14:52:00,,2010-03,False,
15632,2011-03-10 08:29:00,2011-03-31 11:53:00,2011-03,True,21
15633,2009-12-08 17:51:00,2010-01-15 16:53:00,2009-12,True,38
15634,2010-11-21 15:30:00,2011-11-22 16:28:00,2010-11,True,366
15635,2010-11-09 08:58:00,,2010-11,False,
15636,2010-05-19 11:37:00,2010-09-28 15:10:00,2010-05,True,132
15637,2009-12-15 17:54:00,2010-03-09 10:02:00,2009-12,True,84
15638,2010-04-08 14:37:00,2010-04-25 15:45:00,2010-04,True,17
15639,2010-04-13 13:11:00,2010-09-14 09:05:00,2010-04,True,154
15640,2009-12-14 16:36:00,2010-01-08 16:42:00,2009-12,True,25
15641,2009-12-06 15:31:00,2009-12-15 17:25:00,2009-12,True,9
15642,2009-12-10 11:51:00,,2009-12,False,
15643,2011-03-02 14:34:00,2011-06-01 07:37:00,2011-03,True,91
15644,2011-03-23 15:37:00,2011-03-23 16:00:00,2011-03,True,0
15645,2010-10-10 12:51:00,2010-10-21 18:36:00,2010-10,True,11
15646,2010-10-25 13:06:00,2010-11-10 14:37:00,2010-10,True,16
15647,2010-10-20 15:09:00,,2010-10,False,
15648,2011-03-17 18:59:00,2011-05-19 15:53:00,2011-03,True,63
15649,2010-11-17 16:22:00,2010-11-29 16:34:00,2010-11,True,12
15650,2010-03-21 11:46:00,2010-07-06 10:41:00,2010-03,True,107
15651,2010-04-22 13:26:00,2010-10-15 13:42:00,2010-04,True,176
15652,2010-08-11 16:58:00,2010-10-04 17:07:00,2010-08,True,54
15653,2011-08-16 09:50:00,2011-09-08 10:49:00,2011-08,True,23
15654,2011-11-13 15:15:00,2011-11-30 13:08:00,2011-11,True,17
15655,2011-04-10 15:25:00,,2011-04,False,
15656,2011-02-28 15:32:00,2011-05-03 12:17:00,2011-02,True,64
15657,2011-11-17 12:19:00,,2011-11,False,
15658,2009-12-03 11:19:00,2010-07-28 12:34:00,2009-12,True,237
15659,2010-02-24 13:32:00,2010-11-18 10:51:00,2010-02,True,267
15660,2010-02-05 16:01:00,2010-03-31 12:44:00,2010-02,True,54
15661,2010-05-10 07:59:00,2010-07-19 15:15:00,2010-05,True,70
15662,2009-12-01 13:49:00,2010-02-16 16:47:00,2009-12,True,77
15663,2011-08-25 15:50:00,,2011-08,False,
15664,2010-02-28 12:50:00,2010-05-07 08:17:00,2010-02,True,68
15665,2010-03-14 15:07:00,2010-08-22 13:41:00,2010-03,True,161
15666,2010-08-01 15:41:00,2010-08-24 16:14:00,2010-08,True,23
15667,2011-10-31 10:56:00,,2011-10,False,
15668,2011-05-06 10:39:00,,2011-05,False,
15669,2011-03-21 09:13:00,2011-06-16 17:12:00,2011-03,True,87
15670,2010-06-01 15:34:00,2011-02-16 10:50:00,2010-06,True,260
15671,2011-03-14 09:37:00,2011-03-16 14:31:00,2011-03,True,2
15672,2009-12-14 16:52:00,,2009-12,False,
15673,2010-02-22 14:28:00,2010-04-08 13:18:00,2010-02,True,45
15674,2009-12-08 17:08:00,2010-02-25 12:18:00,2009-12,True,79
15675,2010-10-31 14:14:00,2011-03-04 14:21:00,2010-10,True,124
15676,2011-03-01 10:19:00,2011-11-04 14:19:00,2011-03,True,248
15677,2010-09-02 12:08:00,2010-10-14 15:19:00,2010-09,True,42
15678,2010-07-05 12:49:00,2010-11-09 14:38:00,2010-07,True,127
15679,2011-06-10 08:24:00,2011-07-08 13:31:00,2011-06,True,28
15680,2009-12-02 12:15:00,2010-01-24 15:14:00,2009-12,True,53
15681,2010-05-24 14:18:00,2010-06-07 16:48:00,2010-05,True,14
15682,2010-01-21 14:37:00,2010-04-19 15:30:00,2010-01,True,88
15683,2010-08-23 12:01:00,2011-08-14 12:56:00,2010-08,True,356
15684,2009-12-04 16:13:00,2010-01-07 11:21:00,2009-12,True,34
15685,2010-09-15 13:43:00,,2010-09,False,
15686,2010-10-15 13:50:00,,2010-10,False,
15687,2011-01-13 15:13:00,2011-02-01 13:15:00,2011-01,True,19
15688,2010-10-17 12:06:00,,2010-10,False,
15689,2010-04-01 09:53:00,2010-12-13 09:57:00,2010-04,True,256
15690,2011-08-31 11:40:00,2011-12-05 15:59:00,2011-08,True,96
15691,2009-12-06 16:01:00,2010-04-29 11:53:00,2009-12,True,144
15692,2011-11-11 14:12:00,,2011-11,False,
15693,2010-02-18 14:37:00,,2010-02,False,
15694,2009-12-07 15:43:00,2010-04-23 14:03:00,2009-12,True,137
15695,2010-01-27 10:56:00,2010-04-21 10:36:00,2010-01,True,84
15696,2010-01-24 14:36:00,2010-03-11 12:17:00,2010-01,True,46
15697,2010-01-19 09:10:00,,2010-01,False,
15698,2010-03-25 17:38:00,,2010-03,False,
15699,2011-11-22 08:26:00,,2011-11,False,
15700,2011-06-19 15:36:00,2011-06-20 16:53:00,2011-06,True,1
15701,2011-08-21 12:36:00,2011-09-27 10:41:00,2011-08,True,37
15702,2010-08-20 14:50:00,,2010-08,False,
15703,2011-03-20 10:51:00,,2011-03,False,
15704,2010-05-05 14:51:00,2010-07-25 15:00:00,2010-05,True,81
15705,2011-05-22 15:37:00,,2011-05,False,
15706,2011-08-15 14:32:00,2011-09-25 12:45:00,2011-08,True,41
15707,2011-09-14 14:19:00,2011-10-06 15:53:00,2011-09,True,22
15708,2010-10-10 11:33:00,2010-11-14 11:01:00,2010-10,True,35
15709,2010-04-29 18:31:00,2011-03-01 10:38:00,2010-04,True,306
15710,2010-10-18 17:05:00,,2010-10,False,
15711,2010-01-24 12:13:00,2010-06-01 12:14:00,2010-01,True,128
15712,2009-12-01 11:17:00,2010-01-06 13:08:00,2009-12,True,36
15713,2009-12-16 09:41:00,2010-03-30 10:26:00,2009-12,True,104
15714,2010-06-02 12:08:00,2010-06-08 08:37:00,2010-06,True,6
15715,2010-03-30 12:17:00,2010-04-22 15:33:00,2010-03,True,23
15716,2009-12-07 12:42:00,2010-03-23 12:11:00,2009-12,True,106
15717,2010-04-26 10:41:00,2010-06-24 13:43:00,2010-04,True,59
15718,2010-06-17 16:20:00,,2010-06,False,
15719,2009-12-01 12:47:00,2009-12-10 12:03:00,2009-12,True,9
15720,2010-06-07 15:40:00,2011-11-15 14:48:00,2010-06,True,526
15721,2011-11-28 12:14:00,,2011-11,False,
15722,2010-03-09 15:05:00,2010-03-25 17:34:00,2010-03,True,16
15723,2010-05-14 12:55:00,2010-09-16 10:43:00,2010-05,True,125
15724,2010-11-04 10:22:00,2011-02-28 10:40:00,2010-11,True,116
15725,2011-11-24 14:51:00,,2011-11,False,
15726,2010-11-14 16:12:00,,2010-11,False,
15727,2010-01-24 12:12:00,2010-05-19 11:39:00,2010-01,True,115
15728,2010-09-21 14:46:00,2010-11-25 10:39:00,2010-09,True,65
15729,2010-11-01 13:44:00,2010-11-04 16:07:00,2010-11,True,3
15730,2010-10-04 14:15:00,2010-11-23 10:41:00,2010-10,True,50
15731,2010-06-04 10:10:00,,2010-06,False,
15732,2010-02-04 10:10:00,2010-02-23 11:29:00,2010-02,True,19
15733,2011-03-02 09:05:00,,2011-03,False,
15734,2010-06-10 14:25:00,2010-09-29 11:40:00,2010-06,True,111
15735,2010-10-14 13:38:00,,2010-10,False,
15736,2010-09-30 14:19:00,2010-09-30 14:20:00,2010-09,True,0
15737,2011-04-11 10:01:00,2011-06-03 14:33:00,2011-04,True,53
15738,2009-12-10 15:52:00,2010-01-11 09:53:00,2009-12,True,32
15739,2011-10-04 13:42:00,,2011-10,False,
15740,2011-10-21 14:29:00,,2011-10,False,
15741,2010-03-31 11:55:00,2010-09-07 16:21:00,2010-03,True,160
15742,2010-03-30 15:25:00,,2010-03,False,
15743,2011-06-08 10:14:00,2011-08-18 12:43:00,2011-06,True,71
15744,2011-09-23 09:52:00,,2011-09,False,
15745,2011-04-17 13:04:00,2011-09-27 10:24:00,2011-04,True,163
15746,2011-07-28 15:21:00,,2011-07,False,
15747,2010-01-18 11:21:00,2010-04-23 16:02:00,2010-01,True,95
15748,2010-09-16 16:52:00,2010-09-16 16:55:00,2010-09,True,0
15749,2011-01-11 12:55:00,2011-01-11 12:57:00,2011-01,True,0
15750,2009-12-01 17:19:00,2009-12-16 16:02:00,2009-12,True,15
15751,2009-12-06 13:08:00,2009-12-06 13:21:00,2009-12,True,0
15752,2010-09-08 11:56:00,2010-11-03 14:22:00,2010-09,True,56
15753,2011-02-08 12:41:00,,2011-02,False,
15754,2010-02-22 13:31:00,2010-03-04 09:37:00,2010-02,True,10
15755,2009-12-04 08:24:00,2010-01-13 13:55:00,2009-12,True,40
15756,2011-04-04 14:00:00,2011-05-10 14:20:00,2011-04,True,36
15757,2010-06-10 13:47:00,2010-08-04 12:22:00,2010-06,True,55
15758,2011-11-15 10:48:00,,2011-11,False,
15759,2009-12-02 10:08:00,2010-05-14 12:44:00,2009-12,True,163
15761,2010-09-23 09:33:00,,2010-09,False,
15762,2011-09-23 15:17:00,2011-10-05 16:15:00,2011-09,True,12
15763,2011-09-23 12:10:00,2011-11-08 09:44:00,2011-09,True,46
15764,2010-08-18 13:58:00,2010-10-01 14:07:00,2010-08,True,44
15765,2010-02-11 10:25:00,,2010-02,False,
15766,2010-01-26 15:55:00,2010-09-09 13:51:00,2010-01,True,226
15768,2009-12-03 12:10:00,2009-12-09 12:18:00,2009-12,True,6
15769,2009-12-11 09:58:00,2010-01-11 09:55:00,2009-12,True,31
15770,2010-04-06 11:47:00,,2010-04,False,
15771,2010-01-15 12:14:00,2010-04-06 12:20:00,2010-01,True,81
15772,2010-10-17 13:33:00,,2010-10,False,
15773,2010-10-26 15:27:00,2011-12-04 12:48:00,2010-10,True,404
15774,2010-02-21 12:57:00,2010-04-06 09:58:00,2010-02,True,44
15775,2010-03-18 07:32:00,2011-04-08 12:56:00,2010-03,True,386
15776,2011-07-29 13:46:00,,2011-07,False,
15777,2010-05-20 10:37:00,2010-10-18 15:45:00,2010-05,True,151
15778,2010-10-04 15:10:00,,2010-10,False,
15779,2010-06-25 15:55:00,2010-09-02 16:40:00,2010-06,True,69
15780,2010-12-17 11:43:00,2011-04-11 09:18:00,2010-12,True,115
15781,2011-02-07 09:15:00,2011-07-25 12:25:00,2011-02,True,168
15782,2010-10-05 15:43:00,2011-09-11 14:29:00,2010-10,True,341
15783,2011-11-29 09:50:00,,2011-11,False,
15784,2010-02-05 14:42:00,2010-08-29 10:38:00,2010-02,True,205
15785,2009-12-15 16:28:00,2010-01-29 12:32:00,2009-12,True,45
15786,2010-06-21 10:13:00,2010-10-18 08:11:00,2010-06,True,119
15787,2011-10-09 13:11:00,2011-11-13 14:48:00,2011-10,True,35
15788,2010-07-19 12:48:00,,2010-07,False,
15789,2010-03-26 11:21:00,2010-06-15 11:33:00,2010-03,True,81
15790,2011-11-29 14:53:00,,2011-11,False,
15791,2010-03-08 09:41:00,2010-04-28 11:29:00,2010-03,True,51
15792,2010-03-31 09:42:00,2010-11-05 08:21:00,2010-03,True,219
15793,2009-12-01 12:54:00,2010-03-23 08:40:00,2009-12,True,112
15794,2009-12-02 15:10:00,2009-12-03 13:04:00,2009-12,True,1
15795,2010-01-18 11:31:00,2010-02-14 12:57:00,2010-01,True,27
15796,2010-03-31 13:10:00,2010-04-18 10:39:00,2010-03,True,18
15797,2010-01-27 13:12:00,2010-05-07 15:09:00,2010-01,True,100
15798,2010-01-27 11:55:00,2010-03-04 09:08:00,2010-01,True,36
15799,2010-10-17 14:26:00,2011-01-09 15:13:00,2010-10,True,84
15800,2010-03-31 13:17:00,2010-03-31 13:22:00,2010-03,True,0
15801,2011-08-22 09:53:00,2011-10-10 15:42:00,2011-08,True,49
15803,2010-02-01 16:29:00,2010-09-02 08:42:00,2010-02,True,213
15804,2011-05-25 10:12:00,2011-06-22 10:28:00,2011-05,True,28
15805,2009-12-10 12:57:00,2010-01-26 11:39:00,2009-12,True,47
15806,2011-03-08 09:24:00,2011-07-05 12:15:00,2011-03,True,119
15807,2010-02-11 15:32:00,2010-10-27 13:04:00,2010-02,True,258
15808,2009-12-01 16:30:00,2009-12-15 14:10:00,2009-12,True,14
15809,2010-06-22 14:23:00,2010-09-06 13:20:00,2010-06,True,76
15810,2010-02-04 18:18:00,2010-03-22 10:08:00,2010-02,True,46
15811,2010-11-16 16:46:00,2010-12-09 15:29:00,2010-11,True,23
15812,2009-12-15 13:40:00,2010-01-20 12:33:00,2009-12,True,36
15813,2011-04-14 09:09:00,2011-05-16 08:13:00,2011-04,True,32
15814,2010-04-15 14:31:00,2010-11-11 17:55:00,2010-04,True,210
15815,2011-03-25 08:43:00,2011-04-08 12:01:00,2011-03,True,14
15816,2010-06-15 12:54:00,2010-06-15 13:36:00,2010-06,True,0
15817,2010-06-14 13:31:00,2010-08-04 12:54:00,2010-06,True,51
15818,2010-04-30 12:58:00,,2010-04,False,
15819,2010-03-18 11:08:00,2010-03-18 11:09:00,2010-03,True,0
15820,2011-01-24 12:00:00,,2011-01,False,
15821,2011-10-09 13:28:00,2011-10-26 15:48:00,2011-10,True,17
15822,2009-12-06 15:12:00,2010-05-05 11:27:00,2009-12,True,150
15823,2009-12-08 15:12:00,2009-12-10 18:03:00,2009-12,True,2
15824,2010-06-25 15:10:00,2010-09-12 13:20:00,2010-06,True,79
15825,2011-06-20 13:27:00,,2011-06,False,
15826,2010-05-20 17:00:00,2011-05-13 10:44:00,2010-05,True,358
15827,2010-01-08 11:25:00,2010-02-18 09:32:00,2010-01,True,41
15828,2010-11-29 16:41:00,,2010-11,False,
15829,2011-07-22 10:23:00,2011-09-01 16:45:00,2011-07,True,41
15830,2011-11-02 10:40:00,,2011-11,False,
15831,2011-01-19 14:52:00,2011-08-07 13:54:00,2011-01,True,200
15832,2011-03-30 15:29:00,,2011-03,False,
15833,2009-12-02 11:59:00,,2009-12,False,
15834,2010-10-11 14:05:00,2010-11-28 12:03:00,2010-10,True,48
15835,2011-01-13 10:35:00,2011-03-24 13:59:00,2011-01,True,70
15836,2011-10-20 17:13:00,,2011-10,False,
15837,2010-08-11 10:16:00,2011-10-06 09:01:00,2010-08,True,421
15838,2009-12-15 09:51:00,2010-03-09 11:57:00,2009-12,True,84
15839,2011-07-14 16:35:00,2011-09-20 12:12:00,2011-07,True,68
15840,2011-06-20 11:42:00,2011-10-12 09:08:00,2011-06,True,114
15841,2009-12-10 08:29:00,2009-12-20 10:13:00,2009-12,True,10
15842,2010-06-30 09:06:00,2010-11-11 14:08:00,2010-06,True,134
15843,2011-02-09 10:19:00,,2011-02,False,
15844,2011-10-24 15:19:00,,2011-10,False,
15845,2010-01-26 14:44:00,2010-04-27 09:09:00,2010-01,True,91
15846,2010-11-19 14:40:00,,2010-11,False,
15847,2010-03-08 08:47:00,2010-09-22 14:42:00,2010-03,True,198
15848,2010-03-28 10:54:00,,2010-03,False,
15850,2009-12-13 13:27:00,2010-06-21 14:14:00,2009-12,True,190
15851,2010-07-01 12:34:00,,2010-07,False,
15852,2010-07-01 10:16:00,2011-05-26 13:26:00,2010-07,True,329
15853,2011-10-19 10:38:00,,2011-10,False,
15854,2009-12-10 12:08:00,2010-04-07 12:58:00,2009-12,True,118
15855,2010-08-20 17:15:00,2011-03-21 12:32:00,2010-08,True,213
15856,2009-12-03 14:02:00,2009-12-11 16:46:00,2009-12,True,8
15857,2010-10-05 16:43:00,2011-11-21 12:18:00,2010-10,True,412
15858,2009-12-10 11:42:00,2009-12-18 10:57:00,2009-12,True,8
15859,2010-10-03 12:52:00,,2010-10,False,
15860,2009-12-06 12:31:00,2009-12-13 11:23:00,2009-12,True,7
15861,2010-01-28 19:41:00,2010-04-29 20:04:00,2010-01,True,91
15862,2009-12-17 11:33:00,2009-12-17 11:38:00,2009-12,True,0
15863,2009-12-17 10:20:00,2010-01-22 14:14:00,2009-12,True,36
15864,2010-11-23 15:02:00,2011-01-27 16:43:00,2010-11,True,65
15865,2010-01-05 13:58:00,2010-10-22 15:24:00,2010-01,True,290
15866,2011-08-30 14:09:00,,2011-08,False,
15867,2009-12-14 15:16:00,2010-01-04 16:11:00,2009-12,True,21
15868,2010-05-05 14:11:00,,2010-05,False,
15869,2010-03-23 16:50:00,2011-03-07 17:19:00,2010-03,True,349
15870,2010-09-19 16:22:00,2010-09-19 16:27:00,2010-09,True,0
15871,2010-09-28 14:16:00,,2010-09,False,
15872,2010-06-07 14:53:00,2010-11-26 12:05:00,2010-06,True,172
15873,2010-07-27 11:58:00,2010-07-27 11:59:00,2010-07,True,0
15874,2010-01-07 13:56:00,2010-02-03 13:34:00,2010-01,True,27
15875,2010-03-03 16:51:00,,2010-03,False,
15876,2010-09-17 15:26:00,2010-10-26 18:58:00,2010-09,True,39
15877,2011-11-22 11:18:00,2011-12-08 11:53:00,2011-11,True,16
15878,2009-12-06 12:28:00,2010-05-27 12:17:00,2009-12,True,172
15879,2009-12-17 19:54:00,2010-05-19 17:49:00,2009-12,True,153
15880,2010-12-05 13:00:00,,2010-12,False,
15881,2010-12-10 13:32:00,2010-12-13 10:36:00,2010-12,True,3
15882,2009-12-10 15:33:00,2010-02-01 17:05:00,2009-12,True,53
15883,2011-11-06 14:50:00,2011-12-07 17:05:00,2011-11,True,31
15884,2009-12-03 18:23:00,2010-10-03 15:55:00,2009-12,True,304
15885,2010-01-21 12:47:00,2010-01-27 13:26:00,2010-01,True,6
15886,2010-04-20 15:03:00,2010-10-19 11:57:00,2010-04,True,182
15887,2010-06-02 11:53:00,2010-09-05 13:41:00,2010-06,True,95
15888,2010-07-01 11:51:00,2010-11-04 09:59:00,2010-07,True,126
15889,2009-12-10 12:21:00,2009-12-17 13:38:00,2009-12,True,7
15890,2010-04-14 08:43:00,2010-04-21 13:53:00,2010-04,True,7
15891,2011-04-27 12:35:00,,2011-04,False,
15892,2010-02-08 16:23:00,,2010-02,False,
15893,2010-08-15 11:12:00,,2010-08,False,
15894,2010-12-05 14:06:00,2011-03-31 13:50:00,2010-12,True,116
15895,2011-07-13 10:27:00,,2011-07,False,
15897,2011-05-29 13:32:00,2011-05-29 13:50:00,2011-05,True,0
15898,2009-12-11 16:11:00,2010-01-14 13:03:00,2009-12,True,34
15899,2010-12-06 10:36:00,,2010-12,False,
15900,2010-05-26 11:27:00,2010-10-18 11:22:00,2010-05,True,145
15901,2010-06-14 12:39:00,2010-09-02 15:50:00,2010-06,True,80
15902,2010-11-24 16:57:00,,2010-11,False,
15903,2010-01-14 10:57:00,2010-08-19 14:44:00,2010-01,True,217
15904,2011-12-01 14:50:00,,2011-12,False,
15905,2010-06-14 16:00:00,,2010-06,False,
15906,2010-09-15 12:17:00,2010-10-29 15:42:00,2010-09,True,44
15907,2011-05-13 13:01:00,2011-06-16 12:45:00,2011-05,True,34
15908,2010-07-15 19:21:00,2010-08-06 11:56:00,2010-07,True,22
15909,2011-06-19 10:38:00,,2011-06,False,
15910,2010-01-21 11:51:00,2010-03-04 12:13:00,2010-01,True,42
15911,2009-12-09 13:26:00,2009-12-18 11:32:00,2009-12,True,9
15912,2009-12-10 12:58:00,2009-12-10 13:03:00,2009-12,True,0
15913,2010-06-23 16:31:00,,2010-06,False,
15914,2010-11-26 16:09:00,2010-11-26 16:10:00,2010-11,True,0
15915,2010-11-03 11:13:00,,2010-11,False,
15916,2009-12-10 16:21:00,2010-01-17 15:02:00,2009-12,True,38
15917,2009-12-02 14:55:00,2009-12-02 15:44:00,2009-12,True,0
15918,2010-03-18 11:40:00,2011-03-13 15:55:00,2010-03,True,360
15919,2010-12-06 11:26:00,2011-11-20 11:28:00,2010-12,True,349
15920,2009-12-14 13:09:00,2009-12-14 13:10:00,2009-12,True,0
15921,2010-03-09 11:03:00,2010-10-18 11:03:00,2010-03,True,223
15922,2010-12-01 13:51:00,,2010-12,False,
15923,2010-12-02 12:16:00,,2010-12,False,
15924,2009-12-08 15:00:00,,2009-12,False,
15925,2011-05-29 15:35:00,,2011-05,False,
15926,2010-06-15 15:23:00,,2010-06,False,
15927,2010-03-02 13:25:00,,2010-03,False,
15928,2010-02-21 15:16:00,,2010-02,False,
15929,2010-03-05 14:56:00,,2010-03,False,
15930,2011-10-03 14:52:00,,2011-10,False,
15931,2010-10-07 16:46:00,,2010-10,False,
15932,2011-02-23 14:50:00,2011-03-15 13:28:00,2011-02,True,20
15933,2011-09-14 12:05:00,2011-09-29 16:42:00,2011-09,True,15
15934,2010-10-06 12:08:00,2010-10-18 10:13:00,2010-10,True,12
15935,2011-04-14 13:27:00,,2011-04,False,
15936,2010-08-29 11:42:00,2010-11-25 16:39:00,2010-08,True,88
15937,2011-10-06 15:48:00,,2011-10,False,
15938,2010-06-01 09:42:00,2010-07-18 11:30:00,2010-06,True,47
15939,2010-11-30 12:07:00,2011-01-12 12:43:00,2010-11,True,43
15940,2011-02-01 16:18:00,,2011-02,False,
15941,2010-03-12 14:45:00,,2010-03,False,
15942,2011-07-29 09:01:00,,2011-07,False,
15943,2010-01-31 11:04:00,2010-02-28 12:49:00,2010-01,True,28
15944,2009-12-13 12:57:00,2010-08-11 14:39:00,2009-12,True,241
15945,2009-12-01 13:47:00,2010-01-15 17:36:00,2009-12,True,45
15946,2010-03-16 10:49:00,2010-07-25 12:16:00,2010-03,True,131
15947,2011-09-18 10:46:00,,2011-09,False,
15948,2010-10-11 12:16:00,2011-10-27 08:35:00,2010-10,True,381
15949,2011-09-29 17:34:00,2011-11-23 09:09:00,2011-09,True,55
15950,2010-01-26 11:39:00,2010-03-04 11:11:00,2010-01,True,37
15951,2010-11-23 18:20:00,2011-02-27 11:57:00,2010-11,True,96
15952,2011-04-28 12:55:00,2011-07-03 13:33:00,2011-04,True,66
15953,2009-12-03 14:00:00,2010-02-09 12:09:00,2009-12,True,68
15954,2010-04-29 13:35:00,,2010-04,False,
15955,2010-02-23 16:36:00,2010-03-11 13:34:00,2010-02,True,16
15956,2009-12-13 11:16:00,2010-06-06 13:06:00,2009-12,True,175
15957,2010-10-15 12:11:00,2010-10-15 12:22:00,2010-10,True,0
15958,2010-06-07 10:59:00,2010-10-18 10:26:00,2010-06,True,133
15959,2010-01-26 16:19:00,2010-01-26 16:26:00,2010-01,True,0
15960,2010-09-30 15:50:00,2010-11-10 15:09:00,2010-09,True,41
15961,2010-11-25 15:59:00,,2010-11,False,
15962,2010-09-16 13:48:00,,2010-09,False,
15963,2011-10-25 13:05:00,2011-11-20 11:33:00,2011-10,True,26
15964,2010-02-14 15:30:00,,2010-02,False,
15965,2009-12-03 11:45:00,2010-02-14 12:28:00,2009-12,True,73
15966,2010-09-15 10:44:00,,2010-09,False,
15967,2009-12-01 13:29:00,2010-02-08 13:24:00,2009-12,True,69
15968,2010-11-16 13:04:00,,2010-11,False,
15969,2010-07-05 13:10:00,2010-10-10 12:01:00,2010-07,True,97
15970,2010-04-20 11:30:00,2011-02-09 12:08:00,2010-04,True,295
15971,2009-12-08 09:46:00,2009-12-15 16:45:00,2009-12,True,7
15972,2010-04-18 14:06:00,2010-05-14 15:37:00,2010-04,True,26
15973,2010-10-07 08:33:00,2010-12-08 11:42:00,2010-10,True,62
15974,2011-02-24 10:10:00,2011-03-07 15:40:00,2011-02,True,11
15975,2011-09-16 13:33:00,,2011-09,False,
15976,2010-06-06 14:01:00,2010-07-04 13:59:00,2010-06,True,28
15977,2011-10-31 16:24:00,2011-11-22 13:29:00,2011-10,True,22
15978,2010-03-05 14:39:00,2010-10-03 14:08:00,2010-03,True,212
15979,2010-04-16 11:35:00,,2010-04,False,
15980,2010-06-01 14:40:00,2010-06-01 14:44:00,2010-06,True,0
15981,2010-03-29 10:07:00,2010-03-30 12:35:00,2010-03,True,1
15982,2010-04-13 15:47:00,,2010-04,False,
15983,2009-12-06 12:52:00,2009-12-11 10:54:00,2009-12,True,5
15984,2009-12-01 13:38:00,2009-12-11 15:55:00,2009-12,True,10
15985,2010-05-27 15:51:00,2010-07-16 15:05:00,2010-05,True,50
15986,2010-11-23 10:02:00,2011-11-09 15:17:00,2010-11,True,351
15987,2010-11-25 12:56:00,2010-12-06 08:34:00,2010-11,True,11
15988,2010-02-21 11:36:00,2010-06-06 12:45:00,2010-02,True,105
15989,2009-12-02 15:51:00,2010-11-29 12:03:00,2009-12,True,362
15990,2010-02-28 12:30:00,2010-03-17 08:59:00,2010-02,True,17
15991,2010-06-23 15:50:00,,2010-06,False,
15992,2010-09-12 11:52:00,2010-11-08 14:51:00,2010-09,True,57
15993,2011-10-26 16:21:00,2011-10-26 16:57:00,2011-10,True,0
15994,2010-03-14 11:55:00,2010-10-24 12:14:00,2010-03,True,224
15995,2010-10-21 13:57:00,,2010-10,False,
15996,2010-11-07 15:49:00,2010-12-08 15:59:00,2010-11,True,31
15998,2009-12-01 11:45:00,2009-12-11 11:26:00,2009-12,True,10
15999,2009-12-04 12:31:00,,2009-12,False,
16000,2011-12-07 12:14:00,2011-12-07 12:15:00,2011-12,True,0
16001,2010-11-23 17:10:00,,2010-11,False,
16002,2010-03-24 13:08:00,,2010-03,False,
16003,2009-12-03 18:51:00,2010-03-24 09:57:00,2009-12,True,111
16004,2010-01-25 13:56:00,2010-03-17 14:27:00,2010-01,True,51
16005,2010-09-15 13:21:00,2010-10-11 12:48:00,2010-09,True,26
16006,2010-11-17 12:03:00,2011-05-12 13:12:00,2010-11,True,176
16007,2010-06-14 13:18:00,2010-09-19 13:01:00,2010-06,True,97
16008,2010-03-19 11:07:00,2010-04-23 14:59:00,2010-03,True,35
16009,2011-07-03 11:26:00,2011-10-27 12:22:00,2011-07,True,116
16010,2010-10-24 10:54:00,2010-10-31 11:01:00,2010-10,True,7
16011,2009-12-01 12:02:00,2009-12-10 14:48:00,2009-12,True,9
16012,2010-06-28 11:39:00,2010-11-03 13:47:00,2010-06,True,128
16013,2009-12-08 10:24:00,2009-12-08 11:13:00,2009-12,True,0
16014,2010-01-31 12:43:00,2010-10-27 16:04:00,2010-01,True,269
16015,2011-10-21 12:56:00,2011-11-13 11:55:00,2011-10,True,23
16016,2010-11-02 13:27:00,2010-11-17 12:36:00,2010-11,True,15
16017,2010-01-05 12:06:00,2010-01-17 12:17:00,2010-01,True,12
16018,2009-12-07 13:57:00,2010-11-08 15:36:00,2009-12,True,336
16019,2009-12-14 14:12:00,2009-12-17 13:51:00,2009-12,True,3
16020,2011-10-05 13:54:00,2011-11-23 11:18:00,2011-10,True,49
16021,2010-06-13 11:05:00,2010-11-09 14:48:00,2010-06,True,149
16022,2011-03-24 13:16:00,,2011-03,False,
16023,2011-03-18 13:32:00,2011-05-31 14:19:00,2011-03,True,74
16024,2010-10-24 11:40:00,2010-10-24 11:42:00,2010-10,True,0
16025,2011-11-10 11:45:00,,2011-11,False,
16026,2011-10-27 13:53:00,,2011-10,False,
16027,2010-01-08 13:21:00,2010-01-19 12:53:00,2010-01,True,11
16028,2010-04-23 11:45:00,,2010-04,False,
16029,2009-12-08 11:23:00,2009-12-08 12:03:00,2009-12,True,0
16030,2011-02-03 11:28:00,,2011-02,False,
16031,2011-04-06 14:23:00,2011-09-08 13:07:00,2011-04,True,155
16032,2010-07-04 13:31:00,2010-07-08 18:33:00,2010-07,True,4
16033,2010-08-11 16:44:00,2010-08-24 17:21:00,2010-08,True,13
16034,2010-10-26 13:00:00,2010-10-29 13:35:00,2010-10,True,3
16035,2010-05-28 15:09:00,,2010-05,False,
16036,2010-03-29 14:47:00,2010-10-11 15:08:00,2010-03,True,196
16037,2010-03-01 12:31:00,2010-06-13 11:32:00,2010-03,True,104
16038,2011-05-22 11:29:00,2011-06-15 13:50:00,2011-05,True,24
16039,2010-03-21 15:17:00,2010-10-12 10:44:00,2010-03,True,205
16040,2010-04-09 10:12:00,2010-06-28 10:52:00,2010-04,True,80
16041,2011-07-21 16:27:00,2011-07-21 16:28:00,2011-07,True,0
16042,2010-09-12 12:00:00,2010-11-25 18:14:00,2010-09,True,74
16043,2010-08-15 11:26:00,2010-10-21 08:52:00,2010-08,True,67
16044,2010-09-30 18:12:00,,2010-09,False,
16045,2010-07-29 12:50:00,2010-07-29 12:51:00,2010-07,True,0
16046,2010-05-26 13:18:00,,2010-05,False,
16048,2010-06-08 12:36:00,2010-11-05 11:37:00,2010-06,True,150
16049,2010-07-11 13:53:00,2010-11-21 16:15:00,2010-07,True,133
16050,2010-11-03 15:55:00,2010-11-21 14:52:00,2010-11,True,18
16051,2010-01-27 09:38:00,,2010-01,False,
16052,2011-10-16 15:13:00,,2011-10,False,
16053,2010-04-08 11:11:00,2010-09-19 12:40:00,2010-04,True,164
16054,2010-04-01 18:37:00,2010-07-15 10:20:00,2010-04,True,105
16055,2011-05-03 09:26:00,,2011-05,False,
16056,2011-10-25 15:19:00,,2011-10,False,
16057,2010-01-07 17:11:00,2010-02-22 11:13:00,2010-01,True,46
16058,2010-10-29 16:48:00,,2010-10,False,
16059,2010-05-19 13:04:00,2010-06-06 11:06:00,2010-05,True,18
16060,2010-08-02 15:26:00,2010-10-05 10:08:00,2010-08,True,64
16061,2010-10-04 15:29:00,,2010-10,False,
16062,2010-06-21 13:32:00,2010-10-05 11:32:00,2010-06,True,106
16063,2011-03-24 14:55:00,,2011-03,False,
16064,2009-12-14 16:11:00,,2009-12,False,
16065,2010-09-02 13:27:00,2010-10-05 12:53:00,2010-09,True,33
16066,2011-08-07 14:33:00,2011-10-09 11:53:00,2011-08,True,63
16067,2010-02-02 18:01:00,2010-03-28 15:40:00,2010-02,True,54
16068,2010-04-25 11:52:00,,2010-04,False,
16069,2010-10-18 10:32:00,,2010-10,False,
16070,2011-11-07 16:36:00,2011-11-17 15:50:00,2011-11,True,10
16071,2010-02-22 14:48:00,2010-03-23 10:28:00,2010-02,True,29
16072,2010-06-08 16:47:00,2010-10-07 15:33:00,2010-06,True,121
16073,2011-02-15 15:41:00,,2011-02,False,
16074,2010-11-14 13:19:00,,2010-11,False,
16075,2010-05-24 15:57:00,2010-07-25 11:31:00,2010-05,True,62
16076,2011-05-15 12:31:00,2011-07-28 12:28:00,2011-05,True,74
16077,2010-03-24 10:42:00,,2010-03,False,
16078,2010-02-08 13:29:00,2011-03-01 09:47:00,2010-02,True,386
16079,2011-10-30 13:06:00,2011-11-16 09:34:00,2011-10,True,17
16080,2010-09-15 14:19:00,2010-11-19 08:18:00,2010-09,True,65
16081,2010-02-03 12:46:00,2010-05-14 12:06:00,2010-02,True,100
16082,2010-02-07 15:16:00,,2010-02,False,
16083,2010-11-16 11:53:00,2010-11-22 12:55:00,2010-11,True,6
16084,2011-02-13 16:05:00,,2011-02,False,
16085,2010-01-20 14:03:00,2010-03-17 14:12:00,2010-01,True,56
16086,2009-12-02 13:20:00,2010-04-21 13:28:00,2009-12,True,140
16087,2010-01-19 12:30:00,2010-02-01 12:03:00,2010-01,True,13
16088,2010-04-27 10:56:00,2010-05-13 10:16:00,2010-04,True,16
16089,2010-07-18 15:51:00,2010-11-18 13:51:00,2010-07,True,123
16090,2010-03-25 13:05:00,,2010-03,False,
16091,2011-05-25 09:18:00,2011-07-08 08:45:00,2011-05,True,44
16092,2010-05-09 16:10:00,2010-05-09 16:11:00,2010-05,True,0
16093,2011-08-25 11:09:00,,2011-08,False,
16094,2010-04-16 14:00:00,2010-05-17 14:14:00,2010-04,True,31
16095,2010-09-09 16:54:00,,2010-09,False,
16096,2010-03-04 15:44:00,2010-04-30 12:25:00,2010-03,True,57
16097,2011-04-13 13:47:00,,2011-04,False,
16098,2009-12-15 09:40:00,2010-02-16 10:26:00,2009-12,True,63
16099,2010-03-03 11:13:00,2010-04-26 11:00:00,2010-03,True,54
16100,2010-09-03 11:39:00,,2010-09,False,
16101,2010-05-27 12:50:00,2010-08-15 14:38:00,2010-05,True,80
16102,2011-08-03 12:50:00,2011-09-02 11:54:00,2011-08,True,30
16103,2010-01-08 12:08:00,2010-02-09 13:20:00,2010-01,True,32
16104,2009-12-06 10:41:00,2009-12-13 10:54:00,2009-12,True,7
16105,2010-04-14 13:27:00,2010-06-22 14:19:00,2010-04,True,69
16106,2011-10-05 10:37:00,,2011-10,False,
16107,2011-06-09 18:42:00,2011-07-22 12:41:00,2011-06,True,43
16108,2010-03-18 14:14:00,2010-05-06 16:21:00,2010-03,True,49
16109,2010-01-10 10:37:00,2011-02-04 12:37:00,2010-01,True,390
16110,2010-07-05 13:04:00,2011-02-01 14:01:00,2010-07,True,211
16111,2010-10-07 19:51:00,,2010-10,False,
16112,2011-01-05 11:47:00,2011-01-10 16:29:00,2011-01,True,5
16113,2011-06-09 16:16:00,,2011-06,False,
16114,2011-06-22 10:13:00,,2011-06,False,
16115,2010-05-14 11:59:00,2010-06-17 12:21:00,2010-05,True,34
16116,2011-05-12 12:01:00,,2011-05,False,
16117,2010-04-27 11:50:00,2010-11-02 12:02:00,2010-04,True,189
16118,2010-02-25 09:40:00,,2010-02,False,
16119,2009-12-16 11:56:00,2010-05-02 13:24:00,2009-12,True,137
16120,2010-10-13 15:07:00,2010-10-13 15:22:00,2010-10,True,0
16121,2010-05-23 10:52:00,2010-11-14 11:18:00,2010-05,True,175
16122,2010-10-10 15:26:00,2010-11-30 10:25:00,2010-10,True,51
16123,2011-10-19 09:18:00,,2011-10,False,
16124,2009-12-07 10:33:00,2010-05-05 10:53:00,2009-12,True,149
16125,2009-12-14 15:38:00,2010-01-22 13:09:00,2009-12,True,39
16126,2009-12-02 13:34:00,2010-01-21 16:44:00,2009-12,True,50
16127,2009-12-13 12:19:00,2011-10-31 13:58:00,2009-12,True,687
16128,2010-07-16 16:30:00,2010-07-27 11:55:00,2010-07,True,11
16129,2010-07-20 12:32:00,2010-10-05 15:15:00,2010-07,True,77
16130,2010-04-01 13:58:00,2010-05-10 13:16:00,2010-04,True,39
16131,2009-12-02 10:09:00,2010-04-22 09:50:00,2009-12,True,141
16132,2010-03-22 10:25:00,2010-06-13 13:49:00,2010-03,True,83
16133,2010-03-31 12:21:00,2010-03-31 12:22:00,2010-03,True,0
16134,2010-06-17 09:48:00,2010-09-08 15:38:00,2010-06,True,83
16135,2010-05-05 09:35:00,2011-03-22 12:30:00,2010-05,True,321
16136,2010-02-14 12:49:00,2011-03-07 09:52:00,2010-02,True,386
16137,2010-01-28 15:04:00,,2010-01,False,
16138,2010-04-28 09:51:00,2010-06-28 10:36:00,2010-04,True,61
16139,2009-12-03 13:51:00,2009-12-17 11:24:00,2009-12,True,14
16140,2010-09-24 12:03:00,2010-12-03 14:40:00,2010-09,True,70
16141,2010-10-18 14:12:00,2011-09-12 13:11:00,2010-10,True,329
16142,2011-04-04 10:16:00,,2011-04,False,
16143,2009-12-10 09:44:00,2010-02-18 11:00:00,2009-12,True,70
16144,2011-04-07 10:09:00,,2011-04,False,
16145,2010-05-04 13:31:00,2010-06-11 10:12:00,2010-05,True,38
16146,2010-09-17 10:46:00,2011-04-21 15:25:00,2010-09,True,216
16147,2010-02-05 12:26:00,2010-05-18 10:24:00,2010-02,True,102
16148,2010-09-29 10:12:00,2011-02-16 14:01:00,2010-09,True,140
16149,2010-10-06 15:54:00,2011-07-20 14:54:00,2010-10,True,287
16150,2009-12-17 15:33:00,2010-03-16 14:24:00,2009-12,True,89
16152,2011-03-16 09:47:00,,2011-03,False,
16153,2010-05-26 12:41:00,2010-07-06 12:38:00,2010-05,True,41
16155,2010-06-18 11:23:00,2010-07-25 13:35:00,2010-06,True,37
16156,2009-12-02 17:06:00,2009-12-11 10:32:00,2009-12,True,9
16157,2011-09-28 11:48:00,2011-11-16 11:31:00,2011-09,True,49
16158,2009-12-05 15:00:00,2009-12-15 10:21:00,2009-12,True,10
16159,2009-12-03 11:51:00,2010-03-02 14:57:00,2009-12,True,89
16160,2011-09-15 10:53:00,2011-10-05 14:19:00,2011-09,True,20
16161,2010-02-08 11:06:00,2010-03-11 10:56:00,2010-02,True,31
16162,2011-04-01 15:03:00,,2011-04,False,
16163,2009-12-02 10:00:00,2009-12-08 13:24:00,2009-12,True,6
16164,2011-10-28 09:12:00,2011-11-15 10:41:00,2011-10,True,18
16165,2010-07-22 14:17:00,,2010-07,False,
16166,2010-01-17 14:16:00,2010-10-07 15:44:00,2010-01,True,263
16167,2009-12-01 10:46:00,2010-04-01 17:23:00,2009-12,True,121
16168,2009-12-03 12:38:00,2009-12-09 16:26:00,2009-12,True,6
16169,2011-09-25 11:33:00,2011-10-31 12:21:00,2011-09,True,36
16170,2010-02-18 13:50:00,2010-03-26 12:19:00,2010-02,True,36
16171,2011-10-11 14:51:00,,2011-10,False,
16172,2010-07-14 15:34:00,2010-07-19 14:21:00,2010-07,True,5
16173,2011-09-02 15:23:00,2011-09-09 09:03:00,2011-09,True,7
16174,2010-04-15 15:12:00,2010-05-07 09:58:00,2010-04,True,22
16175,2010-05-25 12:01:00,2010-07-16 10:36:00,2010-05,True,52
16176,2010-03-29 14:52:00,2010-04-22 17:41:00,2010-03,True,24
16177,2010-03-02 14:03:00,2010-05-20 13:56:00,2010-03,True,79
16178,2010-11-03 14:46:00,2011-07-24 16:05:00,2010-11,True,263
16179,2011-10-10 09:41:00,,2011-10,False,
16180,2010-06-23 13:19:00,2010-06-23 13:21:00,2010-06,True,0
16181,2011-09-27 13:38:00,,2011-09,False,
16182,2010-03-09 09:34:00,2010-04-28 10:29:00,2010-03,True,50
16183,2010-10-28 14:43:00,2010-11-03 13:14:00,2010-10,True,6
16184,2011-05-12 13:33:00,2011-06-10 13:59:00,2011-05,True,29
16185,2010-05-24 11:04:00,2011-04-21 11:59:00,2010-05,True,332
16186,2009-12-09 15:36:00,2010-03-15 11:39:00,2009-12,True,96
16187,2011-02-28 13:34:00,2011-02-28 13:35:00,2011-02,True,0
16188,2010-10-27 11:50:00,2011-04-11 09:44:00,2010-10,True,166
16189,2011-09-15 15:21:00,2011-11-24 11:47:00,2011-09,True,70
16190,2009-12-14 11:59:00,2010-04-19 14:34:00,2009-12,True,126
16191,2009-12-11 12:24:00,2010-06-11 10:47:00,2009-12,True,182
16192,2009-12-04 12:28:00,,2009-12,False,
16193,2010-10-25 10:25:00,2011-04-17 11:45:00,2010-10,True,174
16194,2010-11-29 13:28:00,,2010-11,False,
16195,2009-12-16 14:09:00,,2009-12,False,
16196,2010-08-08 11:40:00,,2010-08,False,
16197,2009-12-16 11:44:00,2010-03-29 15:03:00,2009-12,True,103
16198,2010-09-28 13:59:00,2011-09-25 14:58:00,2010-09,True,362
16199,2010-03-18 18:47:00,2010-06-09 15:15:00,2010-03,True,83
16200,2009-12-02 15:04:00,2009-12-02 15:15:00,2009-12,True,0
16201,2010-10-20 12:00:00,2011-08-22 10:47:00,2010-10,True,306
16202,2009-12-02 10:48:00,2009-12-15 12:29:00,2009-12,True,13
16203,2010-07-23 13:09:00,2010-11-11 13:33:00,2010-07,True,111
16204,2009-12-08 17:44:00,2010-11-24 15:03:00,2009-12,True,351
16205,2010-06-15 11:58:00,2010-10-04 12:46:00,2010-06,True,111
16206,2010-01-24 15:25:00,2010-05-30 11:37:00,2010-01,True,126
16207,2011-11-14 13:51:00,,2011-11,False,
16208,2010-02-24 14:24:00,2010-03-09 12:53:00,2010-02,True,13
16209,2010-06-11 11:58:00,2010-06-15 12:05:00,2010-06,True,4
16210,2009-12-02 12:54:00,2009-12-08 18:18:00,2009-12,True,6
16211,2010-09-27 15:24:00,2010-10-14 13:20:00,2010-09,True,17
16212,2010-02-07 15:26:00,2010-03-31 12:16:00,2010-02,True,52
16213,2011-09-22 10:03:00,,2011-09,False,
16214,2010-09-30 13:57:00,2011-03-15 13:23:00,2010-09,True,166
16215,2011-09-20 10:18:00,,2011-09,False,
16216,2011-03-17 15:34:00,,2011-03,False,
16217,2011-03-02 15:28:00,2011-04-18 13:31:00,2011-03,True,47
16218,2010-05-27 16:09:00,2010-09-12 11:47:00,2010-05,True,108
16219,2010-07-27 11:44:00,,2010-07,False,
16221,2010-08-10 13:32:00,2010-08-17 13:30:00,2010-08,True,7
16222,2009-12-18 14:31:00,2011-01-25 13:38:00,2009-12,True,403
16223,2010-11-09 12:07:00,2010-11-30 11:50:00,2010-11,True,21
16224,2010-11-17 13:14:00,2011-04-04 12:00:00,2010-11,True,138
16225,2010-02-07 12:41:00,2010-02-15 09:19:00,2010-02,True,8
16226,2010-10-22 11:19:00,2010-11-26 13:36:00,2010-10,True,35
16227,2010-06-22 13:28:00,2010-08-02 14:16:00,2010-06,True,41
16228,2010-11-04 18:54:00,2010-11-04 18:57:00,2010-11,True,0
16229,2010-05-24 12:59:00,2010-06-16 13:30:00,2010-05,True,23
16230,2011-05-03 15:12:00,2011-06-03 10:06:00,2011-05,True,31
16231,2010-04-21 12:06:00,2010-10-11 17:29:00,2010-04,True,173
16232,2010-06-07 14:04:00,2010-08-12 10:04:00,2010-06,True,66
16233,2009-12-02 13:23:00,2010-01-21 15:44:00,2009-12,True,50
16234,2010-05-27 10:39:00,2010-07-13 12:22:00,2010-05,True,47
16235,2010-08-26 12:10:00,2010-09-03 13:06:00,2010-08,True,8
16236,2011-09-22 14:10:00,,2011-09,False,
16237,2010-09-28 17:02:00,,2010-09,False,
16238,2010-10-13 12:36:00,,2010-10,False,
16239,2010-09-02 19:17:00,2010-10-06 12:10:00,2010-09,True,34
16240,2011-09-23 13:44:00,2011-11-15 14:30:00,2011-09,True,53
16241,2010-10-25 13:40:00,2010-11-12 13:34:00,2010-10,True,18
16242,2010-03-15 16:02:00,2010-04-26 15:43:00,2010-03,True,42
16243,2011-10-16 12:09:00,2011-11-06 12:32:00,2011-10,True,21
16244,2010-12-02 11:41:00,2011-05-12 10:18:00,2010-12,True,161
16245,2011-03-28 09:30:00,2011-08-10 09:34:00,2011-03,True,135
16246,2010-02-08 12:32:00,2010-09-06 12:04:00,2010-02,True,210
16247,2011-06-22 14:23:00,,2011-06,False,
16248,2011-10-09 11:32:00,,2011-10,False,
16249,2011-04-14 13:50:00,2011-05-22 14:09:00,2011-04,True,38
16250,2010-11-18 10:43:00,2010-12-01 09:59:00,2010-11,True,13
16251,2010-07-15 14:55:00,,2010-07,False,
16252,2010-11-22 11:57:00,,2010-11,False,
16253,2009-12-08 17:24:00,2010-01-19 11:20:00,2009-12,True,42
16254,2010-03-17 15:43:00,2010-07-26 14:17:00,2010-03,True,131
16255,2010-01-24 12:21:00,2010-03-14 12:18:00,2010-01,True,49
16256,2010-04-21 10:34:00,2010-08-03 08:58:00,2010-04,True,104
16257,2011-06-16 10:11:00,,2011-06,False,
16258,2010-03-10 14:19:00,2010-04-30 07:58:00,2010-03,True,51
16259,2010-04-13 16:57:00,2010-04-13 17:15:00,2010-04,True,0
16260,2011-10-20 09:40:00,,2011-10,False,
16261,2010-09-23 16:40:00,2010-11-18 19:22:00,2010-09,True,56
16262,2010-11-26 13:22:00,,2010-11,False,
16263,2010-10-12 14:52:00,,2010-10,False,
16264,2010-09-19 16:14:00,2010-09-27 15:00:00,2010-09,True,8
16265,2010-10-28 15:18:00,2010-11-05 12:09:00,2010-10,True,8
16266,2010-02-04 16:21:00,2010-04-06 14:18:00,2010-02,True,61
16267,2010-04-27 14:10:00,,2010-04,False,
16268,2011-09-29 18:30:00,2011-09-29 18:30:00,2011-09,True,0
16269,2010-09-28 11:50:00,,2010-09,False,
16270,2010-12-21 14:26:00,,2010-12,False,
16271,2010-03-07 12:03:00,2010-06-06 10:56:00,2010-03,True,91
16272,2011-08-15 10:53:00,,2011-08,False,
16273,2010-02-21 16:02:00,2010-03-01 13:24:00,2010-02,True,8
16274,2010-12-01 15:35:00,,2010-12,False,
16275,2010-03-08 14:41:00,2010-08-22 11:27:00,2010-03,True,167
16276,2010-04-11 12:02:00,2010-08-17 13:40:00,2010-04,True,128
16277,2009-12-06 11:27:00,,2009-12,False,
16278,2010-07-28 15:40:00,2010-08-16 13:38:00,2010-07,True,19
16279,2010-04-22 14:09:00,2010-06-03 11:44:00,2010-04,True,42
16280,2009-12-14 15:49:00,,2009-12,False,
16281,2010-01-26 13:41:00,2010-10-12 09:01:00,2010-01,True,259
16282,2009-12-21 11:52:00,2010-08-09 10:27:00,2009-12,True,231
16283,2010-02-28 14:12:00,2010-06-30 15:34:00,2010-02,True,122
16284,2010-11-11 13:27:00,2011-10-20 13:54:00,2010-11,True,343
16285,2010-03-03 16:03:00,,2010-03,False,
16286,2010-03-26 09:58:00,2010-08-19 14:48:00,2010-03,True,146
16287,2010-01-19 09:46:00,2010-03-08 14:15:00,2010-01,True,48
16288,2010-08-26 14:45:00,,2010-08,False,
16289,2010-09-03 14:02:00,,2010-09,False,
16290,2010-05-23 11:46:00,2010-06-13 11:19:00,2010-05,True,21
16292,2010-04-14 13:29:00,2010-06-13 09:50:00,2010-04,True,60
16293,2009-12-11 09:58:00,2010-05-19 10:33:00,2009-12,True,159
16294,2010-08-20 12:01:00,,2010-08,False,
16295,2011-10-06 10:45:00,2011-10-12 13:17:00,2011-10,True,6
16296,2009-12-18 12:03:00,2010-01-07 18:33:00,2009-12,True,20
16297,2011-03-16 08:29:00,,2011-03,False,
16298,2010-09-23 15:23:00,2010-10-07 13:22:00,2010-09,True,14
16299,2010-08-19 17:46:00,,2010-08,False,
16300,2010-02-02 11:40:00,2010-03-24 12:15:00,2010-02,True,50
16301,2009-12-03 10:20:00,,2009-12,False,
16302,2011-08-05 09:44:00,,2011-08,False,
16303,2010-03-18 14:12:00,2010-05-20 11:57:00,2010-03,True,63
16304,2010-01-14 08:30:00,,2010-01,False,
16305,2011-07-24 12:18:00,,2011-07,False,
16306,2010-10-01 09:36:00,2010-12-07 15:18:00,2010-10,True,67
16307,2010-05-11 14:40:00,2010-06-15 13:18:00,2010-05,True,35
16308,2009-12-15 15:48:00,2010-06-14 11:48:00,2009-12,True,181
16309,2011-04-13 11:46:00,2011-08-25 15:35:00,2011-04,True,134
16310,2010-03-07 15:41:00,2010-10-21 14:47:00,2010-03,True,228
16311,2011-10-21 13:13:00,2011-11-22 08:54:00,2011-10,True,32
16312,2010-10-03 14:15:00,,2010-10,False,
16313,2011-10-21 09:04:00,2011-12-06 13:02:00,2011-10,True,46
16314,2010-08-24 11:52:00,2010-09-07 09:31:00,2010-08,True,14
16315,2010-06-21 13:53:00,2011-01-13 11:57:00,2010-06,True,206
16316,2010-08-03 14:38:00,2010-09-20 12:53:00,2010-08,True,48
16317,2010-05-04 10:17:00,2010-06-07 14:24:00,2010-05,True,34
16318,2011-11-04 13:05:00,,2011-11,False,
16319,2011-05-06 11:27:00,,2011-05,False,
16320,2010-01-27 13:29:00,2010-07-13 09:35:00,2010-01,True,167
16321,2009-12-01 10:36:00,2010-03-23 16:01:00,2009-12,True,112
16322,2011-11-03 14:33:00,2011-12-08 15:41:00,2011-11,True,35
16323,2010-05-11 09:48:00,2011-05-27 14:48:00,2010-05,True,381
16324,2011-06-15 14:26:00,2011-08-03 12:54:00,2011-06,True,49
16325,2009-12-04 13:21:00,2009-12-13 15:55:00,2009-12,True,9
16326,2010-01-28 13:23:00,2010-03-21 11:41:00,2010-01,True,52
16327,2009-12-14 13:06:00,2010-01-22 15:04:00,2009-12,True,39
16328,2010-05-25 14:02:00,,2010-05,False,
16329,2009-12-01 11:34:00,2010-03-04 15:07:00,2009-12,True,93
16330,2010-02-15 12:36:00,2010-09-27 12:31:00,2010-02,True,224
16331,2010-03-07 10:55:00,2010-03-17 10:34:00,2010-03,True,10
16332,2010-04-29 13:41:00,2010-08-20 12:31:00,2010-04,True,113
16333,2011-02-03 10:50:00,2011-02-14 11:22:00,2011-02,True,11
16334,2010-08-04 16:38:00,,2010-08,False,
16335,2009-12-04 10:18:00,2009-12-13 10:48:00,2009-12,True,9
16336,2010-03-18 08:05:00,2010-03-18 08:06:00,2010-03,True,0
16337,2011-11-03 10:03:00,,2011-11,False,
16338,2011-07-05 13:56:00,,2011-07,False,
16339,2011-02-28 13:41:00,,2011-02,False,
16340,2010-06-06 13:26:00,2010-09-26 12:51:00,2010-06,True,112
16341,2010-04-09 10:30:00,2010-09-22 14:01:00,2010-04,True,166
16342,2011-06-13 10:10:00,2011-07-17 13:41:00,2011-06,True,34
16343,2010-10-28 14:15:00,2011-11-23 17:43:00,2010-10,True,391
16344,2010-02-09 12:16:00,2010-04-22 14:10:00,2010-02,True,72
16345,2010-08-13 17:13:00,2011-10-26 16:03:00,2010-08,True,439
16346,2010-11-19 15:55:00,,2010-11,False,
16347,2010-03-12 12:41:00,2010-04-01 11:48:00,2010-03,True,20
16348,2010-10-05 13:57:00,2011-04-13 15:49:00,2010-10,True,190
16349,2011-02-22 12:40:00,,2011-02,False,
16350,2010-10-07 16:33:00,2010-11-04 14:21:00,2010-10,True,28
16351,2009-12-04 16:12:00,2009-12-17 18:35:00,2009-12,True,13
16352,2011-11-02 08:44:00,2011-11-22 10:32:00,2011-11,True,20
16353,2009-12-07 13:55:00,2009-12-07 13:56:00,2009-12,True,0
16354,2010-04-27 13:33:00,2010-09-24 14:33:00,2010-04,True,150
16355,2010-11-29 14:21:00,,2010-11,False,
16356,2010-06-06 11:26:00,2010-06-06 11:38:00,2010-06,True,0
16357,2010-11-23 18:52:00,2011-05-10 10:35:00,2010-11,True,168
16358,2010-11-10 11:36:00,2011-06-08 15:05:00,2010-11,True,210
16359,2010-02-16 10:39:00,2010-04-28 15:05:00,2010-02,True,71
16360,2011-09-12 13:50:00,2011-09-20 13:11:00,2011-09,True,8
16361,2011-09-29 13:13:00,2011-10-30 13:17:00,2011-09,True,31
16362,2010-09-28 09:24:00,2011-09-09 14:47:00,2010-09,True,346
16363,2011-10-17 14:14:00,,2011-10,False,
16364,2011-07-25 14:35:00,2011-11-28 11:27:00,2011-07,True,126
16365,2009-12-11 12:41:00,2010-03-18 12:47:00,2009-12,True,97
16366,2009-12-16 10:39:00,2010-01-28 13:00:00,2009-12,True,43
16367,2010-11-21 13:23:00,2010-12-12 12:01:00,2010-11,True,21
16368,2010-09-30 11:30:00,2011-11-11 15:08:00,2010-09,True,407
16369,2010-04-07 16:52:00,2010-05-26 15:24:00,2010-04,True,49
16370,2011-04-28 16:40:00,2011-06-10 11:44:00,2011-04,True,43
16371,2010-09-17 12:09:00,,2010-09,False,
16372,2010-04-11 15:20:00,2010-10-20 15:25:00,2010-04,True,192
16373,2010-10-24 13:10:00,2010-11-22 15:50:00,2010-10,True,29
16374,2010-04-30 13:10:00,2010-09-13 12:56:00,2010-04,True,136
16375,2010-08-26 14:12:00,2010-08-26 14:25:00,2010-08,True,0
16376,2011-11-22 16:47:00,2011-12-01 11:38:00,2011-11,True,9
16377,2010-04-01 10:36:00,2011-03-17 15:41:00,2010-04,True,350
16378,2011-02-02 12:42:00,2011-02-16 10:32:00,2011-02,True,14
16379,2011-09-22 09:33:00,2011-11-02 14:04:00,2011-09,True,41
16380,2011-10-09 15:40:00,,2011-10,False,
16381,2010-10-17 13:06:00,2010-11-09 09:56:00,2010-10,True,23
16382,2010-06-07 12:42:00,2010-10-27 16:23:00,2010-06,True,142
16383,2010-02-04 13:18:00,2010-04-29 12:51:00,2010-02,True,84
16384,2010-04-28 14:01:00,2010-10-06 12:49:00,2010-04,True,161
16385,2010-03-18 12:45:00,2010-11-15 13:27:00,2010-03,True,242
16386,2010-11-17 11:19:00,2011-03-31 12:19:00,2010-11,True,134
16387,2010-03-11 12:22:00,2010-09-12 12:41:00,2010-03,True,185
16388,2010-02-24 10:20:00,,2010-02,False,
16389,2011-03-01 15:47:00,2011-05-18 13:55:00,2011-03,True,78
16390,2010-01-29 15:25:00,2010-06-20 15:00:00,2010-01,True,142
16391,2010-05-27 11:27:00,2010-06-21 13:04:00,2010-05,True,25
16392,2010-05-27 11:17:00,2010-10-22 11:40:00,2010-05,True,148
16393,2009-12-01 12:13:00,2010-02-19 12:50:00,2009-12,True,80
16394,2011-02-23 10:58:00,2011-04-05 14:51:00,2011-02,True,41
16395,2009-12-06 12:26:00,2009-12-09 16:03:00,2009-12,True,3
16396,2010-08-20 14:17:00,,2010-08,False,
16397,2010-03-21 15:36:00,,2010-03,False,
16398,2011-03-31 09:38:00,2011-07-08 15:16:00,2011-03,True,99
16399,2010-11-15 15:03:00,2011-04-18 13:46:00,2010-11,True,154
16400,2009-12-08 12:38:00,2010-03-08 14:04:00,2009-12,True,90
16401,2010-06-02 13:13:00,2010-06-16 14:11:00,2010-06,True,14
16402,2010-12-05 13:42:00,2011-03-20 12:25:00,2010-12,True,105
16403,2011-01-31 13:39:00,,2011-01,False,
16404,2011-09-30 14:55:00,,2011-09,False,
16405,2011-02-02 17:08:00,2011-02-10 15:24:00,2011-02,True,8
16406,2010-02-24 11:51:00,2010-09-15 11:53:00,2010-02,True,203
16407,2010-10-03 13:56:00,2010-10-03 14:07:00,2010-10,True,0
16408,2010-04-27 14:08:00,,2010-04,False,
16409,2009-12-13 15:38:00,2010-02-16 15:35:00,2009-12,True,65
16410,2009-12-05 14:51:00,,2009-12,False,
16411,2010-10-07 15:09:00,2010-11-21 13:13:00,2010-10,True,45
16412,2010-02-04 13:46:00,2010-04-09 11:41:00,2010-02,True,64
16413,2010-11-29 12:49:00,2011-10-14 12:08:00,2010-11,True,319
16414,2010-01-14 10:21:00,2010-04-25 11:24:00,2010-01,True,101
16415,2010-02-01 12:30:00,2010-05-05 11:51:00,2010-02,True,93
16416,2010-02-23 12:00:00,2010-07-21 13:17:00,2010-02,True,148
16417,2010-08-04 09:08:00,,2010-08,False,
16418,2010-10-13 12:31:00,2010-10-27 12:55:00,2010-10,True,14
16419,2010-02-09 13:26:00,2010-05-11 12:18:00,2010-02,True,91
16420,2010-11-08 15:15:00,,2010-11,False,
16421,2010-08-27 12:02:00,2010-10-17 15:21:00,2010-08,True,51
16422,2010-01-12 11:57:00,2010-01-24 11:58:00,2010-01,True,12
16423,2011-11-15 09:21:00,,2011-11,False,
16424,2010-11-22 11:24:00,2011-06-01 13:40:00,2010-11,True,191
16425,2011-02-10 14:30:00,,2011-02,False,
16426,2011-03-08 15:45:00,2011-09-08 11:56:00,2011-03,True,184
16427,2011-02-28 15:18:00,2011-03-21 17:10:00,2011-02,True,21
16428,2010-07-30 12:10:00,2010-07-30 12:19:00,2010-07,True,0
16429,2011-08-25 13:54:00,,2011-08,False,
16430,2010-01-27 12:45:00,2010-06-03 14:24:00,2010-01,True,127
16431,2011-02-15 14:02:00,2011-02-15 14:08:00,2011-02,True,0
16432,2011-10-06 13:59:00,,2011-10,False,
16433,2010-10-27 12:26:00,2011-11-11 14:09:00,2010-10,True,380
16434,2010-01-17 14:51:00,2010-01-29 14:13:00,2010-01,True,12
16435,2010-07-13 13:29:00,2010-07-15 12:00:00,2010-07,True,2
16436,2009-12-06 16:02:00,2009-12-07 17:49:00,2009-12,True,1
16437,2010-10-06 12:34:00,2010-11-23 16:59:00,2010-10,True,48
16438,2011-09-18 13:31:00,2011-10-27 19:56:00,2011-09,True,39
16439,2009-12-17 14:22:00,,2009-12,False,
16440,2010-08-03 11:32:00,2011-05-09 12:25:00,2010-08,True,279
16441,2010-03-22 18:00:00,2010-09-30 20:08:00,2010-03,True,192
16442,2009-12-13 11:05:00,2010-04-14 13:35:00,2009-12,True,122
16443,2010-07-07 11:57:00,,2010-07,False,
16444,2010-03-24 14:06:00,2010-05-07 13:18:00,2010-03,True,44
16445,2010-10-24 12:39:00,2010-11-18 11:29:00,2010-10,True,25
16446,2011-05-18 09:52:00,2011-12-09 09:15:00,2011-05,True,205
16447,2010-02-17 14:09:00,2010-04-28 13:21:00,2010-02,True,70
16448,2010-08-25 16:58:00,2011-05-25 16:28:00,2010-08,True,273
16449,2011-03-04 12:15:00,2011-05-26 10:25:00,2011-03,True,83
16450,2010-02-21 15:46:00,2010-05-04 13:43:00,2010-02,True,72
16451,2009-12-04 15:11:00,2010-05-27 17:56:00,2009-12,True,174
16452,2010-01-15 12:22:00,2010-03-19 12:39:00,2010-01,True,63
16453,2010-06-09 13:15:00,2010-06-27 12:46:00,2010-06,True,18
16454,2010-04-07 15:54:00,2011-10-06 16:57:00,2010-04,True,547
16455,2010-03-30 10:31:00,2010-10-07 16:14:00,2010-03,True,191
16456,2010-03-29 11:16:00,2010-04-27 12:20:00,2010-03,True,29
16457,2011-05-05 13:19:00,,2011-05,False,
16458,2010-05-26 14:38:00,2010-06-14 13:42:00,2010-05,True,19
16459,2009-12-10 12:42:00,,2009-12,False,
16460,2011-09-19 10:15:00,2011-09-28 12:22:00,2011-09,True,9
16461,2010-03-03 13:57:00,2010-04-28 11:54:00,2010-03,True,56
16462,2011-03-01 08:58:00,2011-06-07 11:07:00,2011-03,True,98
16463,2011-05-19 14:45:00,2011-10-17 14:23:00,2011-05,True,151
16464,2011-07-20 13:53:00,2011-09-20 13:42:00,2011-07,True,62
16465,2010-09-21 10:46:00,2010-10-15 09:27:00,2010-09,True,24
16466,2010-03-07 14:31:00,2010-04-11 12:45:00,2010-03,True,35
16467,2009-12-02 11:59:00,2010-01-06 10:58:00,2009-12,True,35
16468,2010-08-15 13:10:00,2010-08-26 16:36:00,2010-08,True,11
16469,2010-07-13 13:17:00,2011-04-07 13:11:00,2010-07,True,268
16470,2009-12-11 12:21:00,2010-04-19 12:28:00,2009-12,True,129
16471,2010-02-25 10:07:00,2010-05-20 11:41:00,2010-02,True,84
16472,2010-04-21 11:48:00,2010-10-01 13:56:00,2010-04,True,163
16473,2010-11-30 16:29:00,2011-01-07 10:55:00,2010-11,True,38
16474,2011-07-17 14:51:00,2011-09-11 16:06:00,2011-07,True,56
16475,2011-03-11 09:39:00,2011-06-30 15:35:00,2011-03,True,111
16476,2010-10-04 10:29:00,,2010-10,False,
16477,2010-08-12 09:43:00,2010-09-15 15:16:00,2010-08,True,34
16478,2011-10-05 12:02:00,2011-10-06 10:53:00,2011-10,True,1
16479,2011-11-29 13:04:00,2011-11-29 13:40:00,2011-11,True,0
16480,2011-09-25 11:40:00,,2011-09,False,
16481,2010-01-26 13:09:00,,2010-01,False,
16482,2011-11-24 12:33:00,,2011-11,False,
16483,2011-05-31 13:08:00,,2011-05,False,
16484,2011-06-02 10:39:00,2011-06-19 12:06:00,2011-06,True,17
16485,2009-12-06 12:28:00,2010-02-21 12:31:00,2009-12,True,77
16486,2010-06-20 12:16:00,,2010-06,False,
16487,2010-02-18 17:36:00,2010-05-11 13:38:00,2010-02,True,82
16488,2011-07-14 11:46:00,2011-08-17 09:05:00,2011-07,True,34
16489,2010-09-29 15:02:00,2010-11-24 14:40:00,2010-09,True,56
16490,2010-09-29 16:30:00,,2010-09,False,
16491,2010-10-22 15:42:00,2011-10-24 10:18:00,2010-10,True,367
16492,2010-06-17 08:20:00,,2010-06,False,
16493,2010-03-26 13:05:00,2010-07-05 13:05:00,2010-03,True,101
16494,2011-02-16 12:49:00,,2011-02,False,
16495,2011-03-08 16:38:00,2011-03-08 16:39:00,2011-03,True,0
16496,2010-07-18 13:42:00,2010-07-18 13:43:00,2010-07,True,0
16497,2009-12-03 14:11:00,2010-01-08 10:30:00,2009-12,True,36
16498,2011-06-30 19:52:00,2011-07-01 15:07:00,2011-06,True,1
16499,2010-06-11 12:22:00,2010-06-28 16:07:00,2010-06,True,17
16500,2010-06-14 14:54:00,2010-11-02 11:27:00,2010-06,True,141
16501,2010-11-21 14:10:00,,2010-11,False,
16502,2010-03-29 13:39:00,2010-03-29 13:44:00,2010-03,True,0
16503,2010-06-21 14:07:00,2010-07-06 08:46:00,2010-06,True,15
16504,2011-11-14 15:18:00,,2011-11,False,
16505,2011-11-08 12:14:00,,2011-11,False,
16506,2011-10-30 15:50:00,2011-11-20 12:17:00,2011-10,True,21
16507,2010-05-16 12:56:00,,2010-05,False,
16508,2010-03-19 13:41:00,,2010-03,False,
16509,2011-02-16 09:25:00,,2011-02,False,
16510,2010-01-17 12:30:00,2010-03-17 17:11:00,2010-01,True,59
16511,2010-03-01 12:21:00,2010-09-21 13:37:00,2010-03,True,204
16513,2011-10-27 14:56:00,2011-11-20 13:39:00,2011-10,True,24
16515,2010-06-17 12:17:00,2010-09-23 12:06:00,2010-06,True,98
16516,2011-11-09 14:59:00,,2011-11,False,
16517,2011-03-07 13:50:00,,2011-03,False,
16518,2010-06-01 13:31:00,2010-10-14 12:14:00,2010-06,True,135
16519,2010-03-01 13:51:00,2010-08-11 14:34:00,2010-03,True,163
16520,2010-03-02 16:50:00,2010-04-29 16:45:00,2010-03,True,58
16521,2010-03-01 13:22:00,2010-10-20 12:53:00,2010-03,True,233
16522,2010-09-15 13:32:00,2010-09-30 10:54:00,2010-09,True,15
16523,2010-01-24 13:14:00,2010-03-02 15:37:00,2010-01,True,37
16524,2010-01-17 13:16:00,2010-09-19 13:37:00,2010-01,True,245
16525,2009-12-02 13:53:00,2009-12-07 12:41:00,2009-12,True,5
16526,2010-05-04 16:34:00,2011-06-21 12:02:00,2010-05,True,413
16527,2010-10-11 13:25:00,2011-09-19 16:21:00,2010-10,True,343
16528,2011-12-06 12:45:00,,2011-12,False,
16529,2010-06-27 13:29:00,2010-07-21 12:39:00,2010-06,True,24
16530,2010-02-09 15:30:00,,2010-02,False,
16531,2010-09-24 09:49:00,2010-10-26 13:10:00,2010-09,True,32
16532,2010-03-29 10:26:00,2010-10-04 11:52:00,2010-03,True,189
16533,2011-10-02 15:07:00,2011-10-16 13:51:00,2011-10,True,14
16534,2010-03-07 15:47:00,,2010-03,False,
16535,2010-11-19 13:01:00,2011-12-04 15:18:00,2010-11,True,380
16536,2011-08-21 15:54:00,,2011-08,False,
16537,2010-03-08 13:41:00,,2010-03,False,
16538,2010-04-23 16:25:00,2010-06-16 16:47:00,2010-04,True,54
16539,2010-06-25 15:24:00,2010-07-08 11:44:00,2010-06,True,13
16540,2010-10-21 17:22:00,,2010-10,False,
16541,2009-12-04 13:22:00,,2009-12,False,
16542,2010-11-03 14:44:00,2011-10-17 10:47:00,2010-11,True,348
16543,2010-04-27 11:38:00,,2010-04,False,
16544,2010-02-15 13:20:00,2010-02-15 13:28:00,2010-02,True,0
16545,2010-11-29 10:39:00,2011-06-28 10:37:00,2010-11,True,211
16546,2010-09-23 15:43:00,2010-11-04 13:46:00,2010-09,True,42
16547,2010-06-11 13:02:00,,2010-06,False,
16548,2010-04-19 16:15:00,,2010-04,False,
16549,2010-03-28 15:45:00,2010-04-18 15:48:00,2010-03,True,21
16550,2009-12-02 11:24:00,2009-12-15 12:08:00,2009-12,True,13
16551,2009-12-13 16:12:00,2010-02-08 15:48:00,2009-12,True,57
16552,2010-12-01 12:36:00,2011-04-11 10:04:00,2010-12,True,131
16553,2010-02-11 18:46:00,2010-02-11 18:48:00,2010-02,True,0
16554,2009-12-15 09:42:00,2010-03-25 11:23:00,2009-12,True,100
16555,2010-07-22 13:39:00,2010-07-22 13:40:00,2010-07,True,0
16556,2009-12-07 10:51:00,2009-12-18 09:16:00,2009-12,True,11
16557,2011-07-25 13:28:00,2011-11-15 14:04:00,2011-07,True,113
16558,2009-12-03 18:11:00,2010-03-09 11:23:00,2009-12,True,96
16559,2010-11-07 13:52:00,,2010-11,False,
16560,2009-12-08 12:05:00,2009-12-17 13:15:00,2009-12,True,9
16561,2011-10-11 09:53:00,2011-12-04 11:50:00,2011-10,True,54
16562,2010-08-20 11:45:00,,2010-08,False,
16563,2009-12-01 18:35:00,2010-02-18 11:56:00,2009-12,True,79
16564,2010-05-19 14:41:00,,2010-05,False,
16565,2010-06-02 12:47:00,2010-08-10 12:32:00,2010-06,True,69
16566,2011-02-20 10:29:00,2011-05-31 08:32:00,2011-02,True,100
16567,2011-01-07 09:31:00,2011-05-29 13:57:00,2011-01,True,142
16568,2010-03-08 14:51:00,2010-10-08 10:54:00,2010-03,True,214
16569,2009-12-16 15:05:00,2010-01-11 14:52:00,2009-12,True,26
16570,2010-03-30 09:32:00,2010-05-19 10:27:00,2010-03,True,50
16571,2010-03-18 09:12:00,2010-05-25 11:46:00,2010-03,True,68
16572,2011-03-09 12:04:00,2011-07-11 13:32:00,2011-03,True,124
16573,2011-02-22 15:14:00,2011-09-16 09:13:00,2011-02,True,206
16574,2010-02-19 11:46:00,2010-10-12 09:25:00,2010-02,True,235
16576,2010-07-06 10:42:00,2010-10-15 13:37:00,2010-07,True,101
16577,2010-02-11 09:45:00,,2010-02,False,
16578,2010-03-23 15:11:00,,2010-03,False,
16579,2010-10-10 11:58:00,,2010-10,False,
16581,2011-06-10 10:05:00,,2011-06,False,
16582,2011-08-18 17:02:00,,2011-08,False,
16583,2010-02-04 12:18:00,2010-12-01 12:03:00,2010-02,True,300
16584,2010-02-16 10:41:00,2010-07-28 10:45:00,2010-02,True,162
16585,2010-01-13 13:31:00,2010-04-25 10:34:00,2010-01,True,102
16586,2010-03-14 11:24:00,2010-09-21 10:11:00,2010-03,True,191
16587,2011-04-21 15:51:00,,2011-04,False,
16588,2010-05-14 13:43:00,2010-07-22 17:30:00,2010-05,True,69
16589,2010-09-15 14:56:00,2011-07-01 13:31:00,2010-09,True,289
16590,2010-10-21 12:09:00,2010-11-04 09:06:00,2010-10,True,14
16591,2011-10-02 10:43:00,,2011-10,False,
16592,2009-12-18 15:57:00,2010-01-24 13:51:00,2009-12,True,37
16593,2009-12-05 10:44:00,2009-12-20 13:37:00,2009-12,True,15
16594,2011-09-25 14:08:00,,2011-09,False,
16595,2010-01-17 12:12:00,2010-04-12 15:40:00,2010-01,True,85
16596,2009-12-10 13:09:00,2010-01-19 12:39:00,2009-12,True,40
16597,2011-12-05 15:44:00,,2011-12,False,
16598,2011-02-27 11:42:00,,2011-02,False,
16599,2010-11-19 12:45:00,,2010-11,False,
16600,2009-12-18 12:59:00,2010-08-13 14:47:00,2009-12,True,238
16601,2010-03-26 13:39:00,2010-11-14 11:30:00,2010-03,True,233
16602,2010-11-16 09:13:00,2011-11-03 15:54:00,2010-11,True,352
16603,2011-09-09 13:02:00,2011-09-26 10:06:00,2011-09,True,17
16604,2010-05-20 16:34:00,2010-05-26 09:10:00,2010-05,True,6
16605,2009-12-15 19:03:00,,2009-12,False,
16606,2010-10-01 13:21:00,2010-10-31 13:57:00,2010-10,True,30
16607,2010-04-29 14:01:00,2010-05-20 17:07:00,2010-04,True,21
16608,2010-02-14 11:57:00,2010-09-12 11:44:00,2010-02,True,210
16609,2011-04-01 10:11:00,2011-05-03 10:56:00,2011-04,True,32
16610,2011-05-04 13:13:00,,2011-05,False,
16611,2010-03-10 16:07:00,2010-03-30 13:33:00,2010-03,True,20
16612,2009-12-03 15:54:00,2010-05-23 14:06:00,2009-12,True,171
16613,2011-09-30 15:52:00,,2011-09,False,
16614,2010-05-10 15:18:00,2010-11-02 18:08:00,2010-05,True,176
16615,2010-03-23 15:13:00,,2010-03,False,
16616,2011-07-05 13:38:00,2011-11-24 16:31:00,2011-07,True,142
16617,2011-04-18 10:35:00,,2011-04,False,
16618,2011-01-21 11:55:00,2011-03-25 15:18:00,2011-01,True,63
16619,2010-02-22 12:05:00,2010-04-20 14:52:00,2010-02,True,57
16620,2009-12-01 14:35:00,2010-03-05 15:48:00,2009-12,True,94
16621,2011-03-07 11:32:00,2011-05-08 10:43:00,2011-03,True,62
16622,2010-06-14 10:44:00,,2010-06,False,
16623,2010-04-26 14:04:00,2010-06-21 12:11:00,2010-04,True,56
16624,2011-05-26 14:20:00,2011-09-20 12:39:00,2011-05,True,117
16625,2010-06-14 11:56:00,2010-08-16 14:49:00,2010-06,True,63
16626,2011-03-18 12:27:00,2011-06-08 10:50:00,2011-03,True,82
16627,2011-09-21 14:38:00,,2011-09,False,
16628,2010-03-08 12:24:00,2010-10-28 08:38:00,2010-03,True,234
16629,2011-09-04 16:12:00,2011-09-27 10:34:00,2011-09,True,23
16630,2010-10-28 14:30:00,,2010-10,False,
16631,2010-02-26 10:49:00,2010-04-15 08:35:00,2010-02,True,48
16632,2010-05-07 16:46:00,2010-08-11 11:39:00,2010-05,True,96
16633,2011-04-19 14:36:00,2011-06-12 11:48:00,2011-04,True,54
16634,2010-01-21 09:30:00,2010-03-29 12:32:00,2010-01,True,67
16635,2010-10-29 09:41:00,,2010-10,False,
16636,2010-03-03 14:06:00,2010-03-19 10:23:00,2010-03,True,16
16637,2011-04-28 10:20:00,2011-08-08 12:00:00,2011-04,True,102
16638,2010-08-18 13:33:00,2010-08-18 13:35:00,2010-08,True,0
16639,2010-10-26 18:23:00,2011-04-18 09:31:00,2010-10,True,174
16640,2010-11-07 10:48:00,,2010-11,False,
16641,2010-01-07 12:22:00,2011-08-26 12:49:00,2010-01,True,596
16642,2010-10-20 14:22:00,2011-05-16 12:35:00,2010-10,True,208
16643,2010-10-13 09:47:00,2011-04-08 08:24:00,2010-10,True,177
16644,2011-05-11 12:53:00,2011-06-15 12:39:00,2011-05,True,35
16645,2009-12-04 09:49:00,,2009-12,False,
16646,2010-09-16 13:28:00,,2010-09,False,
16647,2010-06-13 15:52:00,2010-09-23 14:33:00,2010-06,True,102
16648,2010-04-28 14:58:00,2010-09-10 11:59:00,2010-04,True,135
16649,2010-07-07 15:41:00,,2010-07,False,
16650,2010-07-08 14:18:00,2010-07-12 11:00:00,2010-07,True,4
16651,2010-05-02 11:46:00,,2010-05,False,
16652,2010-03-17 10:22:00,2010-04-27 11:15:00,2010-03,True,41
16653,2011-09-29 13:38:00,2011-11-23 14:51:00,2011-09,True,55
16654,2010-04-06 13:29:00,2010-07-01 13:37:00,2010-04,True,86
16655,2010-01-31 15:40:00,2010-03-28 16:04:00,2010-01,True,56
16656,2009-12-04 12:59:00,2010-02-07 14:39:00,2009-12,True,65
16657,2011-03-30 12:02:00,2011-07-14 11:45:00,2011-03,True,106
16658,2010-03-30 16:24:00,2010-05-25 16:48:00,2010-03,True,56
16659,2011-06-03 15:03:00,,2011-06,False,
16660,2010-01-14 11:09:00,2010-09-07 15:09:00,2010-01,True,236
16661,2009-12-17 15:39:00,2010-04-23 11:28:00,2009-12,True,127
16662,2010-11-10 16:56:00,,2010-11,False,
16663,2009-12-10 13:12:00,,2009-12,False,
16664,2010-05-19 17:11:00,,2010-05,False,
16665,2010-12-12 14:03:00,,2010-12,False,
16666,2010-03-28 15:13:00,2011-11-20 14:01:00,2010-03,True,602
16667,2011-02-28 12:57:00,2011-10-02 15:26:00,2011-02,True,216
16668,2010-03-18 18:25:00,2010-06-01 12:18:00,2010-03,True,75
16669,2011-09-22 14:13:00,2011-11-16 12:26:00,2011-09,True,55
16670,2009-12-10 15:28:00,2010-01-18 12:27:00,2009-12,True,39
16671,2011-06-28 11:20:00,2011-11-04 09:32:00,2011-06,True,129
16672,2011-03-18 10:15:00,2011-04-06 14:03:00,2011-03,True,19
16673,2010-01-29 14:22:00,,2010-01,False,
16674,2011-09-02 13:59:00,2011-10-16 11:31:00,2011-09,True,44
16675,2010-08-18 13:11:00,2010-09-24 12:15:00,2010-08,True,37
16676,2010-10-17 13:07:00,2010-11-02 19:19:00,2010-10,True,16
16677,2010-02-25 16:11:00,2010-10-24 14:53:00,2010-02,True,241
16678,2011-03-02 09:24:00,2011-04-03 13:24:00,2011-03,True,32
16679,2010-06-10 18:35:00,2010-11-10 13:11:00,2010-06,True,153
16680,2010-06-23 09:30:00,2010-06-29 14:52:00,2010-06,True,6
16681,2010-03-08 14:10:00,2011-03-31 13:46:00,2010-03,True,388
16682,2011-06-05 11:02:00,2011-07-04 10:42:00,2011-06,True,29
16683,2010-06-24 10:36:00,,2010-06,False,
16684,2009-12-07 12:56:00,2009-12-07 12:58:00,2009-12,True,0
16685,2011-10-09 13:44:00,2011-10-09 13:58:00,2011-10,True,0
16686,2009-12-06 15:48:00,2009-12-06 15:51:00,2009-12,True,0
16687,2010-11-14 11:46:00,,2010-11,False,
16688,2011-10-10 12:23:00,2011-10-27 16:11:00,2011-10,True,17
16689,2011-09-18 13:29:00,2011-09-25 11:39:00,2011-09,True,7
16690,2010-09-14 15:00:00,2010-11-11 16:15:00,2010-09,True,58
16691,2010-05-27 14:55:00,2010-10-17 15:03:00,2010-05,True,143
16692,2010-09-24 11:31:00,2010-10-27 10:29:00,2010-09,True,33
16693,2010-02-21 12:42:00,2010-07-11 11:02:00,2010-02,True,140
16694,2009-12-16 15:45:00,,2009-12,False,
16695,2010-05-27 12:24:00,2010-05-27 12:36:00,2010-05,True,0
16696,2011-04-05 15:20:00,2011-05-10 11:31:00,2011-04,True,35
16697,2011-04-12 17:12:00,,2011-04,False,
16698,2011-03-31 13:33:00,2011-04-27 10:52:00,2011-03,True,27
16699,2009-12-04 13:31:00,2010-03-25 13:41:00,2009-12,True,111
16700,2009-12-02 10:51:00,2009-12-02 10:52:00,2009-12,True,0
16701,2009-12-01 19:19:00,2009-12-17 13:14:00,2009-12,True,16
16702,2009-12-07 16:40:00,2010-02-23 15:27:00,2009-12,True,78
16704,2010-02-05 14:14:00,2010-03-31 14:02:00,2010-02,True,54
16705,2009-12-09 13:34:00,2010-01-19 17:03:00,2009-12,True,41
16706,2011-08-17 15:53:00,2011-09-02 13:41:00,2011-08,True,16
16707,2010-03-09 15:16:00,2010-05-06 13:52:00,2010-03,True,58
16708,2011-10-25 12:20:00,,2011-10,False,
16709,2009-12-09 13:16:00,2010-02-03 13:24:00,2009-12,True,56
16710,2009-12-04 13:41:00,2009-12-06 13:49:00,2009-12,True,2
16711,2009-12-02 13:22:00,2009-12-14 14:28:00,2009-12,True,12
16712,2010-11-03 15:45:00,2010-11-03 15:54:00,2010-11,True,0
16713,2009-12-15 12:49:00,2009-12-15 12:57:00,2009-12,True,0
16714,2010-02-07 11:17:00,2011-01-26 13:40:00,2010-02,True,353
16715,2010-05-26 12:35:00,2011-09-22 18:15:00,2010-05,True,484
16716,2010-03-19 11:05:00,2011-02-01 15:35:00,2010-03,True,319
16717,2009-12-07 15:55:00,2010-03-01 08:55:00,2009-12,True,84
16718,2009-12-06 13:07:00,2010-01-31 11:01:00,2009-12,True,56
16719,2009-12-13 10:59:00,2010-01-26 10:13:00,2009-12,True,44
16720,2009-12-17 17:54:00,2010-11-28 14:49:00,2009-12,True,346
16721,2011-03-22 16:08:00,,2011-03,False,
16722,2009-12-03 19:23:00,2010-02-03 14:36:00,2009-12,True,62
16723,2009-12-04 13:23:00,2010-09-22 11:05:00,2009-12,True,292
16724,2010-10-31 11:40:00,,2010-10,False,
16725,2009-12-13 15:54:00,2010-08-22 11:45:00,2009-12,True,252
16726,2010-10-24 16:09:00,2010-11-21 14:04:00,2010-10,True,28
16727,2010-01-20 10:48:00,2010-03-28 12:18:00,2010-01,True,67
16728,2011-03-20 13:28:00,2011-04-17 11:04:00,2011-03,True,28
16729,2011-04-12 14:22:00,2011-04-18 14:27:00,2011-04,True,6
16730,2011-01-24 14:01:00,2011-04-19 12:41:00,2011-01,True,85
16731,2010-03-01 15:05:00,,2010-03,False,
16732,2009-12-08 13:04:00,2010-04-07 10:53:00,2009-12,True,120
16733,2010-06-28 10:12:00,,2010-06,False,
16734,2011-08-17 15:00:00,2011-08-17 15:02:00,2011-08,True,0
16735,2009-12-08 09:24:00,2010-01-21 11:41:00,2009-12,True,44
16736,2009-12-03 16:12:00,2009-12-04 10:39:00,2009-12,True,1
16737,2010-05-11 09:53:00,2011-10-17 13:03:00,2010-05,True,524
16738,2011-02-15 09:46:00,,2011-02,False,
16739,2010-06-21 09:38:00,2011-06-16 09:17:00,2010-06,True,360
16740,2010-11-09 13:34:00,,2010-11,False,
16741,2010-03-24 15:15:00,,2010-03,False,
16742,2009-12-16 17:22:00,2010-01-26 11:45:00,2009-12,True,41
16743,2010-04-22 13:21:00,2010-05-13 13:15:00,2010-04,True,21
16744,2011-06-19 15:13:00,2011-07-17 14:42:00,2011-06,True,28
16745,2011-02-01 11:31:00,2011-02-06 14:43:00,2011-02,True,5
16746,2009-12-04 13:00:00,2009-12-09 16:24:00,2009-12,True,5
16747,2011-10-03 10:18:00,2011-11-02 11:37:00,2011-10,True,30
16748,2009-12-10 12:28:00,2010-02-09 10:48:00,2009-12,True,61
16749,2009-12-15 14:05:00,2010-04-27 13:06:00,2009-12,True,133
16750,2011-04-21 16:53:00,2011-07-26 17:27:00,2011-04,True,96
16751,2011-11-09 10:48:00,,2011-11,False,
16752,2010-12-02 12:18:00,,2010-12,False,
16753,2011-10-12 13:14:00,,2011-10,False,
16754,2010-03-08 11:32:00,2010-03-15 12:52:00,2010-03,True,7
16755,2009-12-09 14:25:00,2010-02-03 10:22:00,2009-12,True,56
16756,2010-03-09 15:56:00,2010-04-26 12:02:00,2010-03,True,48
16757,2010-10-26 15:09:00,2011-01-25 11:59:00,2010-10,True,91
16758,2011-10-05 14:47:00,,2011-10,False,
16759,2011-11-09 09:06:00,2011-11-09 09:07:00,2011-11,True,0
16760,2010-10-05 15:55:00,,2010-10,False,
16761,2011-09-04 11:15:00,,2011-09,False,
16762,2011-07-18 12:52:00,2011-10-25 10:17:00,2011-07,True,99
16763,2009-12-01 15:26:00,2011-05-25 11:52:00,2009-12,True,540
16764,2011-07-19 17:17:00,2011-07-31 11:38:00,2011-07,True,12
16765,2010-11-22 13:42:00,2011-02-18 15:41:00,2010-11,True,88
16766,2011-03-11 13:34:00,2011-03-11 15:22:00,2011-03,True,0
16767,2010-04-28 16:49:00,2010-07-16 15:27:00,2010-04,True,79
16768,2009-12-07 11:47:00,2010-02-10 11:46:00,2009-12,True,65
16769,2009-12-14 11:10:00,2009-12-14 11:18:00,2009-12,True,0
16770,2010-08-22 16:08:00,2010-09-19 15:47:00,2010-08,True,28
16771,2009-12-09 11:52:00,2010-02-04 12:08:00,2009-12,True,57
16772,2009-12-18 10:50:00,2010-01-08 12:38:00,2009-12,True,21
16773,2009-12-06 15:01:00,2010-09-29 15:47:00,2009-12,True,297
16774,2010-02-16 16:53:00,2010-04-20 12:51:00,2010-02,True,63
16775,2010-09-23 17:34:00,2010-10-12 13:54:00,2010-09,True,19
16776,2010-10-20 12:13:00,2011-10-10 13:04:00,2010-10,True,355
16777,2010-03-17 12:42:00,2010-06-27 11:20:00,2010-03,True,102
16778,2011-03-10 15:21:00,2011-09-26 13:48:00,2011-03,True,200
16779,2009-12-03 13:03:00,2009-12-06 12:42:00,2009-12,True,3
16780,2010-10-28 19:41:00,2011-03-25 17:34:00,2010-10,True,148
16781,2010-02-08 13:56:00,2010-12-02 14:26:00,2010-02,True,297
16782,2009-12-09 11:58:00,2010-01-17 11:03:00,2009-12,True,39
16783,2010-09-29 11:53:00,,2010-09,False,
16784,2010-03-28 12:55:00,2010-08-03 09:14:00,2010-03,True,128
16785,2010-10-26 10:36:00,,2010-10,False,
16786,2010-11-11 08:25:00,,2010-11,False,
16787,2010-01-10 11:12:00,2010-03-28 11:30:00,2010-01,True,77
16788,2010-02-07 12:40:00,2010-06-07 15:31:00,2010-02,True,120
16789,2011-12-01 15:12:00,,2011-12,False,
16790,2011-11-02 11:23:00,2011-11-06 14:06:00,2011-11,True,4
16791,2009-12-03 18:08:00,2010-01-26 14:25:00,2009-12,True,54
16792,2010-01-04 13:47:00,2010-04-30 14:43:00,2010-01,True,116
16793,2011-10-13 15:08:00,,2011-10,False,
16794,2010-03-25 15:17:00,2010-05-06 19:57:00,2010-03,True,42
16795,2010-01-25 13:14:00,2010-10-19 15:33:00,2010-01,True,267
16796,2011-09-11 14:01:00,,2011-09,False,
16797,2009-12-02 13:33:00,2010-02-21 15:48:00,2009-12,True,81
16798,2009-12-10 19:35:00,2010-03-07 12:06:00,2009-12,True,87
16799,2010-09-12 12:46:00,2010-10-03 14:28:00,2010-09,True,21
16800,2011-11-28 14:06:00,,2011-11,False,
16801,2011-03-11 13:56:00,2011-05-22 12:12:00,2011-03,True,72
16802,2009-12-09 13:00:00,2010-01-29 13:44:00,2009-12,True,51
16803,2011-10-05 14:28:00,,2011-10,False,
16804,2011-03-14 15:48:00,2011-11-16 16:42:00,2011-03,True,247
16805,2009-12-14 15:17:00,2010-05-11 15:03:00,2009-12,True,148
16806,2011-04-14 19:59:00,2011-05-03 15:15:00,2011-04,True,19
16807,2010-03-26 14:38:00,2010-05-13 14:31:00,2010-03,True,48
16808,2011-03-10 19:05:00,2011-09-01 19:34:00,2011-03,True,175
16809,2010-04-13 15:34:00,2010-07-01 13:42:00,2010-04,True,79
16810,2010-10-15 15:32:00,2011-05-31 15:32:00,2010-10,True,228
16811,2011-11-22 17:19:00,2011-12-05 11:39:00,2011-11,True,13
16812,2010-11-22 14:36:00,2010-11-25 16:33:00,2010-11,True,3
16813,2011-05-19 13:28:00,2011-06-01 12:11:00,2011-05,True,13
16814,2010-04-11 12:45:00,2010-04-26 10:57:00,2010-04,True,15
16815,2010-06-21 12:05:00,2010-09-12 10:59:00,2010-06,True,83
16816,2010-12-16 17:01:00,2011-01-30 15:40:00,2010-12,True,45
16817,2010-10-04 09:06:00,2010-10-20 12:31:00,2010-10,True,16
16818,2011-05-18 11:42:00,2011-05-22 15:44:00,2011-05,True,4
16819,2010-08-31 17:31:00,2010-08-31 17:37:00,2010-08,True,0
16820,2011-09-05 12:06:00,,2011-09,False,
16821,2010-11-23 10:04:00,,2010-11,False,
16822,2010-01-22 14:22:00,,2010-01,False,
16823,2009-12-02 09:57:00,2010-03-22 17:32:00,2009-12,True,110
16824,2010-11-11 12:21:00,2011-06-28 13:36:00,2010-11,True,229
16825,2010-06-23 13:14:00,2010-10-21 09:17:00,2010-06,True,120
16826,2011-10-19 14:05:00,,2011-10,False,
16827,2010-04-29 19:07:00,2010-05-19 14:21:00,2010-04,True,20
16828,2011-08-19 13:24:00,,2011-08,False,
16829,2010-11-16 18:11:00,2011-07-06 10:48:00,2010-11,True,232
16830,2009-12-13 12:11:00,2010-02-02 08:57:00,2009-12,True,51
16831,2010-05-24 09:08:00,,2010-05,False,
16832,2010-09-07 12:35:00,2010-10-07 08:35:00,2010-09,True,30
16833,2010-03-26 15:31:00,2010-09-26 11:23:00,2010-03,True,184
16834,2010-02-03 14:24:00,2011-04-26 09:37:00,2010-02,True,447
16835,2010-05-19 08:41:00,2010-06-29 10:06:00,2010-05,True,41
16836,2010-05-14 12:52:00,2010-10-29 12:48:00,2010-05,True,168
16837,2011-04-08 08:48:00,2011-04-13 10:10:00,2011-04,True,5
16838,2010-02-14 15:27:00,2010-06-27 14:49:00,2010-02,True,133
16839,2010-02-11 15:02:00,2010-04-20 16:06:00,2010-02,True,68
16840,2010-02-03 12:42:00,2010-04-15 15:48:00,2010-02,True,71
16841,2010-01-12 11:32:00,2010-02-09 15:48:00,2010-01,True,28
16842,2011-02-10 14:51:00,2011-07-07 17:35:00,2011-02,True,147
16843,2009-12-10 11:40:00,2010-02-02 16:16:00,2009-12,True,54
16844,2010-05-06 09:16:00,2010-05-26 10:29:00,2010-05,True,20
16845,2010-03-31 13:09:00,,2010-03,False,
16846,2010-03-10 12:03:00,2010-05-11 13:45:00,2010-03,True,62
16847,2010-03-31 13:32:00,2011-10-27 13:29:00,2010-03,True,575
16848,2010-10-03 11:01:00,2010-11-28 12:37:00,2010-10,True,56
16849,2011-06-06 09:16:00,,2011-06,False,
16850,2011-01-10 11:09:00,,2011-01,False,
16851,2011-10-19 09:48:00,2011-10-28 12:33:00,2011-10,True,9
16852,2011-06-16 15:49:00,2011-11-29 13:22:00,2011-06,True,166
16854,2010-03-09 14:32:00,2010-10-18 16:31:00,2010-03,True,223
16855,2011-10-27 16:31:00,2011-11-16 12:03:00,2011-10,True,20
16856,2010-09-23 13:11:00,2010-10-18 11:54:00,2010-09,True,25
16857,2010-09-23 10:49:00,,2010-09,False,
16858,2009-12-15 11:09:00,2010-01-12 15:50:00,2009-12,True,28
16859,2010-03-04 12:37:00,2010-07-07 09:36:00,2010-03,True,125
16860,2010-02-15 13:46:00,2010-06-21 15:51:00,2010-02,True,126
16861,2010-07-19 11:44:00,2010-11-04 16:50:00,2010-07,True,108
16862,2010-01-07 12:57:00,2010-04-20 12:30:00,2010-01,True,103
16863,2010-10-26 10:03:00,2010-12-08 08:58:00,2010-10,True,43
16864,2010-04-20 11:56:00,2010-10-01 16:16:00,2010-04,True,164
16865,2010-11-03 11:34:00,,2010-11,False,
16866,2011-07-01 12:34:00,2011-07-10 10:14:00,2011-07,True,9
16867,2010-01-19 09:11:00,,2010-01,False,
16868,2010-04-25 11:31:00,2010-10-03 11:26:00,2010-04,True,161
16869,2011-06-17 13:01:00,2011-06-27 12:16:00,2011-06,True,10
16870,2010-08-27 13:53:00,,2010-08,False,
16871,2011-03-14 10:31:00,2011-03-29 11:39:00,2011-03,True,15
16872,2010-09-02 17:36:00,2010-09-12 11:43:00,2010-09,True,10
16873,2010-02-09 14:17:00,2010-05-10 14:34:00,2010-02,True,90
16874,2010-11-25 13:08:00,,2010-11,False,
16875,2010-01-05 09:16:00,2010-03-17 12:25:00,2010-01,True,71
16876,2010-11-01 11:59:00,,2010-11,False,
16877,2011-05-15 16:13:00,2011-07-10 16:18:00,2011-05,True,56
16878,2011-09-16 17:39:00,,2011-09,False,
16880,2010-08-03 13:54:00,2011-06-03 16:45:00,2010-08,True,304
16881,2011-10-04 10:33:00,,2011-10,False,
16882,2011-01-26 17:43:00,2011-04-14 14:36:00,2011-01,True,78
16883,2009-12-04 12:07:00,2010-04-18 11:20:00,2009-12,True,135
16884,2010-05-18 12:00:00,2010-06-01 12:45:00,2010-05,True,14
16885,2010-11-19 12:51:00,2010-12-17 17:23:00,2010-11,True,28
16886,2010-09-09 15:08:00,,2010-09,False,
16887,2009-12-01 13:41:00,2010-11-04 11:29:00,2009-12,True,338
16888,2010-01-07 13:07:00,2010-02-01 17:21:00,2010-01,True,25
16889,2010-05-23 10:46:00,2010-07-11 10:49:00,2010-05,True,49
16890,2010-05-06 16:27:00,2010-05-24 12:03:00,2010-05,True,18
16891,2009-12-04 12:37:00,2009-12-16 14:12:00,2009-12,True,12
16892,2009-12-08 14:20:00,2010-06-03 15:17:00,2009-12,True,177
16893,2010-11-28 15:14:00,2010-12-08 12:06:00,2010-11,True,10
16894,2010-06-22 14:21:00,2010-06-22 14:26:00,2010-06,True,0
16895,2010-02-12 11:07:00,2010-03-22 11:01:00,2010-02,True,38
16896,2010-06-02 15:40:00,,2010-06,False,
16897,2011-01-30 11:52:00,2011-02-13 15:02:00,2011-01,True,14
16898,2010-05-12 12:18:00,2010-10-20 13:00:00,2010-05,True,161
16899,2010-11-07 15:00:00,2010-11-26 11:28:00,2010-11,True,19
16900,2011-10-07 13:17:00,2011-11-20 12:13:00,2011-10,True,44
16901,2009-12-10 16:30:00,,2009-12,False,
16902,2011-08-15 14:17:00,,2011-08,False,
16903,2010-10-20 14:42:00,2010-11-24 14:55:00,2010-10,True,35
16904,2010-10-24 16:03:00,2010-11-07 12:03:00,2010-10,True,14
16905,2009-12-10 20:04:00,2010-01-28 12:20:00,2009-12,True,49
16906,2010-05-13 13:23:00,2010-05-13 13:31:00,2010-05,True,0
16907,2010-07-01 17:30:00,2010-09-30 17:47:00,2010-07,True,91
16908,2009-12-17 13:35:00,,2009-12,False,
16909,2011-09-28 16:45:00,,2011-09,False,
16910,2011-09-09 14:14:00,2011-09-14 14:09:00,2011-09,True,5
16911,2010-02-16 16:12:00,2010-03-14 12:18:00,2010-02,True,26
16912,2009-12-09 12:32:00,2010-02-21 12:36:00,2009-12,True,74
16913,2010-02-26 12:06:00,2010-02-26 12:09:00,2010-02,True,0
16914,2011-11-03 15:27:00,,2011-11,False,
16915,2010-05-19 13:32:00,2010-07-13 09:45:00,2010-05,True,55
16916,2010-10-20 12:56:00,2010-11-01 13:41:00,2010-10,True,12
16917,2010-03-17 15:24:00,2011-03-08 11:55:00,2010-03,True,356
16918,2009-12-03 12:27:00,2010-02-11 13:41:00,2009-12,True,70
16919,2010-08-19 15:28:00,2010-08-31 16:11:00,2010-08,True,12
16920,2010-10-24 14:07:00,,2010-10,False,
16921,2010-04-18 15:34:00,2010-09-23 14:08:00,2010-04,True,158
16922,2010-05-16 11:24:00,,2010-05,False,
16923,2010-01-31 11:14:00,2010-03-07 11:27:00,2010-01,True,35
16924,2011-09-16 12:54:00,2011-10-06 11:41:00,2011-09,True,20
16925,2010-06-17 15:03:00,,2010-06,False,
16926,2010-07-01 12:57:00,2010-07-13 12:58:00,2010-07,True,12
16927,2010-12-13 11:57:00,2011-03-08 13:21:00,2010-12,True,85
16928,2010-02-03 12:30:00,2010-09-10 14:31:00,2010-02,True,219
16929,2011-07-07 12:39:00,2011-08-04 12:13:00,2011-07,True,28
16930,2011-10-02 14:25:00,2011-10-02 14:31:00,2011-10,True,0
16931,2010-11-07 13:24:00,2010-11-24 12:42:00,2010-11,True,17
16932,2010-05-17 14:15:00,2010-10-12 14:14:00,2010-05,True,148
16933,2009-12-09 15:03:00,2010-01-20 14:05:00,2009-12,True,42
16934,2010-03-28 12:43:00,2010-05-30 12:44:00,2010-03,True,63
16935,2010-10-14 13:09:00,2010-11-15 13:06:00,2010-10,True,32
16936,2010-11-19 11:54:00,2011-11-14 11:04:00,2010-11,True,360
16937,2010-07-28 17:56:00,,2010-07,False,
16938,2010-02-17 14:47:00,2010-05-04 14:07:00,2010-02,True,76
16939,2010-02-28 13:33:00,2010-03-28 12:44:00,2010-02,True,28
16940,2009-12-08 13:08:00,2010-02-16 12:50:00,2009-12,True,70
16941,2010-04-07 11:13:00,,2010-04,False,
16942,2011-04-26 11:59:00,2011-05-04 12:20:00,2011-04,True,8
16943,2011-01-25 14:00:00,2011-03-23 15:19:00,2011-01,True,57
16944,2010-04-09 11:03:00,,2010-04,False,
16945,2009-12-09 11:33:00,2009-12-17 12:42:00,2009-12,True,8
16946,2010-03-02 10:49:00,2010-03-10 10:42:00,2010-03,True,8
16947,2010-03-03 10:54:00,2010-05-27 13:25:00,2010-03,True,85
16948,2010-02-21 13:48:00,2010-05-10 09:50:00,2010-02,True,78
16949,2011-01-27 12:11:00,2011-03-30 12:24:00,2011-01,True,62
16950,2010-01-24 11:26:00,2010-02-28 12:21:00,2010-01,True,35
16951,2011-02-08 14:58:00,2011-07-26 11:38:00,2011-02,True,168
16952,2009-12-11 13:52:00,2010-09-07 14:31:00,2009-12,True,270
16953,2011-11-09 15:54:00,,2011-11,False,
16954,2010-01-18 14:49:00,2010-02-12 12:51:00,2010-01,True,25
16955,2010-01-31 11:38:00,2010-06-03 12:36:00,2010-01,True,123
16956,2011-11-22 08:56:00,,2011-11,False,
16957,2011-03-03 09:25:00,2011-04-14 13:56:00,2011-03,True,42
16958,2010-09-30 14:25:00,,2010-09,False,
16959,2011-09-13 15:03:00,,2011-09,False,
16960,2010-03-02 13:36:00,2010-06-01 11:27:00,2010-03,True,91
16961,2010-06-25 14:36:00,2010-11-16 16:37:00,2010-06,True,144
16962,2010-10-26 11:36:00,,2010-10,False,
16963,2011-06-05 13:48:00,,2011-06,False,
16964,2009-12-06 12:51:00,2009-12-06 12:53:00,2009-12,True,0
16965,2011-04-27 12:08:00,,2011-04,False,
16966,2011-04-13 14:17:00,2011-05-19 15:24:00,2011-04,True,36
16967,2011-06-03 14:24:00,,2011-06,False,
16968,2011-08-24 10:51:00,2011-12-05 15:02:00,2011-08,True,103
16969,2011-06-01 12:10:00,2011-07-28 13:54:00,2011-06,True,57
16970,2010-03-23 13:50:00,,2010-03,False,
16971,2011-11-01 15:06:00,,2011-11,False,
16972,2010-09-09 11:20:00,2010-11-22 10:59:00,2010-09,True,74
16973,2010-11-18 13:56:00,,2010-11,False,
16974,2010-05-24 10:43:00,2010-07-05 10:18:00,2010-05,True,42
16975,2010-07-22 11:38:00,2010-08-31 08:43:00,2010-07,True,40
16976,2011-03-17 16:33:00,,2011-03,False,
16977,2010-03-18 11:06:00,2010-05-02 10:38:00,2010-03,True,45
16978,2010-02-11 16:27:00,2010-02-11 16:33:00,2010-02,True,0
16979,2010-09-15 14:30:00,2010-10-24 11:39:00,2010-09,True,39
16980,2010-10-07 14:05:00,2011-02-21 12:58:00,2010-10,True,137
16982,2011-10-10 12:28:00,,2011-10,False,
16983,2010-09-19 12:38:00,2010-10-24 13:35:00,2010-09,True,35
16984,2010-03-07 15:34:00,2010-03-24 15:36:00,2010-03,True,17
16985,2009-12-10 13:34:00,2009-12-14 16:00:00,2009-12,True,4
16986,2010-02-04 14:46:00,2010-02-04 14:48:00,2010-02,True,0
16987,2009-12-02 14:34:00,2009-12-16 16:04:00,2009-12,True,14
16988,2010-11-25 09:22:00,2011-12-04 16:02:00,2010-11,True,374
16989,2011-07-12 09:11:00,2011-09-02 13:55:00,2011-07,True,52
16990,2010-10-13 11:42:00,2011-05-05 08:30:00,2010-10,True,204
16991,2010-10-14 14:08:00,,2010-10,False,
16992,2010-02-11 12:36:00,2010-06-21 13:28:00,2010-02,True,130
16993,2010-05-12 13:55:00,2010-09-02 12:16:00,2010-05,True,113
16996,2010-10-18 12:24:00,2010-11-03 12:36:00,2010-10,True,16
16997,2011-01-18 11:51:00,2011-02-03 15:17:00,2011-01,True,16
16998,2010-09-21 14:39:00,2011-02-08 15:42:00,2010-09,True,140
16999,2011-09-26 15:43:00,2011-11-16 13:53:00,2011-09,True,51
17000,2010-10-27 14:16:00,2010-11-08 13:35:00,2010-10,True,12
17001,2010-03-25 12:41:00,2010-06-27 14:38:00,2010-03,True,94
17002,2010-03-08 15:46:00,2010-03-08 15:48:00,2010-03,True,0
17003,2010-05-10 11:20:00,2010-10-12 16:08:00,2010-05,True,155
17004,2010-10-11 15:43:00,2010-11-12 13:17:00,2010-10,True,32
17005,2010-04-30 10:55:00,2010-08-26 10:57:00,2010-04,True,118
17006,2010-03-05 13:33:00,2010-10-06 16:17:00,2010-03,True,215
17007,2010-09-28 13:51:00,2010-12-17 13:57:00,2010-09,True,80
17008,2010-10-06 15:19:00,,2010-10,False,
17009,2010-06-06 16:01:00,,2010-06,False,
17010,2011-11-21 14:49:00,,2011-11,False,
17011,2010-02-26 09:47:00,2010-03-02 13:50:00,2010-02,True,4
17012,2009-12-14 17:34:00,,2009-12,False,
17014,2011-10-04 11:36:00,2011-11-07 14:51:00,2011-10,True,34
17015,2011-06-07 13:19:00,2011-09-29 17:36:00,2011-06,True,114
17016,2010-05-12 12:32:00,,2010-05,False,
17017,2009-12-03 13:22:00,2010-06-16 10:29:00,2009-12,True,195
17018,2009-12-05 10:27:00,2010-01-08 09:38:00,2009-12,True,34
17019,2009-12-02 11:52:00,2010-03-24 12:33:00,2009-12,True,112
17020,2010-03-03 12:27:00,2010-06-15 13:06:00,2010-03,True,104
17021,2010-04-29 20:05:00,2010-05-05 12:42:00,2010-04,True,6
17022,2010-10-03 10:27:00,2011-11-08 17:09:00,2010-10,True,401
17023,2010-01-11 15:09:00,2010-08-10 10:22:00,2010-01,True,211
17024,2011-07-05 09:31:00,2011-09-01 15:21:00,2011-07,True,58
17025,2010-03-08 13:37:00,2010-10-25 15:30:00,2010-03,True,231
17026,2010-10-18 15:22:00,2010-12-05 12:47:00,2010-10,True,48
17027,2009-12-10 12:10:00,2010-02-24 13:54:00,2009-12,True,76
17028,2009-12-18 14:28:00,2010-02-24 09:50:00,2009-12,True,68
17029,2010-02-14 10:19:00,2010-03-10 13:34:00,2010-02,True,24
17030,2011-10-07 08:49:00,,2011-10,False,
17031,2010-05-07 14:52:00,2010-06-07 15:39:00,2010-05,True,31
17032,2009-12-10 15:36:00,2010-01-14 15:47:00,2009-12,True,35
17033,2010-11-07 12:55:00,2010-12-15 13:21:00,2010-11,True,38
17034,2010-07-14 12:55:00,2010-10-26 14:00:00,2010-07,True,104
17035,2009-12-03 10:37:00,2010-04-27 14:11:00,2009-12,True,145
17036,2010-11-21 14:26:00,,2010-11,False,
17037,2011-09-13 12:49:00,,2011-09,False,
17038,2010-10-20 16:04:00,2011-11-09 13:50:00,2010-10,True,385
17039,2010-04-14 12:56:00,,2010-04,False,
17040,2010-06-07 15:08:00,2011-07-25 10:19:00,2010-06,True,413
17041,2010-04-18 14:25:00,2010-04-18 14:28:00,2010-04,True,0
17042,2011-04-06 14:53:00,2011-05-27 10:15:00,2011-04,True,51
17043,2009-12-09 15:20:00,2010-05-18 13:36:00,2009-12,True,160
17044,2009-12-07 12:25:00,2010-03-10 10:53:00,2009-12,True,93
17045,2010-10-06 14:52:00,2010-11-28 13:09:00,2010-10,True,53
17046,2010-03-29 13:46:00,2010-08-12 12:37:00,2010-03,True,136
17047,2009-12-08 08:48:00,2010-04-08 14:28:00,2009-12,True,121
17048,2010-01-18 13:55:00,2010-04-12 17:23:00,2010-01,True,84
17049,2010-03-04 10:23:00,2010-03-31 14:03:00,2010-03,True,27
17050,2010-01-26 14:54:00,2010-02-28 11:33:00,2010-01,True,33
17051,2010-03-21 14:55:00,2010-05-02 15:31:00,2010-03,True,42
17052,2011-11-11 14:50:00,,2011-11,False,
17053,2011-08-01 10:23:00,,2011-08,False,
17054,2011-04-08 13:14:00,2011-04-18 14:32:00,2011-04,True,10
17055,2010-09-20 12:21:00,,2010-09,False,
17056,2009-12-01 12:55:00,,2009-12,False,
17057,2010-04-22 19:21:00,,2010-04,False,
17058,2011-04-14 09:18:00,2011-05-24 13:50:00,2011-04,True,40
17059,2010-01-26 14:43:00,2010-03-09 15:22:00,2010-01,True,42
17060,2011-03-18 13:27:00,,2011-03,False,
17061,2011-04-21 13:29:00,2011-04-21 14:37:00,2011-04,True,0
17062,2010-09-26 11:57:00,2010-11-07 11:55:00,2010-09,True,42
17063,2009-12-01 12:36:00,2010-03-08 08:45:00,2009-12,True,97
17064,2011-01-16 16:10:00,2011-06-10 10:26:00,2011-01,True,145
17065,2010-03-12 11:40:00,2010-03-12 11:41:00,2010-03,True,0
17066,2009-12-13 13:24:00,,2009-12,False,
17067,2009-12-08 12:03:00,2009-12-08 12:04:00,2009-12,True,0
17068,2010-03-28 14:26:00,2010-04-11 14:11:00,2010-03,True,14
17069,2009-12-03 12:27:00,2010-05-06 15:05:00,2009-12,True,154
17070,2010-10-25 15:57:00,2011-08-17 17:01:00,2010-10,True,296
17071,2010-01-24 13:05:00,2010-06-07 09:43:00,2010-01,True,134
17072,2010-03-24 16:33:00,,2010-03,False,
17073,2011-08-22 14:37:00,2011-09-18 16:04:00,2011-08,True,27
17074,2010-05-26 12:04:00,,2010-05,False,
17075,2009-12-14 11:24:00,2010-01-26 13:46:00,2009-12,True,43
17076,2009-12-04 12:12:00,2010-03-11 13:19:00,2009-12,True,97
17077,2010-05-10 16:36:00,,2010-05,False,
17078,2011-11-03 18:49:00,2011-11-03 19:17:00,2011-11,True,0
17079,2011-09-22 15:34:00,,2011-09,False,
17080,2010-07-01 16:03:00,2010-07-05 13:15:00,2010-07,True,4
17081,2010-02-22 13:19:00,2010-05-23 12:56:00,2010-02,True,90
17082,2009-12-15 11:25:00,2009-12-15 11:26:00,2009-12,True,0
17083,2010-02-09 11:46:00,2010-03-31 15:42:00,2010-02,True,50
17084,2010-11-08 14:20:00,2011-11-04 14:49:00,2010-11,True,361
17085,2009-12-06 12:16:00,2009-12-13 11:49:00,2009-12,True,7
17086,2011-10-07 11:22:00,2011-10-21 13:27:00,2011-10,True,14
17087,2009-12-02 10:41:00,,2009-12,False,
17088,2011-03-31 09:48:00,2011-06-10 09:23:00,2011-03,True,71
17089,2010-11-18 15:33:00,,2010-11,False,
17090,2010-07-19 16:02:00,2010-07-19 16:06:00,2010-07,True,0
17091,2009-12-16 15:45:00,2010-02-15 10:56:00,2009-12,True,61
17092,2010-02-02 16:42:00,2010-05-12 16:42:00,2010-02,True,99
17093,2010-04-26 10:22:00,,2010-04,False,
17094,2010-10-12 10:48:00,2011-01-21 13:09:00,2010-10,True,101
17095,2009-12-15 12:32:00,2010-03-18 13:28:00,2009-12,True,93
17096,2010-06-02 14:48:00,2010-06-27 15:50:00,2010-06,True,25
17097,2010-10-05 14:09:00,2010-12-09 14:55:00,2010-10,True,65
17098,2010-06-17 10:30:00,2010-10-29 11:51:00,2010-06,True,134
17099,2010-06-24 16:25:00,,2010-06,False,
17100,2011-11-21 16:36:00,2011-11-21 16:36:00,2011-11,True,0
17101,2010-06-07 15:12:00,2010-10-14 16:09:00,2010-06,True,129
17102,2011-03-23 10:08:00,,2011-03,False,
17103,2009-12-17 14:08:00,,2009-12,False,
17104,2010-10-12 12:21:00,,2010-10,False,
17105,2011-02-06 14:46:00,2011-07-03 15:53:00,2011-02,True,147
17106,2010-11-15 14:11:00,,2010-11,False,
17107,2010-01-31 15:47:00,2010-06-03 19:05:00,2010-01,True,123
17108,2010-02-14 12:22:00,,2010-02,False,
17109,2010-07-30 12:42:00,2010-10-29 15:56:00,2010-07,True,91
17110,2010-04-08 13:32:00,2010-07-07 12:21:00,2010-04,True,90
17111,2010-10-10 15:21:00,2011-10-23 15:59:00,2010-10,True,378
17112,2010-07-25 11:14:00,,2010-07,False,
17113,2010-01-11 10:14:00,2010-01-11 10:15:00,2010-01,True,0
17114,2011-01-09 11:39:00,2011-02-15 13:50:00,2011-01,True,37
17115,2009-12-05 12:13:00,2010-01-28 15:17:00,2009-12,True,54
17116,2010-03-01 16:29:00,,2010-03,False,
17117,2011-02-24 13:54:00,,2011-02,False,
17118,2011-01-26 12:19:00,,2011-01,False,
17119,2011-10-11 11:03:00,2011-12-06 14:40:00,2011-10,True,56
17120,2011-04-20 15:21:00,,2011-04,False,
17121,2010-11-02 11:47:00,,2010-11,False,
17122,2010-07-28 09:34:00,2010-10-26 12:39:00,2010-07,True,90
17123,2010-05-16 11:52:00,2010-09-26 12:06:00,2010-05,True,133
17124,2011-06-07 14:02:00,,2011-06,False,
17125,2011-10-20 14:41:00,,2011-10,False,
17126,2010-08-31 13:41:00,2010-10-03 13:47:00,2010-08,True,33
17127,2009-12-04 15:18:00,2010-06-24 10:25:00,2009-12,True,202
17128,2011-01-09 12:02:00,,2011-01,False,
17129,2010-07-07 13:46:00,,2010-07,False,
17131,2011-09-25 12:42:00,2011-10-23 15:07:00,2011-09,True,28
17132,2010-08-08 13:49:00,2010-09-13 16:31:00,2010-08,True,36
17133,2010-03-21 12:31:00,2010-04-11 11:22:00,2010-03,True,21
17134,2010-09-23 18:32:00,2011-03-20 11:56:00,2010-09,True,178
17135,2010-05-09 16:03:00,2010-08-08 14:57:00,2010-05,True,91
17136,2010-02-15 13:13:00,,2010-02,False,
17137,2010-01-31 12:27:00,2010-01-31 12:32:00,2010-01,True,0
17138,2010-02-04 14:19:00,2010-03-09 10:18:00,2010-02,True,33
17139,2010-01-11 11:31:00,2010-02-11 08:51:00,2010-01,True,31
17140,2011-04-06 13:33:00,,2011-04,False,
17141,2010-01-24 14:19:00,2010-01-24 14:24:00,2010-01,True,0
17142,2010-01-24 15:23:00,2010-06-24 13:01:00,2010-01,True,151
17143,2010-07-12 13:26:00,2010-10-18 15:27:00,2010-07,True,98
17144,2011-09-16 12:50:00,2011-12-08 17:57:00,2011-09,True,83
17145,2010-02-19 12:07:00,2010-07-06 16:14:00,2010-02,True,137
17146,2010-02-02 09:39:00,2010-04-14 14:20:00,2010-02,True,71
17147,2010-01-11 09:38:00,2010-03-23 13:52:00,2010-01,True,71
17148,2011-10-19 09:59:00,,2011-10,False,
17149,2010-09-14 14:56:00,,2010-09,False,
17150,2009-12-06 10:51:00,2009-12-17 10:08:00,2009-12,True,11
17151,2009-12-04 14:56:00,,2009-12,False,
17152,2010-10-10 12:40:00,2011-03-21 16:20:00,2010-10,True,162
17153,2011-11-15 13:42:00,,2011-11,False,
17154,2011-09-25 13:42:00,,2011-09,False,
17155,2009-12-03 11:34:00,2009-12-08 12:46:00,2009-12,True,5
17156,2010-08-05 11:30:00,,2010-08,False,
17157,2009-12-04 13:00:00,2009-12-08 19:00:00,2009-12,True,4
17158,2010-03-07 15:50:00,2010-06-10 10:38:00,2010-03,True,95
17159,2010-03-04 14:53:00,2010-08-19 11:48:00,2010-03,True,168
17160,2009-12-04 10:57:00,2010-01-22 09:44:00,2009-12,True,49
17161,2010-09-21 16:44:00,,2010-09,False,
17162,2011-02-07 12:27:00,2011-03-07 14:45:00,2011-02,True,28
17163,2010-02-02 10:39:00,2010-09-20 10:08:00,2010-02,True,230
17164,2011-03-11 14:26:00,2011-05-11 09:28:00,2011-03,True,61
17165,2009-12-11 09:18:00,2010-01-12 15:50:00,2009-12,True,32
17166,2011-05-20 08:18:00,2011-11-01 09:46:00,2011-05,True,165
17167,2010-09-20 14:02:00,2010-10-18 11:42:00,2010-09,True,28
17168,2010-07-29 12:33:00,,2010-07,False,
17169,2010-05-10 13:00:00,2011-06-09 13:16:00,2010-05,True,395
17170,2010-11-15 16:23:00,2010-11-30 15:55:00,2010-11,True,15
17171,2010-02-16 12:02:00,2011-02-23 16:37:00,2010-02,True,372
17172,2009-12-13 11:46:00,2010-10-05 12:02:00,2009-12,True,296
17173,2011-07-31 15:26:00,2011-08-15 10:28:00,2011-07,True,15
17174,2011-05-06 11:47:00,,2011-05,False,
17175,2011-02-16 14:56:00,2011-06-12 12:08:00,2011-02,True,116
17176,2010-01-31 15:49:00,2010-07-01 12:11:00,2010-01,True,151
17177,2010-07-22 14:53:00,,2010-07,False,
17178,2009-12-08 16:20:00,,2009-12,False,
17179,2010-05-26 11:22:00,2010-10-13 11:10:00,2010-05,True,140
17180,2010-01-21 17:43:00,2010-03-15 14:01:00,2010-01,True,53
17181,2010-04-23 11:21:00,2010-12-01 12:38:00,2010-04,True,222
17182,2009-12-21 15:22:00,2010-10-13 10:09:00,2009-12,True,296
17183,2011-08-26 15:25:00,2011-10-16 15:32:00,2011-08,True,51
17184,2009-12-09 14:17:00,2010-05-19 14:24:00,2009-12,True,161
17185,2010-04-20 13:49:00,2010-04-20 13:52:00,2010-04,True,0
17186,2011-10-10 12:52:00,2011-10-24 10:20:00,2011-10,True,14
17187,2010-07-01 14:38:00,2011-04-27 12:39:00,2010-07,True,300
17188,2009-12-08 19:16:00,2010-01-11 15:33:00,2009-12,True,34
17189,2009-12-02 11:45:00,2009-12-16 12:16:00,2009-12,True,14
17190,2010-03-05 13:21:00,2010-06-08 12:02:00,2010-03,True,95
17191,2009-12-01 16:34:00,2010-01-29 13:53:00,2009-12,True,59
17192,2010-06-21 16:07:00,,2010-06,False,
17193,2009-12-02 10:02:00,2010-11-18 16:57:00,2009-12,True,351
17194,2010-06-27 13:16:00,2010-12-14 12:06:00,2010-06,True,170
17195,2010-02-22 13:05:00,,2010-02,False,
17196,2010-10-08 11:31:00,,2010-10,False,
17197,2011-11-10 10:32:00,,2011-11,False,
17198,2010-12-03 14:54:00,2010-12-09 13:34:00,2010-12,True,6
17199,2010-05-06 13:53:00,,2010-05,False,
17200,2010-02-25 13:23:00,2010-02-25 13:24:00,2010-02,True,0
17201,2010-02-10 12:26:00,2010-06-08 11:50:00,2010-02,True,118
17202,2010-10-15 11:25:00,,2010-10,False,
17203,2010-11-16 12:52:00,2010-11-16 12:58:00,2010-11,True,0
17204,2010-06-10 11:37:00,2010-09-27 12:21:00,2010-06,True,109
17205,2010-05-24 15:36:00,2010-10-19 16:11:00,2010-05,True,148
17206,2011-10-17 13:25:00,,2011-10,False,
17207,2010-02-25 19:08:00,,2010-02,False,
17208,2010-11-09 12:50:00,,2010-11,False,
17209,2009-12-03 11:10:00,2009-12-11 11:41:00,2009-12,True,8
17210,2010-11-12 12:15:00,,2010-11,False,
17211,2009-12-13 13:17:00,2009-12-20 12:28:00,2009-12,True,7
17212,2010-08-10 09:22:00,2010-09-07 15:46:00,2010-08,True,28
17213,2009-12-15 10:28:00,2009-12-21 12:38:00,2009-12,True,6
17214,2010-12-15 15:14:00,2011-02-03 14:41:00,2010-12,True,50
17215,2010-09-01 13:39:00,,2010-09,False,
17216,2010-06-03 13:03:00,,2010-06,False,
17217,2010-03-30 13:35:00,2011-04-19 17:19:00,2010-03,True,385
17218,2010-01-25 16:12:00,2010-03-15 16:13:00,2010-01,True,49
17219,2010-10-19 11:29:00,2011-11-08 11:25:00,2010-10,True,385
17220,2010-01-20 11:57:00,2010-01-20 12:05:00,2010-01,True,0
17221,2010-04-11 15:34:00,2010-04-11 15:38:00,2010-04,True,0
17222,2010-01-10 15:24:00,2010-03-01 16:35:00,2010-01,True,50
17223,2010-11-29 17:19:00,2010-12-06 14:08:00,2010-11,True,7
17224,2010-07-26 13:30:00,,2010-07,False,
17225,2010-05-07 11:38:00,,2010-05,False,
17226,2010-02-12 14:31:00,2010-09-21 10:10:00,2010-02,True,221
17227,2010-01-15 15:05:00,2010-03-17 15:20:00,2010-01,True,61
17228,2010-03-12 11:54:00,2010-05-02 14:28:00,2010-03,True,51
17229,2011-07-20 12:38:00,2011-09-04 13:56:00,2011-07,True,46
17230,2009-12-08 13:41:00,2009-12-11 10:58:00,2009-12,True,3
17231,2009-12-07 16:38:00,2009-12-20 12:04:00,2009-12,True,13
17232,2011-11-25 12:24:00,2011-12-07 12:21:00,2011-11,True,12
17233,2009-12-15 12:03:00,2010-09-17 13:20:00,2009-12,True,276
17234,2011-06-10 11:20:00,,2011-06,False,
17235,2010-06-04 17:01:00,2010-07-14 13:16:00,2010-06,True,40
17236,2010-03-07 13:00:00,2010-03-21 12:56:00,2010-03,True,14
17237,2010-11-23 11:45:00,2010-11-29 11:51:00,2010-11,True,6
17238,2009-12-01 10:59:00,2009-12-11 11:10:00,2009-12,True,10
17239,2010-07-01 10:53:00,2010-10-10 13:24:00,2010-07,True,101
17240,2010-04-22 15:44:00,,2010-04,False,
17241,2010-02-15 14:47:00,2010-03-01 10:36:00,2010-02,True,14
17242,2010-01-24 10:27:00,2010-05-06 13:19:00,2010-01,True,102
17243,2009-12-01 15:36:00,2009-12-04 14:37:00,2009-12,True,3
17244,2009-12-06 11:27:00,2010-11-21 13:42:00,2009-12,True,350
17245,2010-01-19 15:39:00,2011-05-19 10:43:00,2010-01,True,485
17246,2009-12-01 17:45:00,2010-06-11 12:36:00,2009-12,True,192
17247,2011-11-24 15:21:00,,2011-11,False,
17248,2010-08-15 11:55:00,2011-08-11 13:34:00,2010-08,True,361
17249,2010-10-07 11:33:00,,2010-10,False,
17250,2011-03-23 16:45:00,2011-12-06 12:15:00,2011-03,True,258
17251,2009-12-15 10:36:00,2010-11-22 10:42:00,2009-12,True,342
17252,2011-06-06 16:41:00,2011-08-15 09:45:00,2011-06,True,70
17253,2011-11-21 12:59:00,,2011-11,False,
17254,2010-11-03 14:00:00,2011-11-24 14:09:00,2010-11,True,386
17255,2010-09-19 15:53:00,2010-11-14 14:56:00,2010-09,True,56
17256,2010-04-18 13:40:00,2010-04-18 13:42:00,2010-04,True,0
17257,2010-09-29 12:49:00,2010-09-29 12:51:00,2010-09,True,0
17258,2010-02-12 15:51:00,2010-11-08 12:37:00,2010-02,True,269
17259,2010-02-22 13:38:00,2010-06-28 13:52:00,2010-02,True,126
17260,2010-10-24 13:21:00,,2010-10,False,
17261,2010-07-18 11:49:00,,2010-07,False,
17262,2009-12-15 11:26:00,2010-04-28 15:06:00,2009-12,True,134
17263,2011-05-15 14:32:00,,2011-05,False,
17264,2010-10-11 12:52:00,,2010-10,False,
17265,2011-06-12 12:00:00,2011-07-24 10:49:00,2011-06,True,42
17266,2010-03-09 10:42:00,2010-07-28 16:39:00,2010-03,True,141
17267,2011-08-04 17:19:00,2011-08-04 17:22:00,2011-08,True,0
17268,2009-12-08 11:46:00,2010-03-16 13:25:00,2009-12,True,98
17269,2010-11-19 11:12:00,,2010-11,False,
17270,2009-12-07 17:18:00,2010-08-27 14:09:00,2009-12,True,263
17271,2009-12-03 13:49:00,,2009-12,False,
17272,2011-03-22 12:05:00,2011-05-24 13:46:00,2011-03,True,63
17273,2010-10-11 15:57:00,,2010-10,False,
17274,2010-11-09 12:06:00,2011-11-04 13:16:00,2010-11,True,360
17275,2010-11-21 13:26:00,,2010-11,False,
17276,2010-11-02 16:20:00,,2010-11,False,
17277,2011-01-21 12:37:00,2011-04-26 12:47:00,2011-01,True,95
17278,2010-05-23 13:49:00,2011-04-12 13:10:00,2010-05,True,324
17279,2011-10-13 11:58:00,,2011-10,False,
17280,2010-09-27 16:46:00,,2010-09,False,
17281,2010-02-04 13:00:00,2010-04-06 12:40:00,2010-02,True,61
17282,2010-06-09 12:07:00,2010-09-09 19:23:00,2010-06,True,92
17283,2010-11-26 11:53:00,,2010-11,False,
17284,2010-11-15 17:14:00,2011-01-07 14:31:00,2010-11,True,53
17285,2010-02-14 14:10:00,2010-03-21 13:38:00,2010-02,True,35
17286,2010-11-04 13:43:00,2010-11-04 13:52:00,2010-11,True,0
17287,2009-12-03 12:45:00,2009-12-03 12:50:00,2009-12,True,0
17288,2010-11-10 14:44:00,2010-11-14 13:33:00,2010-11,True,4
17289,2010-03-08 12:52:00,2010-03-12 11:48:00,2010-03,True,4
17290,2009-12-13 13:28:00,2010-03-26 13:13:00,2009-12,True,103
17291,2011-02-04 13:04:00,,2011-02,False,
17292,2010-05-09 14:52:00,2010-08-24 17:14:00,2010-05,True,107
17293,2009-12-03 15:09:00,2009-12-11 13:36:00,2009-12,True,8
17294,2010-02-08 14:21:00,2010-02-08 16:12:00,2010-02,True,0
17295,2011-10-06 12:22:00,2011-11-11 10:43:00,2011-10,True,36
17296,2009-12-09 14:01:00,,2009-12,False,
17297,2011-11-22 14:43:00,,2011-11,False,
17298,2010-03-08 08:56:00,2010-08-03 12:51:00,2010-03,True,148
17299,2010-08-15 16:00:00,2010-09-26 13:40:00,2010-08,True,42
17300,2010-08-15 11:02:00,2010-11-14 10:56:00,2010-08,True,91
17301,2010-03-25 13:16:00,2011-11-18 13:43:00,2010-03,True,603
17302,2011-02-07 10:14:00,2011-05-15 11:29:00,2011-02,True,97
17303,2010-12-13 13:32:00,,2010-12,False,
17304,2010-06-23 16:23:00,,2010-06,False,
17305,2010-03-01 12:47:00,,2010-03,False,
17306,2010-11-01 11:38:00,2010-11-11 12:44:00,2010-11,True,10
17307,2010-01-19 16:38:00,2010-01-20 12:17:00,2010-01,True,1
17308,2010-09-13 09:35:00,2010-11-11 13:19:00,2010-09,True,59
17309,2010-02-04 15:49:00,2010-11-23 13:47:00,2010-02,True,292
17310,2010-06-23 11:38:00,2010-11-17 16:00:00,2010-06,True,147
17311,2010-02-03 12:38:00,2010-05-28 09:36:00,2010-02,True,114
17312,2011-07-03 13:12:00,2011-07-07 20:07:00,2011-07,True,4
17313,2011-11-08 15:45:00,,2011-11,False,
17314,2009-12-03 11:25:00,2010-01-31 11:43:00,2009-12,True,59
17315,2010-09-27 12:45:00,2010-11-01 13:26:00,2010-09,True,35
17316,2010-10-15 14:35:00,,2010-10,False,
17317,2011-09-11 12:45:00,2011-10-18 09:07:00,2011-09,True,37
17318,2009-12-14 13:11:00,,2009-12,False,
17319,2010-02-08 15:47:00,,2010-02,False,
17320,2010-01-21 16:29:00,2010-07-19 15:17:00,2010-01,True,179
17321,2010-05-11 12:10:00,2010-06-02 13:12:00,2010-05,True,22
17322,2009-12-03 11:46:00,2010-10-20 13:29:00,2009-12,True,321
17323,2010-01-10 11:58:00,2010-02-25 19:39:00,2010-01,True,46
17324,2009-12-18 15:29:00,2010-03-01 13:22:00,2009-12,True,73
17325,2010-03-08 11:31:00,2010-10-25 09:20:00,2010-03,True,231
17326,2010-06-28 14:05:00,2010-10-27 15:38:00,2010-06,True,121
17327,2010-05-26 11:20:00,2010-10-26 09:54:00,2010-05,True,153
17328,2010-02-04 17:11:00,,2010-02,False,
17329,2009-12-03 16:09:00,2009-12-08 16:43:00,2009-12,True,5
17330,2010-03-02 09:20:00,2010-06-13 12:34:00,2010-03,True,103
17331,2011-08-08 11:55:00,,2011-08,False,
17332,2010-02-21 14:41:00,2010-03-14 12:24:00,2010-02,True,21
17333,2011-09-15 10:11:00,,2011-09,False,
17334,2010-10-29 12:16:00,2011-02-04 09:03:00,2010-10,True,98
17335,2010-01-24 11:15:00,2010-11-21 10:17:00,2010-01,True,301
17336,2010-08-24 15:37:00,,2010-08,False,
17337,2011-02-02 17:06:00,2011-04-03 15:07:00,2011-02,True,60
17338,2010-03-10 16:09:00,2010-05-24 14:17:00,2010-03,True,75
17339,2010-07-18 13:08:00,2010-12-09 14:44:00,2010-07,True,144
17340,2010-02-14 14:54:00,2010-03-21 16:02:00,2010-02,True,35
17341,2010-06-17 18:17:00,2010-06-17 18:22:00,2010-06,True,0
17342,2010-02-08 09:16:00,2010-02-16 16:50:00,2010-02,True,8
17343,2009-12-03 18:30:00,2010-01-18 10:29:00,2009-12,True,46
17344,2009-12-11 12:31:00,2011-10-24 12:56:00,2009-12,True,682
17345,2009-12-01 16:17:00,2010-05-05 14:31:00,2009-12,True,155
17346,2010-04-18 12:18:00,2010-04-28 13:53:00,2010-04,True,10
17347,2011-09-14 13:12:00,,2011-09,False,
17348,2010-03-10 12:13:00,2010-04-27 10:48:00,2010-03,True,48
17349,2010-03-18 14:26:00,2010-06-18 14:08:00,2010-03,True,92
17350,2010-02-01 15:38:00,2010-06-10 10:23:00,2010-02,True,129
17351,2009-12-10 18:43:00,2010-01-20 14:36:00,2009-12,True,41
17352,2010-01-12 16:13:00,,2010-01,False,
17353,2010-03-25 12:52:00,2010-08-05 08:54:00,2010-03,True,133
17354,2010-10-07 13:22:00,2010-10-07 13:28:00,2010-10,True,0
17355,2010-11-18 13:18:00,,2010-11,False,
17356,2010-01-20 12:14:00,2010-03-18 10:52:00,2010-01,True,57
17357,2011-11-15 16:29:00,2011-11-15 16:30:00,2011-11,True,0
17358,2010-02-24 16:42:00,2010-10-24 10:56:00,2010-02,True,242
17359,2010-03-01 14:48:00,2011-11-28 14:37:00,2010-03,True,637
17360,2010-10-01 12:07:00,2010-11-19 11:55:00,2010-10,True,49
17361,2010-02-01 14:30:00,2010-02-01 14:33:00,2010-02,True,0
17362,2010-01-06 10:53:00,2010-02-01 12:25:00,2010-01,True,26
17363,2010-11-02 17:25:00,2010-11-02 17:29:00,2010-11,True,0
17364,2009-12-07 15:28:00,2009-12-14 15:31:00,2009-12,True,7
17365,2010-02-01 11:56:00,2010-03-07 10:27:00,2010-02,True,34
17366,2010-09-09 19:46:00,2010-10-03 16:04:00,2010-09,True,24
17367,2011-04-15 14:21:00,,2011-04,False,
17368,2009-12-15 17:45:00,2010-06-14 13:26:00,2009-12,True,181
17369,2010-09-10 09:49:00,,2010-09,False,
17370,2011-06-23 11:50:00,2011-09-08 14:19:00,2011-06,True,77
17371,2009-12-08 12:25:00,2009-12-08 12:41:00,2009-12,True,0
17372,2009-12-03 18:41:00,2009-12-18 13:03:00,2009-12,True,15
17373,2010-02-28 14:17:00,2010-09-23 10:40:00,2010-02,True,207
17374,2010-11-09 17:14:00,2011-03-03 12:53:00,2010-11,True,114
17375,2010-10-04 09:14:00,2010-12-13 15:16:00,2010-10,True,70
17376,2010-07-05 11:11:00,2010-10-31 10:42:00,2010-07,True,118
17377,2009-12-02 12:39:00,2009-12-02 13:00:00,2009-12,True,0
17378,2010-11-30 18:46:00,,2010-11,False,
17379,2011-11-28 13:56:00,,2011-11,False,
17380,2010-06-23 11:24:00,2010-07-27 10:34:00,2010-06,True,34
17381,2010-06-09 12:55:00,2010-07-07 10:31:00,2010-06,True,28
17382,2010-05-19 11:33:00,2010-05-19 11:34:00,2010-05,True,0
17383,2010-09-12 14:54:00,2011-12-05 17:36:00,2010-09,True,449
17384,2010-08-29 16:01:00,2011-05-04 16:07:00,2010-08,True,248
17385,2011-11-25 11:02:00,,2011-11,False,
17386,2010-11-19 13:40:00,2011-06-27 12:11:00,2010-11,True,220
17387,2011-11-06 11:25:00,2011-11-20 11:00:00,2011-11,True,14
17388,2009-12-10 11:45:00,2010-05-11 10:56:00,2009-12,True,152
17389,2009-12-04 12:06:00,2010-03-23 13:21:00,2009-12,True,109
17390,2010-10-15 11:29:00,,2010-10,False,
17391,2011-06-28 12:21:00,2011-06-29 09:58:00,2011-06,True,1
17392,2010-09-15 16:17:00,2010-12-16 19:04:00,2010-09,True,92
17393,2010-08-08 15:53:00,2010-10-25 11:10:00,2010-08,True,78
17394,2011-05-04 13:22:00,,2011-05,False,
17395,2010-07-19 15:34:00,,2010-07,False,
17396,2010-09-24 13:04:00,2010-10-18 10:20:00,2010-09,True,24
17397,2010-10-19 13:20:00,2011-11-17 13:58:00,2010-10,True,394
17398,2011-03-29 13:04:00,2011-05-13 12:41:00,2011-03,True,45
17400,2009-12-17 15:41:00,2010-02-19 17:40:00,2009-12,True,64
17401,2010-06-16 16:54:00,,2010-06,False,
17402,2009-12-16 17:40:00,2009-12-16 17:45:00,2009-12,True,0
17403,2010-09-15 12:29:00,2011-11-03 15:18:00,2010-09,True,414
17404,2010-01-07 11:31:00,2010-01-20 08:27:00,2010-01,True,13
17405,2011-07-12 14:17:00,2011-09-28 10:27:00,2011-07,True,78
17406,2009-12-06 13:45:00,2010-02-04 11:39:00,2009-12,True,60
17407,2010-10-24 11:57:00,,2010-10,False,
17408,2010-07-13 14:02:00,2010-07-27 13:17:00,2010-07,True,14
17409,2009-12-11 12:17:00,2010-01-22 09:43:00,2009-12,True,42
17410,2011-05-08 15:21:00,2011-09-04 16:08:00,2011-05,True,119
17411,2009-12-03 12:02:00,2010-11-18 11:55:00,2009-12,True,350
17412,2009-12-02 13:51:00,2009-12-11 10:08:00,2009-12,True,9
17413,2010-05-19 11:11:00,2010-10-31 12:33:00,2010-05,True,165
17414,2009-12-03 16:49:00,2010-05-14 13:51:00,2009-12,True,162
17415,2011-09-21 12:50:00,,2011-09,False,
17416,2009-12-14 16:29:00,2010-04-06 09:56:00,2009-12,True,113
17417,2010-06-09 10:00:00,,2010-06,False,
17418,2010-11-17 13:42:00,2011-01-20 11:39:00,2010-11,True,64
17419,2010-01-25 13:19:00,2010-03-29 11:42:00,2010-01,True,63
17420,2010-11-03 13:09:00,2010-11-03 13:09:00,2010-11,True,0
17421,2009-12-04 15:43:00,2010-10-06 11:04:00,2009-12,True,306
17422,2010-06-23 10:19:00,2010-08-02 12:30:00,2010-06,True,40
17423,2010-11-11 12:26:00,2011-05-06 09:14:00,2010-11,True,176
17425,2011-10-10 11:37:00,2011-11-20 15:30:00,2011-10,True,41
17426,2010-02-17 13:39:00,2010-04-08 10:17:00,2010-02,True,50
17427,2011-09-29 11:29:00,,2011-09,False,
17428,2009-12-01 17:28:00,2009-12-01 17:28:00,2009-12,True,0
17429,2010-10-06 12:30:00,2010-11-08 13:28:00,2010-10,True,33
17430,2010-08-17 11:52:00,2010-11-18 11:00:00,2010-08,True,93
17431,2011-01-30 14:36:00,,2011-01,False,
17432,2009-12-03 19:13:00,2010-03-22 16:44:00,2009-12,True,109
17433,2010-11-19 13:37:00,2011-09-12 14:24:00,2010-11,True,297
17434,2011-09-15 13:54:00,2011-10-20 10:06:00,2011-09,True,35
17435,2010-10-24 13:55:00,,2010-10,False,
17436,2009-12-07 12:31:00,2010-04-25 11:53:00,2009-12,True,139
17437,2010-06-28 11:11:00,,2010-06,False,
17438,2010-03-08 16:53:00,2010-06-04 08:50:00,2010-03,True,88
17439,2010-02-22 12:48:00,,2010-02,False,
17440,2010-06-08 14:40:00,2011-04-06 12:05:00,2010-06,True,302
17441,2009-12-07 13:32:00,,2009-12,False,
17442,2010-02-15 15:54:00,2010-05-17 13:44:00,2010-02,True,91
17443,2011-05-04 10:47:00,,2011-05,False,
17444,2011-06-20 09:04:00,2011-07-11 10:33:00,2011-06,True,21
17446,2011-02-02 14:40:00,2011-06-16 10:42:00,2011-02,True,134
17447,2011-09-29 10:10:00,2011-10-30 14:18:00,2011-09,True,31
17448,2010-03-04 17:29:00,2010-03-07 11:31:00,2010-03,True,3
17449,2009-12-09 14:16:00,2010-03-07 16:12:00,2009-12,True,88
17450,2010-09-27 16:59:00,2010-09-27 17:02:00,2010-09,True,0
17451,2011-08-26 11:54:00,2011-09-19 09:30:00,2011-08,True,24
17453,2011-10-06 17:02:00,2011-11-22 09:42:00,2011-10,True,47
17454,2010-01-15 15:40:00,2010-03-08 10:05:00,2010-01,True,52
17455,2011-05-20 12:31:00,,2011-05,False,
17456,2010-09-09 15:28:00,2010-12-09 15:23:00,2010-09,True,91
17457,2009-12-07 14:52:00,2010-01-08 10:34:00,2009-12,True,32
17458,2010-11-23 11:43:00,2011-11-24 13:01:00,2010-11,True,366
17459,2011-10-10 17:00:00,2011-10-27 13:25:00,2011-10,True,17
17460,2010-01-22 13:25:00,2010-02-25 08:56:00,2010-01,True,34
17461,2011-11-10 12:01:00,2011-11-17 10:01:00,2011-11,True,7
17462,2011-02-28 17:01:00,2011-10-10 13:56:00,2011-02,True,224
17463,2010-04-29 17:57:00,2010-05-28 10:04:00,2010-04,True,29
17464,2010-03-30 13:15:00,2010-07-05 13:24:00,2010-03,True,97
17465,2009-12-03 13:25:00,2009-12-03 13:26:00,2009-12,True,0
17466,2011-09-22 09:16:00,2011-11-29 13:15:00,2011-09,True,68
17467,2010-11-09 12:58:00,,2010-11,False,
17468,2010-11-29 17:25:00,2011-11-25 12:52:00,2010-11,True,361
17469,2009-12-16 15:06:00,2010-01-14 10:56:00,2009-12,True,29
17470,2010-07-19 16:16:00,2010-07-28 09:24:00,2010-07,True,9
17471,2010-08-22 11:53:00,,2010-08,False,
17472,2010-03-21 13:27:00,2011-02-13 14:40:00,2010-03,True,329
17473,2010-09-09 19:03:00,2010-10-27 11:45:00,2010-09,True,48
17474,2010-04-19 10:43:00,,2010-04,False,
17475,2011-09-21 14:55:00,,2011-09,False,
17476,2009-12-02 12:09:00,2010-11-09 10:21:00,2009-12,True,342
17477,2010-03-02 11:53:00,2010-04-06 10:06:00,2010-03,True,35
17478,2010-03-16 14:19:00,2010-10-27 15:01:00,2010-03,True,225
17479,2010-03-17 09:26:00,,2010-03,False,
17480,2010-09-21 12:31:00,2011-09-23 11:39:00,2010-09,True,367
17481,2011-09-07 09:57:00,2011-11-03 16:37:00,2011-09,True,57
17482,2010-05-10 14:10:00,2010-08-09 15:33:00,2010-05,True,91
17483,2010-10-21 12:43:00,2011-06-09 19:40:00,2010-10,True,231
17484,2010-03-25 16:17:00,2010-05-12 15:41:00,2010-03,True,48
17486,2011-03-23 14:00:00,,2011-03,False,
17487,2009-12-11 15:06:00,,2009-12,False,
17488,2010-03-08 14:07:00,,2010-03,False,
17489,2011-05-11 11:34:00,2011-10-12 08:56:00,2011-05,True,154
17490,2010-05-19 12:40:00,2010-11-16 18:47:00,2010-05,True,181
17491,2010-04-28 11:57:00,2010-06-10 12:14:00,2010-04,True,43
17492,2010-07-09 13:27:00,2010-08-18 15:10:00,2010-07,True,40
17493,2010-11-19 16:57:00,,2010-11,False,
17494,2010-07-26 10:06:00,,2010-07,False,
17495,2010-11-14 11:50:00,2011-11-01 12:06:00,2010-11,True,352
17496,2010-01-14 13:36:00,2010-03-22 15:59:00,2010-01,True,67
17497,2010-04-08 08:01:00,2010-11-14 14:17:00,2010-04,True,220
17498,2011-09-25 12:25:00,,2011-09,False,
17499,2010-05-27 09:59:00,2011-02-23 09:14:00,2010-05,True,272
17500,2011-11-10 09:08:00,2011-11-16 13:36:00,2011-11,True,6
17501,2011-05-03 09:46:00,2011-05-03 09:47:00,2011-05,True,0
17502,2011-11-10 16:39:00,2011-11-21 13:14:00,2011-11,True,11
17503,2011-11-01 11:12:00,2011-12-07 09:18:00,2011-11,True,36
17504,2010-02-08 09:22:00,2010-03-28 15:33:00,2010-02,True,48
17505,2010-04-13 16:33:00,2010-06-07 12:09:00,2010-04,True,55
17506,2011-09-25 11:39:00,,2011-09,False,
17507,2011-02-03 18:08:00,2011-03-23 11:48:00,2011-02,True,48
17508,2009-12-07 11:46:00,2010-01-14 14:53:00,2009-12,True,38
17509,2011-10-07 13:14:00,2011-10-07 14:17:00,2011-10,True,0
17510,2010-10-15 10:20:00,2011-11-15 10:00:00,2010-10,True,396
17511,2009-12-02 10:52:00,2009-12-14 12:58:00,2009-12,True,12
17512,2009-12-10 19:35:00,2010-03-18 14:40:00,2009-12,True,98
17513,2010-08-17 15:08:00,2010-10-27 11:13:00,2010-08,True,71
17514,2010-02-08 14:00:00,2011-08-03 15:45:00,2010-02,True,541
17515,2010-06-07 13:29:00,2010-07-19 15:49:00,2010-06,True,42
17516,2010-11-26 12:50:00,2011-02-27 12:41:00,2010-11,True,93
17517,2011-02-04 11:48:00,,2011-02,False,
17518,2010-03-28 13:31:00,2010-10-10 12:40:00,2010-03,True,196
17519,2009-12-01 09:57:00,2010-01-22 12:37:00,2009-12,True,52
17520,2011-10-17 12:04:00,,2011-10,False,
17521,2010-10-01 11:49:00,2010-11-10 16:25:00,2010-10,True,40
17522,2011-05-05 16:31:00,2011-05-17 10:36:00,2011-05,True,12
17523,2011-11-20 13:40:00,2011-11-20 13:47:00,2011-11,True,0
17524,2010-09-27 16:20:00,2010-09-27 16:29:00,2010-09,True,0
17525,2010-10-07 09:12:00,2010-11-07 11:54:00,2010-10,True,31
17526,2009-12-17 16:18:00,2010-01-21 09:40:00,2009-12,True,35
17527,2011-05-05 13:43:00,2011-08-22 10:15:00,2011-05,True,109
17528,2011-09-29 13:04:00,2011-09-29 13:45:00,2011-09,True,0
17529,2010-01-11 12:29:00,2010-04-08 17:51:00,2010-01,True,87
17530,2009-12-06 16:17:00,2010-05-06 20:01:00,2009-12,True,151
17531,2010-03-31 12:57:00,2010-06-30 12:17:00,2010-03,True,91
17532,2010-11-19 08:13:00,,2010-11,False,
17533,2010-10-01 09:14:00,,2010-10,False,
17534,2010-02-25 16:55:00,2010-05-21 09:47:00,2010-02,True,85
17535,2011-03-04 15:20:00,,2011-03,False,
17536,2010-01-26 12:00:00,2010-10-15 12:09:00,2010-01,True,262
17537,2011-02-09 13:37:00,2011-11-10 10:56:00,2011-02,True,274
17538,2011-11-14 12:12:00,,2011-11,False,
17539,2009-12-13 12:36:00,2010-01-10 11:08:00,2009-12,True,28
17540,2010-04-19 09:47:00,2010-05-11 11:08:00,2010-04,True,22
17541,2010-07-18 11:36:00,,2010-07,False,
17542,2010-03-08 12:08:00,2010-03-08 12:17:00,2010-03,True,0
17543,2010-06-08 12:41:00,,2010-06,False,
17544,2010-11-14 14:47:00,2010-11-14 14:57:00,2010-11,True,0
17545,2010-05-11 10:04:00,2010-11-14 15:23:00,2010-05,True,187
17547,2010-02-12 14:34:00,2010-11-29 09:41:00,2010-02,True,290
17548,2010-11-08 16:19:00,2010-11-21 10:42:00,2010-11,True,13
17549,2011-10-19 10:05:00,2011-11-16 09:59:00,2011-10,True,28
17550,2010-02-07 15:07:00,2010-04-25 13:28:00,2010-02,True,77
17551,2010-12-15 14:12:00,,2010-12,False,
17552,2010-03-22 09:19:00,2010-05-10 14:07:00,2010-03,True,49
17553,2010-04-08 09:44:00,2010-08-03 09:44:00,2010-04,True,117
17554,2011-07-14 20:01:00,2011-08-09 10:16:00,2011-07,True,26
17555,2010-05-02 16:02:00,2010-10-01 14:07:00,2010-05,True,152
17556,2010-11-25 17:00:00,2011-05-18 10:48:00,2010-11,True,174
17557,2009-12-07 10:15:00,2011-09-19 14:23:00,2009-12,True,651
17558,2010-11-11 14:36:00,,2010-11,False,
17559,2010-07-15 12:02:00,,2010-07,False,
17560,2010-02-17 12:11:00,2010-05-19 09:49:00,2010-02,True,91
17561,2009-12-06 13:29:00,2010-06-27 13:25:00,2009-12,True,203
17562,2011-06-19 13:06:00,2011-07-06 10:59:00,2011-06,True,17
17563,2010-04-07 10:02:00,2010-05-10 14:54:00,2010-04,True,33
17564,2011-09-20 14:00:00,2011-10-26 13:20:00,2011-09,True,36
17565,2010-05-02 11:54:00,,2010-05,False,
17566,2011-11-14 13:42:00,2011-12-01 19:54:00,2011-11,True,17
17567,2010-09-24 10:48:00,2010-12-02 15:18:00,2010-09,True,69
17568,2010-03-16 16:45:00,,2010-03,False,
17569,2011-01-11 14:15:00,,2011-01,False,
17571,2010-06-15 12:50:00,2011-02-14 15:15:00,2010-06,True,244
17572,2009-12-15 10:00:00,2010-04-26 10:27:00,2009-12,True,132
17573,2011-09-07 10:36:00,2011-09-15 17:09:00,2011-09,True,8
17574,2011-04-11 09:47:00,,2011-04,False,
17575,2010-02-10 13:48:00,,2010-02,False,
17576,2009-12-03 16:54:00,2009-12-17 16:58:00,2009-12,True,14
17577,2010-02-09 10:10:00,2010-03-04 13:01:00,2010-02,True,23
17578,2010-06-28 11:55:00,2010-06-30 11:49:00,2010-06,True,2
17579,2010-05-10 14:28:00,2011-06-13 14:12:00,2010-05,True,399
17580,2010-10-13 14:28:00,2010-11-28 11:08:00,2010-10,True,46
17581,2009-12-03 12:34:00,2009-12-03 12:36:00,2009-12,True,0
17582,2010-03-26 12:23:00,2010-05-16 12:54:00,2010-03,True,51
17583,2010-05-28 14:24:00,,2010-05,False,
17584,2010-01-25 08:17:00,2010-04-19 14:09:00,2010-01,True,84
17585,2010-08-18 16:39:00,2010-09-06 13:26:00,2010-08,True,19
17586,2010-03-30 13:12:00,,2010-03,False,
17587,2010-03-21 14:16:00,,2010-03,False,
17588,2010-03-12 12:34:00,2010-06-07 15:57:00,2010-03,True,87
17589,2010-03-07 13:48:00,2010-03-28 14:47:00,2010-03,True,21
17590,2011-10-30 14:05:00,2011-11-22 16:06:00,2011-10,True,23
17591,2010-01-17 16:09:00,2010-12-07 15:39:00,2010-01,True,324
17592,2009-12-01 10:49:00,,2009-12,False,
17593,2009-12-04 14:35:00,2009-12-05 12:01:00,2009-12,True,1
17594,2010-04-14 08:53:00,2010-09-16 19:17:00,2010-04,True,155
17595,2011-11-02 16:19:00,2011-11-27 16:08:00,2011-11,True,25
17596,2009-12-15 13:21:00,2010-03-16 16:18:00,2009-12,True,91
17597,2010-05-05 15:33:00,2010-06-08 15:10:00,2010-05,True,34
17598,2010-11-23 17:43:00,,2010-11,False,
17599,2010-08-19 12:50:00,,2010-08,False,
17600,2011-11-22 09:43:00,,2011-11,False,
17601,2010-11-24 14:29:00,2011-04-14 18:02:00,2010-11,True,141
17602,2010-03-30 17:25:00,2010-03-30 17:31:00,2010-03,True,0
17603,2009-12-10 09:44:00,2010-01-29 17:25:00,2009-12,True,50
17604,2010-01-27 12:19:00,2010-06-16 12:16:00,2010-01,True,140
17605,2010-04-28 14:45:00,,2010-04,False,
17606,2009-12-02 13:32:00,,2009-12,False,
17607,2010-11-28 13:11:00,,2010-11,False,
17608,2010-04-11 13:37:00,2010-09-16 16:15:00,2010-04,True,158
17609,2010-04-09 16:54:00,2010-05-07 13:58:00,2010-04,True,28
17610,2009-12-06 16:07:00,2009-12-10 16:35:00,2009-12,True,4
17611,2009-12-01 13:29:00,2010-01-24 13:46:00,2009-12,True,54
17612,2009-12-17 11:59:00,2010-01-28 17:14:00,2009-12,True,42
17613,2011-02-07 11:20:00,2011-02-24 10:25:00,2011-02,True,17
17614,2011-10-13 16:01:00,,2011-10,False,
17615,2010-08-11 12:54:00,2010-09-14 12:37:00,2010-08,True,34
17616,2010-09-14 10:43:00,2010-12-07 10:04:00,2010-09,True,84
17617,2010-05-30 12:48:00,,2010-05,False,
17618,2010-01-24 11:03:00,2010-05-30 12:55:00,2010-01,True,126
17619,2011-01-31 14:18:00,,2011-01,False,
17620,2011-10-11 12:08:00,,2011-10,False,
17621,2010-10-04 09:37:00,2010-10-18 11:28:00,2010-10,True,14
17622,2010-04-20 13:38:00,2010-04-21 12:36:00,2010-04,True,1
17623,2009-12-14 14:36:00,2010-05-19 13:32:00,2009-12,True,156
17624,2009-12-20 12:35:00,2010-09-28 14:07:00,2009-12,True,282
17625,2009-12-15 11:49:00,2010-01-31 11:54:00,2009-12,True,47
17626,2010-04-16 12:15:00,,2010-04,False,
17627,2010-08-18 11:27:00,,2010-08,False,
17628,2011-09-19 15:21:00,,2011-09,False,
17629,2010-10-14 13:35:00,2010-11-16 14:46:00,2010-10,True,33
17630,2011-04-21 14:03:00,2011-06-23 11:58:00,2011-04,True,63
17631,2009-12-09 14:15:00,2009-12-17 15:46:00,2009-12,True,8
17633,2010-11-15 14:55:00,2010-11-24 11:06:00,2010-11,True,9
17634,2011-01-06 12:45:00,2011-03-07 13:10:00,2011-01,True,60
17635,2010-04-28 10:51:00,2010-07-01 16:50:00,2010-04,True,64
17636,2011-11-20 14:40:00,,2011-11,False,
17637,2011-08-16 13:25:00,2011-11-08 12:51:00,2011-08,True,84
17638,2009-12-18 09:58:00,2010-03-02 14:32:00,2009-12,True,74
17639,2010-08-13 11:59:00,2010-08-13 12:04:00,2010-08,True,0
17640,2010-03-23 09:15:00,2010-03-24 13:20:00,2010-03,True,1
17642,2009-12-05 16:01:00,2010-03-29 09:48:00,2009-12,True,114
17643,2010-07-22 13:07:00,2010-12-01 14:38:00,2010-07,True,132
17644,2010-02-16 08:44:00,2010-03-28 11:04:00,2010-02,True,40
17646,2009-12-16 09:37:00,2010-01-28 14:29:00,2009-12,True,43
17647,2010-02-08 14:39:00,2010-02-08 14:40:00,2010-02,True,0
17648,2010-11-19 16:41:00,2011-04-04 10:29:00,2010-11,True,136
17649,2010-08-24 13:01:00,2010-08-27 10:23:00,2010-08,True,3
17650,2011-11-18 14:52:00,,2011-11,False,
17651,2010-07-01 12:17:00,2010-07-06 12:21:00,2010-07,True,5
17652,2011-03-03 14:05:00,2011-04-20 08:07:00,2011-03,True,48
17653,2011-08-11 15:24:00,2011-09-01 12:17:00,2011-08,True,21
17654,2011-03-07 13:17:00,,2011-03,False,
17655,2010-10-19 10:20:00,2010-11-22 17:11:00,2010-10,True,34
17656,2011-08-03 10:45:00,2011-08-17 13:06:00,2011-08,True,14
17657,2010-10-05 14:52:00,,2010-10,False,
17658,2011-05-12 15:23:00,2011-11-14 12:07:00,2011-05,True,186
17659,2010-11-18 14:20:00,2010-11-19 16:38:00,2010-11,True,1
17660,2009-12-02 16:02:00,2011-07-21 13:37:00,2009-12,True,596
17662,2009-12-17 09:54:00,2010-02-16 09:38:00,2009-12,True,61
17663,2010-03-04 11:42:00,2010-03-08 16:30:00,2010-03,True,4
17664,2010-03-29 17:17:00,2010-08-22 13:14:00,2010-03,True,146
17665,2010-08-03 13:12:00,,2010-08,False,
17666,2010-06-30 12:03:00,2010-08-02 15:10:00,2010-06,True,33
17667,2010-02-23 09:57:00,2010-06-28 13:43:00,2010-02,True,125
17668,2011-11-01 14:45:00,2011-12-08 13:25:00,2011-11,True,37
17669,2010-04-01 18:48:00,2010-06-28 13:47:00,2010-04,True,88
17670,2011-04-26 09:12:00,,2011-04,False,
17671,2010-11-29 11:53:00,2010-12-09 14:27:00,2010-11,True,10
17672,2010-03-08 13:17:00,2010-09-27 11:48:00,2010-03,True,203
17673,2010-03-19 14:02:00,2010-04-26 11:25:00,2010-03,True,38
17674,2010-12-06 10:20:00,2011-09-26 13:35:00,2010-12,True,294
17675,2009-12-10 16:10:00,2009-12-15 13:35:00,2009-12,True,5
17676,2010-03-30 10:49:00,2010-06-30 11:32:00,2010-03,True,92
17677,2009-12-16 11:23:00,2009-12-16 11:24:00,2009-12,True,0
17678,2010-04-15 13:54:00,2011-03-21 11:52:00,2010-04,True,340
17679,2009-12-03 17:32:00,2009-12-03 17:33:00,2009-12,True,0
17680,2010-07-16 16:07:00,2010-11-21 13:31:00,2010-07,True,128
17681,2010-01-15 11:53:00,2010-01-26 10:04:00,2010-01,True,11
17682,2010-03-08 09:49:00,2010-04-14 12:28:00,2010-03,True,37
17683,2010-06-03 17:15:00,2010-07-16 12:42:00,2010-06,True,43
17684,2011-10-27 11:10:00,,2011-10,False,
17685,2010-02-11 13:44:00,2010-05-26 11:31:00,2010-02,True,104
17686,2010-06-24 09:49:00,2010-10-12 17:06:00,2010-06,True,110
17687,2010-10-15 12:30:00,,2010-10,False,
17688,2010-11-11 10:41:00,,2010-11,False,
17689,2010-08-22 13:54:00,2010-11-16 13:22:00,2010-08,True,86
17690,2010-02-03 14:26:00,2010-03-17 12:17:00,2010-02,True,42
17691,2010-06-11 11:50:00,2010-11-05 13:18:00,2010-06,True,147
17692,2010-06-17 11:14:00,2010-07-26 13:41:00,2010-06,True,39
17693,2011-07-25 15:48:00,,2011-07,False,
17694,2010-05-26 08:27:00,2010-07-16 10:22:00,2010-05,True,51
17695,2010-01-28 09:27:00,2010-09-02 11:34:00,2010-01,True,217
17696,2009-12-10 17:09:00,2009-12-21 12:20:00,2009-12,True,11
17697,2011-04-17 15:40:00,,2011-04,False,
17698,2011-03-24 11:34:00,,2011-03,False,
17699,2010-05-27 11:53:00,2010-08-20 09:39:00,2010-05,True,85
17700,2009-12-01 11:37:00,2010-01-26 11:24:00,2009-12,True,56
17701,2011-04-01 12:25:00,,2011-04,False,
17702,2010-11-04 12:09:00,2010-11-21 13:15:00,2010-11,True,17
17703,2010-10-17 16:16:00,2011-07-24 13:30:00,2010-10,True,280
17704,2011-04-14 09:28:00,2011-06-24 09:40:00,2011-04,True,71
17705,2010-05-12 09:47:00,2010-09-10 14:43:00,2010-05,True,121
17706,2010-01-19 12:13:00,2010-01-19 12:17:00,2010-01,True,0
17707,2009-12-07 12:19:00,2010-03-05 12:39:00,2009-12,True,88
17708,2010-10-12 12:13:00,2010-11-02 08:57:00,2010-10,True,21
17709,2010-04-15 14:48:00,2010-04-27 14:10:00,2010-04,True,12
17710,2010-10-12 07:49:00,,2010-10,False,
17711,2011-02-23 11:32:00,2011-11-29 11:40:00,2011-02,True,279
17712,2011-10-26 12:28:00,,2011-10,False,
17713,2010-06-09 09:33:00,2010-08-17 13:49:00,2010-06,True,69
17714,2010-07-14 10:41:00,2010-07-28 11:52:00,2010-07,True,14
17715,2010-04-26 12:17:00,2011-05-23 12:32:00,2010-04,True,392
17716,2009-12-02 17:18:00,2010-03-05 13:52:00,2009-12,True,93
17717,2010-10-14 12:54:00,,2010-10,False,
17718,2010-03-05 08:01:00,2011-04-21 13:39:00,2010-03,True,412
17719,2011-03-29 11:29:00,2011-04-06 10:21:00,2011-03,True,8
17720,2010-05-10 09:58:00,2010-07-16 09:05:00,2010-05,True,67
17721,2010-02-18 15:18:00,,2010-02,False,
17722,2010-11-29 09:44:00,2010-12-08 12:41:00,2010-11,True,9
17723,2010-11-29 10:35:00,2011-05-09 14:44:00,2010-11,True,161
17724,2011-07-24 13:26:00,2011-09-20 14:50:00,2011-07,True,58
17725,2011-03-17 19:47:00,2011-04-04 12:07:00,2011-03,True,18
17726,2010-01-26 14:58:00,2010-02-25 15:07:00,2010-01,True,30
17727,2011-11-24 17:06:00,,2011-11,False,
17728,2010-09-12 14:58:00,2010-10-31 15:50:00,2010-09,True,49
17729,2010-04-22 15:03:00,,2010-04,False,
17730,2010-04-29 11:48:00,2010-06-03 08:50:00,2010-04,True,35
17731,2010-02-09 12:37:00,2010-03-28 12:43:00,2010-02,True,47
17732,2010-08-09 08:41:00,2010-08-27 10:38:00,2010-08,True,18
17733,2011-03-23 09:54:00,2011-11-01 08:16:00,2011-03,True,223
17734,2010-03-07 13:55:00,2010-04-11 11:56:00,2010-03,True,35
17735,2010-07-30 13:25:00,2010-09-02 10:18:00,2010-07,True,34
17736,2011-08-18 14:33:00,2011-10-28 09:00:00,2011-08,True,71
17737,2011-10-12 14:42:00,2011-11-30 15:16:00,2011-10,True,49
17738,2010-03-19 10:07:00,2010-04-07 16:21:00,2010-03,True,19
17739,2009-12-07 10:48:00,2009-12-17 11:49:00,2009-12,True,10
17740,2010-01-11 13:11:00,2010-03-08 10:45:00,2010-01,True,56
17741,2010-05-28 12:11:00,2010-10-29 11:59:00,2010-05,True,154
17742,2009-12-01 13:16:00,2010-02-09 10:03:00,2009-12,True,70
17743,2010-09-17 14:54:00,,2010-09,False,
17744,2010-11-24 09:34:00,2010-12-16 14:17:00,2010-11,True,22
17745,2010-06-02 09:03:00,2010-08-19 12:30:00,2010-06,True,78
17746,2010-04-08 12:54:00,2010-08-25 13:29:00,2010-04,True,139
17747,2011-08-19 08:13:00,,2011-08,False,
17748,2010-06-30 13:49:00,,2010-06,False,
17749,2010-06-11 14:56:00,2011-03-28 13:39:00,2010-06,True,290
17750,2011-06-28 15:44:00,2011-07-15 17:29:00,2011-06,True,17
17751,2010-10-14 13:57:00,,2010-10,False,
17752,2010-12-15 16:19:00,,2010-12,False,
17753,2010-01-06 14:20:00,2010-08-17 13:35:00,2010-01,True,223
17754,2009-12-11 15:52:00,2010-01-05 15:55:00,2009-12,True,25
17756,2010-11-10 12:54:00,2010-11-19 12:45:00,2010-11,True,9
17757,2010-01-13 15:56:00,2010-02-17 14:24:00,2010-01,True,35
17758,2010-05-20 13:18:00,2010-10-05 14:29:00,2010-05,True,138
17759,2010-05-05 11:40:00,2010-11-11 15:09:00,2010-05,True,190
17760,2010-02-28 12:15:00,2010-03-22 11:21:00,2010-02,True,22
17761,2011-11-07 10:23:00,,2011-11,False,
17762,2010-09-09 17:40:00,,2010-09,False,
17763,2010-02-18 14:32:00,2010-02-24 13:32:00,2010-02,True,6
17764,2009-12-03 14:28:00,2010-06-17 17:00:00,2009-12,True,196
17765,2010-09-17 12:45:00,2011-03-28 11:58:00,2010-09,True,192
17766,2010-11-23 14:17:00,2010-11-23 14:29:00,2010-11,True,0
17767,2010-10-25 16:22:00,2011-11-24 14:42:00,2010-10,True,395
17768,2009-12-02 12:26:00,2010-01-28 15:51:00,2009-12,True,57
17769,2010-01-19 11:33:00,2010-03-07 11:31:00,2010-01,True,47
17770,2011-03-02 13:35:00,2011-03-09 12:38:00,2011-03,True,7
17771,2010-04-29 13:21:00,2010-09-29 16:35:00,2010-04,True,153
17772,2010-11-12 11:31:00,2011-11-29 10:57:00,2010-11,True,382
17773,2010-01-18 14:32:00,2010-07-13 14:07:00,2010-01,True,176
17774,2010-02-08 16:06:00,2010-03-16 12:00:00,2010-02,True,36
17775,2011-03-30 10:50:00,,2011-03,False,
17776,2009-12-16 14:59:00,2010-11-18 12:14:00,2009-12,True,337
17777,2011-08-31 14:35:00,2011-10-31 13:05:00,2011-08,True,61
17778,2010-02-16 12:44:00,,2010-02,False,
17779,2011-07-19 12:19:00,2011-09-13 11:24:00,2011-07,True,56
17780,2010-01-24 11:21:00,2010-02-10 13:39:00,2010-01,True,17
17781,2011-03-31 19:54:00,2011-07-03 16:00:00,2011-03,True,94
17782,2010-11-22 10:03:00,2010-11-22 11:15:00,2010-11,True,0
17783,2010-07-15 12:50:00,2011-04-06 10:07:00,2010-07,True,265
17784,2010-06-07 16:08:00,,2010-06,False,
17785,2010-05-23 13:01:00,2010-09-20 14:14:00,2010-05,True,120
17786,2011-01-26 14:35:00,2011-09-15 12:51:00,2011-01,True,232
17787,2010-12-03 13:43:00,2011-01-20 12:20:00,2010-12,True,48
17788,2011-08-02 10:38:00,2011-09-27 10:09:00,2011-08,True,56
17789,2010-02-16 13:16:00,2011-03-03 13:14:00,2010-02,True,380
17790,2010-06-13 13:30:00,2010-07-11 11:35:00,2010-06,True,28
17791,2011-11-10 12:09:00,,2011-11,False,
17792,2010-08-18 13:08:00,2010-08-29 14:30:00,2010-08,True,11
17793,2011-11-14 14:24:00,,2011-11,False,
17794,2010-01-20 12:17:00,2010-01-22 10:18:00,2010-01,True,2
17795,2011-03-20 12:02:00,2011-06-13 12:36:00,2011-03,True,85
17796,2010-10-14 13:37:00,2010-11-21 10:49:00,2010-10,True,38
17797,2009-12-15 14:30:00,2010-01-27 12:14:00,2009-12,True,43
17798,2010-05-07 11:42:00,,2010-05,False,
17799,2009-12-13 16:03:00,2010-01-22 16:28:00,2009-12,True,40
17800,2011-01-09 13:50:00,2011-03-11 14:06:00,2011-01,True,61
17801,2010-01-17 11:31:00,2010-06-08 14:10:00,2010-01,True,142
17802,2009-12-13 13:39:00,2009-12-13 14:10:00,2009-12,True,0
17803,2010-11-12 13:53:00,,2010-11,False,
17804,2009-12-01 12:22:00,2010-06-25 13:35:00,2009-12,True,206
17805,2010-04-08 14:36:00,2011-09-27 11:49:00,2010-04,True,537
17806,2011-11-28 14:12:00,,2011-11,False,
17807,2010-01-04 14:00:00,2010-05-09 14:07:00,2010-01,True,125
17808,2010-05-07 16:26:00,2010-05-30 14:45:00,2010-05,True,23
17809,2009-12-02 14:52:00,2009-12-15 10:10:00,2009-12,True,13
17810,2010-01-25 10:26:00,2010-02-09 10:47:00,2010-01,True,15
17811,2010-09-20 11:24:00,2010-09-24 11:11:00,2010-09,True,4
17812,2010-06-27 13:34:00,2010-10-11 13:31:00,2010-06,True,106
17813,2011-09-29 15:57:00,2011-10-06 16:01:00,2011-09,True,7
17814,2010-10-13 14:03:00,2010-11-29 14:21:00,2010-10,True,47
17815,2010-11-11 14:39:00,,2010-11,False,
17816,2009-12-15 15:27:00,2010-02-19 13:53:00,2009-12,True,66
17817,2010-10-13 15:07:00,2010-10-20 17:12:00,2010-10,True,7
17818,2009-12-02 11:34:00,,2009-12,False,
17819,2009-12-13 15:24:00,2009-12-23 16:58:00,2009-12,True,10
17820,2010-11-30 17:43:00,,2010-11,False,
17821,2010-10-29 13:20:00,,2010-10,False,
17822,2010-05-28 12:15:00,2010-05-28 13:23:00,2010-05,True,0
17823,2010-10-14 16:14:00,2010-10-14 16:24:00,2010-10,True,0
17824,2011-10-19 14:14:00,,2011-10,False,
17825,2009-12-14 12:09:00,2009-12-14 12:13:00,2009-12,True,0
17826,2010-11-30 13:23:00,,2010-11,False,
17827,2010-03-28 12:20:00,2010-12-10 10:18:00,2010-03,True,257
17828,2011-06-08 08:31:00,2011-06-22 09:02:00,2011-06,True,14
17829,2010-02-22 15:39:00,2010-08-19 15:45:00,2010-02,True,178
17830,2011-02-24 10:15:00,2011-03-23 11:44:00,2011-02,True,27
17831,2011-11-06 15:09:00,,2011-11,False,
17832,2011-10-21 11:43:00,,2011-10,False,
17833,2009-12-16 13:40:00,,2009-12,False,
17834,2010-09-20 15:32:00,2010-10-21 12:09:00,2010-09,True,31
17835,2011-11-16 16:30:00,2011-11-30 11:17:00,2011-11,True,14
17836,2011-10-23 16:13:00,,2011-10,False,
17837,2011-06-29 16:44:00,2011-07-07 17:47:00,2011-06,True,8
17838,2010-03-19 09:53:00,2010-03-19 09:54:00,2010-03,True,0
17839,2011-10-28 17:27:00,,2011-10,False,
17840,2010-09-22 12:24:00,,2010-09,False,
17841,2009-12-02 15:41:00,2009-12-04 14:29:00,2009-12,True,2
17842,2010-04-16 14:23:00,,2010-04,False,
17843,2010-10-24 10:56:00,2011-02-09 15:33:00,2010-10,True,108
17844,2011-08-25 11:27:00,,2011-08,False,
17845,2010-05-12 13:04:00,2010-05-12 13:12:00,2010-05,True,0
17847,2010-03-04 12:57:00,2010-07-12 10:00:00,2010-03,True,130
17848,2009-12-06 13:19:00,2010-01-14 19:10:00,2009-12,True,39
17849,2010-03-14 15:17:00,2010-03-14 15:19:00,2010-03,True,0
17850,2009-12-05 12:28:00,2009-12-05 13:26:00,2009-12,True,0
17851,2009-12-03 17:46:00,2009-12-11 14:39:00,2009-12,True,8
17852,2009-12-08 12:51:00,2009-12-15 11:06:00,2009-12,True,7
17853,2009-12-03 15:09:00,2010-08-20 11:14:00,2009-12,True,260
17854,2009-12-08 11:13:00,2010-07-13 12:38:00,2009-12,True,217
17855,2010-12-02 09:44:00,,2010-12,False,
17856,2011-03-03 11:40:00,2011-03-20 11:37:00,2011-03,True,17
17857,2010-03-08 12:09:00,2010-12-09 11:35:00,2010-03,True,276
17858,2009-12-06 15:41:00,2009-12-20 12:47:00,2009-12,True,14
17859,2011-02-08 10:32:00,,2011-02,False,
17860,2009-12-11 16:48:00,2009-12-11 16:54:00,2009-12,True,0
17861,2009-12-10 11:27:00,2010-01-05 12:26:00,2009-12,True,26
17862,2010-05-25 17:22:00,2010-11-11 17:55:00,2010-05,True,170
17863,2010-02-25 12:01:00,2010-05-23 15:28:00,2010-02,True,87
17864,2010-10-08 11:49:00,2010-11-19 12:04:00,2010-10,True,42
17865,2009-12-01 10:49:00,2009-12-07 13:45:00,2009-12,True,6
17866,2009-12-14 16:01:00,2010-08-12 12:43:00,2009-12,True,241
17867,2009-12-02 13:39:00,2009-12-23 16:04:00,2009-12,True,21
17868,2010-11-18 18:55:00,,2010-11,False,
17869,2010-06-10 13:47:00,2010-08-27 12:18:00,2010-06,True,78
17870,2010-11-23 11:39:00,2010-12-08 08:12:00,2010-11,True,15
17871,2010-01-15 14:48:00,2010-05-10 17:03:00,2010-01,True,115
17872,2010-11-23 12:02:00,,2010-11,False,
17873,2009-12-16 15:11:00,2009-12-16 15:24:00,2009-12,True,0
17874,2011-03-29 11:25:00,2011-04-28 13:17:00,2011-03,True,30
17875,2010-01-20 15:30:00,,2010-01,False,
17876,2010-02-02 13:00:00,2010-04-16 10:01:00,2010-02,True,73
17877,2011-06-22 13:00:00,,2011-06,False,
17878,2010-11-09 13:50:00,2010-11-09 13:52:00,2010-11,True,0
17879,2011-06-19 12:36:00,,2011-06,False,
17880,2009-12-09 16:13:00,2010-03-10 12:39:00,2009-12,True,91
17881,2011-02-08 17:16:00,,2011-02,False,
17882,2010-11-25 14:35:00,2010-11-25 14:40:00,2010-11,True,0
17883,2010-02-25 20:07:00,2010-06-18 16:36:00,2010-02,True,113
17884,2009-12-04 16:23:00,2009-12-04 16:45:00,2009-12,True,0
17885,2011-11-27 14:40:00,,2011-11,False,
17886,2010-04-29 11:10:00,2010-08-26 15:03:00,2010-04,True,119
17887,2011-08-02 17:29:00,,2011-08,False,
17888,2009-12-21 16:34:00,2010-01-22 14:40:00,2009-12,True,32
17889,2010-03-31 10:54:00,2010-11-15 17:44:00,2010-03,True,229
17890,2010-12-13 15:12:00,2011-01-21 11:19:00,2010-12,True,39
17891,2011-06-30 20:08:00,,2011-06,False,
17892,2011-07-07 12:56:00,2011-10-13 13:20:00,2011-07,True,98
17893,2011-04-28 13:50:00,,2011-04,False,
17894,2010-08-27 14:13:00,2010-10-06 10:03:00,2010-08,True,40
17895,2011-10-26 17:00:00,,2011-10,False,
17896,2011-11-16 13:59:00,,2011-11,False,
17897,2010-05-12 16:03:00,2010-05-19 13:16:00,2010-05,True,7
17898,2010-05-21 17:22:00,2010-09-13 12:01:00,2010-05,True,115
17899,2011-07-03 14:58:00,,2011-07,False,
17900,2011-06-02 14:28:00,2011-06-02 14:38:00,2011-06,True,0
17901,2010-07-06 10:54:00,2010-07-06 11:05:00,2010-07,True,0
17902,2010-06-11 12:25:00,,2010-06,False,
17903,2010-11-10 15:39:00,,2010-11,False,
17904,2011-11-18 12:57:00,,2011-11,False,
17905,2010-01-28 17:54:00,2010-01-28 17:55:00,2010-01,True,0
17906,2011-04-06 17:25:00,,2011-04,False,
17907,2010-03-09 12:33:00,,2010-03,False,
17908,2009-12-14 12:24:00,2010-04-20 11:52:00,2009-12,True,127
17909,2009-12-02 13:10:00,,2009-12,False,
17910,2009-12-13 16:04:00,,2009-12,False,
17911,2011-11-30 14:52:00,,2011-11,False,
17912,2010-11-29 13:53:00,2010-12-10 11:11:00,2010-11,True,11
17913,2009-12-03 13:02:00,2009-12-03 13:05:00,2009-12,True,0
17914,2011-12-06 11:58:00,,2011-12,False,
17915,2010-06-06 13:22:00,,2010-06,False,
17916,2009-12-06 14:10:00,2010-03-21 12:26:00,2009-12,True,105
17917,2010-12-12 12:08:00,2011-03-28 16:37:00,2010-12,True,106
17918,2010-07-22 14:20:00,2010-07-26 15:49:00,2010-07,True,4
17919,2010-09-27 10:40:00,2011-09-12 13:41:00,2010-09,True,350
17920,2009-12-06 10:37:00,2009-12-06 11:13:00,2009-12,True,0
17921,2010-07-15 20:05:00,2010-07-29 19:56:00,2010-07,True,14
17922,2010-06-14 16:32:00,,2010-06,False,
17923,2010-06-13 13:58:00,2010-06-30 13:41:00,2010-06,True,17
17924,2010-10-21 12:17:00,2010-12-01 10:51:00,2010-10,True,41
17925,2010-12-02 10:10:00,,2010-12,False,
17926,2010-05-09 14:07:00,2010-09-01 13:44:00,2010-05,True,115
17927,2009-12-18 11:03:00,,2009-12,False,
17928,2010-05-17 15:30:00,2011-04-07 18:03:00,2010-05,True,325
17929,2009-12-09 11:40:00,2010-02-28 13:28:00,2009-12,True,81
17930,2010-03-04 10:41:00,2010-03-19 10:11:00,2010-03,True,15
17931,2010-02-16 15:47:00,2010-03-04 17:40:00,2010-02,True,16
17932,2011-05-12 13:58:00,2011-06-19 10:39:00,2011-05,True,38
17933,2010-03-17 15:11:00,,2010-03,False,
17934,2010-10-29 12:23:00,2011-10-12 10:50:00,2010-10,True,348
17935,2009-12-04 14:33:00,2010-03-24 12:07:00,2009-12,True,110
17936,2011-12-04 13:32:00,,2011-12,False,
17937,2010-12-12 14:43:00,2010-12-13 14:56:00,2010-12,True,1
17938,2010-10-15 14:27:00,,2010-10,False,
17939,2011-07-03 12:27:00,,2011-07,False,
17940,2009-12-03 12:31:00,2010-03-23 15:35:00,2009-12,True,110
17941,2010-01-06 15:37:00,2010-02-18 19:11:00,2010-01,True,43
17942,2011-12-02 10:45:00,,2011-12,False,
17944,2010-10-12 16:25:00,,2010-10,False,
17945,2010-01-12 11:33:00,2010-01-12 11:36:00,2010-01,True,0
17946,2011-03-25 14:34:00,2011-04-20 17:00:00,2011-03,True,26
17947,2011-11-02 13:05:00,,2011-11,False,
17948,2011-07-15 12:58:00,,2011-07,False,
17949,2009-12-02 11:07:00,2009-12-02 11:07:00,2009-12,True,0
17950,2010-01-04 17:39:00,2010-05-19 16:30:00,2010-01,True,135
17951,2010-10-31 15:15:00,2010-12-01 12:40:00,2010-10,True,31
17952,2010-06-16 11:54:00,2010-06-16 12:02:00,2010-06,True,0
17953,2010-06-17 15:08:00,,2010-06,False,
17954,2009-12-09 13:22:00,2009-12-16 12:29:00,2009-12,True,7
17955,2010-02-12 16:27:00,2010-02-22 11:22:00,2010-02,True,10
17956,2011-04-04 13:47:00,,2011-04,False,
17957,2011-10-04 14:58:00,,2011-10,False,
17958,2009-12-11 15:37:00,2011-08-15 12:19:00,2009-12,True,612
17959,2010-04-26 14:12:00,,2010-04,False,
17960,2010-03-08 12:22:00,2010-07-05 09:56:00,2010-03,True,119
17961,2009-12-01 14:48:00,2009-12-04 15:16:00,2009-12,True,3
17962,2010-01-13 15:24:00,2010-06-08 16:15:00,2010-01,True,146
17963,2010-01-19 17:25:00,2010-06-11 15:54:00,2010-01,True,143
17964,2010-12-02 13:32:00,2011-11-08 10:44:00,2010-12,True,341
17965,2009-12-14 13:19:00,2010-01-06 13:56:00,2009-12,True,23
17966,2010-01-18 13:24:00,2010-01-18 13:36:00,2010-01,True,0
17967,2010-10-19 13:19:00,2010-12-03 11:19:00,2010-10,True,45
17968,2010-07-15 15:01:00,2010-11-15 15:18:00,2010-07,True,123
17969,2009-12-06 13:53:00,2009-12-13 14:38:00,2009-12,True,7
17970,2011-05-12 20:03:00,,2011-05,False,
17971,2010-06-09 14:04:00,,2010-06,False,
17972,2011-04-12 12:16:00,,2011-04,False,
17973,2011-10-19 10:34:00,,2011-10,False,
17974,2010-10-28 20:03:00,2010-11-10 12:09:00,2010-10,True,13
17975,2010-08-06 11:24:00,2010-09-06 14:54:00,2010-08,True,31
17976,2010-12-02 13:49:00,,2010-12,False,
17977,2010-11-04 14:26:00,2011-11-10 13:28:00,2010-11,True,371
17978,2009-12-08 13:27:00,2010-01-11 13:51:00,2009-12,True,34
17979,2011-03-25 11:34:00,2011-03-25 12:07:00,2011-03,True,0
17980,2010-11-11 14:42:00,2010-12-15 15:50:00,2010-11,True,34
17981,2010-10-25 10:40:00,,2010-10,False,
17982,2010-01-28 09:38:00,,2010-01,False,
17983,2010-11-09 13:23:00,,2010-11,False,
17984,2009-12-01 11:51:00,2010-08-01 15:51:00,2009-12,True,243
17985,2011-11-17 14:24:00,,2011-11,False,
17986,2011-10-14 14:22:00,,2011-10,False,
17987,2010-06-07 11:23:00,2010-11-04 11:37:00,2010-06,True,150
17988,2009-12-07 13:35:00,2009-12-08 12:39:00,2009-12,True,1
17989,2010-11-25 13:49:00,,2010-11,False,
17990,2009-12-07 15:19:00,2010-06-16 14:47:00,2009-12,True,191
17991,2010-04-27 12:46:00,2011-04-27 16:39:00,2010-04,True,365
17992,2010-11-15 13:04:00,,2010-11,False,
17993,2010-04-01 14:23:00,,2010-04,False,
17994,2010-03-29 10:37:00,2010-05-10 09:16:00,2010-03,True,42
17995,2010-11-17 17:01:00,2010-11-22 16:34:00,2010-11,True,5
17996,2010-06-11 11:48:00,2010-06-11 11:52:00,2010-06,True,0
17997,2011-06-28 17:28:00,2011-07-06 16:54:00,2011-06,True,8
17998,2009-12-01 13:07:00,2009-12-02 10:02:00,2009-12,True,1
17999,2010-11-26 13:16:00,2010-12-08 15:17:00,2010-11,True,12
18000,2010-05-24 17:34:00,,2010-05,False,
18001,2009-12-02 15:38:00,2010-06-11 11:53:00,2009-12,True,191
18002,2009-12-08 11:07:00,2010-03-30 16:17:00,2009-12,True,112
18003,2010-11-28 15:09:00,,2010-11,False,
18004,2010-12-12 13:47:00,,2010-12,False,
18005,2011-10-23 14:40:00,2011-12-06 11:51:00,2011-10,True,44
18006,2009-12-17 12:27:00,2010-04-01 19:06:00,2009-12,True,105
18007,2010-11-12 11:08:00,,2010-11,False,
18008,2010-01-06 12:35:00,2010-01-27 11:40:00,2010-01,True,21
18009,2010-02-25 11:49:00,2010-03-23 13:05:00,2010-02,True,26
18010,2011-03-28 12:27:00,,2011-03,False,
18011,2010-05-21 13:28:00,2010-12-01 17:35:00,2010-05,True,194
18012,2009-12-16 13:16:00,,2009-12,False,
18013,2011-07-07 14:08:00,2011-07-07 14:11:00,2011-07,True,0
18014,2011-11-11 15:28:00,,2011-11,False,
18015,2011-12-05 14:49:00,,2011-12,False,
18016,2010-01-27 16:00:00,2010-10-25 14:24:00,2010-01,True,271
18017,2010-10-04 15:11:00,2011-02-02 13:57:00,2010-10,True,121
18018,2010-10-15 11:05:00,2010-11-05 15:52:00,2010-10,True,21
18019,2011-10-19 12:10:00,,2011-10,False,
18020,2010-06-14 12:31:00,,2010-06,False,
18021,2010-07-15 18:47:00,2010-07-18 10:52:00,2010-07,True,3
18022,2010-06-11 13:59:00,2010-10-22 12:02:00,2010-06,True,133
18024,2011-07-10 12:28:00,2011-07-10 12:40:00,2011-07,True,0
18025,2010-03-30 17:33:00,2010-05-25 17:31:00,2010-03,True,56
18026,2010-07-22 16:21:00,2010-07-27 10:37:00,2010-07,True,5
18027,2011-09-02 10:38:00,,2011-09,False,
18028,2010-05-05 13:28:00,,2010-05,False,
18029,2010-03-07 15:30:00,,2010-03,False,
18030,2011-10-28 13:55:00,2011-12-05 16:37:00,2011-10,True,38
18031,2010-11-26 11:00:00,,2010-11,False,
18032,2011-01-09 15:32:00,,2011-01,False,
18033,2011-10-05 17:28:00,,2011-10,False,
18034,2010-11-29 12:36:00,2011-11-18 12:08:00,2010-11,True,354
18035,2010-11-19 13:42:00,2010-11-19 13:46:00,2010-11,True,0
18036,2009-12-18 12:04:00,2010-01-18 14:23:00,2009-12,True,31
18037,2009-12-01 13:48:00,2009-12-18 12:27:00,2009-12,True,17
18038,2010-06-01 15:59:00,,2010-06,False,
18039,2010-03-09 11:19:00,2010-05-16 13:10:00,2010-03,True,68
18040,2011-04-08 08:27:00,2011-11-20 14:20:00,2011-04,True,226
18041,2010-01-14 10:04:00,2010-01-18 12:55:00,2010-01,True,4
18042,2010-06-16 10:53:00,2011-10-17 11:49:00,2010-06,True,488
18043,2010-12-08 12:35:00,2011-05-17 12:40:00,2010-12,True,160
18044,2010-05-28 15:31:00,2010-06-16 13:52:00,2010-05,True,19
18045,2011-10-25 13:07:00,,2011-10,False,
18046,2010-02-28 11:36:00,,2010-02,False,
18047,2010-11-23 12:57:00,2010-11-23 13:11:00,2010-11,True,0
18048,2010-08-03 13:03:00,2011-05-20 14:54:00,2010-08,True,290
18049,2010-04-28 13:24:00,2010-09-28 14:26:00,2010-04,True,153
18050,2010-11-11 15:51:00,2010-12-15 14:25:00,2010-11,True,34
18051,2009-12-09 12:17:00,2009-12-21 09:45:00,2009-12,True,12
18052,2010-05-24 11:11:00,,2010-05,False,
18053,2010-06-30 12:36:00,2010-07-02 11:42:00,2010-06,True,2
18054,2010-11-12 08:18:00,,2010-11,False,
18055,2010-10-22 13:27:00,2010-11-18 12:25:00,2010-10,True,27
18056,2010-03-31 12:29:00,2011-02-24 14:27:00,2010-03,True,330
18057,2010-01-18 12:42:00,2010-04-14 14:49:00,2010-01,True,86
18058,2010-02-10 09:38:00,2010-06-16 13:45:00,2010-02,True,126
18059,2011-10-03 09:30:00,2011-10-26 14:36:00,2011-10,True,23
18060,2010-05-24 08:34:00,2010-10-27 16:41:00,2010-05,True,156
18061,2009-12-04 11:36:00,2009-12-17 13:17:00,2009-12,True,13
18062,2010-04-21 08:55:00,2010-10-27 13:55:00,2010-04,True,189
18063,2010-03-16 13:05:00,2010-11-14 10:46:00,2010-03,True,243
18064,2010-02-01 15:01:00,2010-03-04 13:24:00,2010-02,True,31
18065,2009-12-09 16:00:00,2009-12-09 16:01:00,2009-12,True,0
18066,2010-10-20 11:42:00,2010-11-18 10:08:00,2010-10,True,29
18067,2011-10-30 15:58:00,,2011-10,False,
18068,2011-02-23 14:50:00,,2011-02,False,
18069,2010-02-28 16:14:00,2010-02-28 16:16:00,2010-02,True,0
18070,2010-02-08 13:28:00,,2010-02,False,
18071,2009-12-05 10:31:00,2009-12-18 14:22:00,2009-12,True,13
18072,2011-06-07 10:44:00,,2011-06,False,
18073,2011-05-26 19:38:00,2011-05-27 14:12:00,2011-05,True,1
18074,2010-07-22 10:31:00,2010-12-01 09:53:00,2010-07,True,132
18075,2010-07-29 11:47:00,2010-09-08 12:49:00,2010-07,True,41
18076,2010-11-24 14:02:00,,2010-11,False,
18077,2009-12-07 11:40:00,2009-12-13 10:50:00,2009-12,True,6
18078,2010-03-21 15:50:00,2010-10-10 16:01:00,2010-03,True,203
18079,2010-08-05 12:19:00,2011-04-15 12:14:00,2010-08,True,253
18080,2011-04-11 10:10:00,2011-11-21 08:02:00,2011-04,True,224
18081,2011-07-29 11:56:00,2011-08-19 12:23:00,2011-07,True,21
18082,2011-11-14 12:45:00,,2011-11,False,
18083,2010-11-07 11:44:00,,2010-11,False,
18084,2010-11-16 08:09:00,2010-11-21 15:47:00,2010-11,True,5
18085,2010-03-21 11:57:00,2010-11-11 17:41:00,2010-03,True,235
18086,2011-03-10 13:34:00,,2011-03,False,
18087,2009-12-01 09:43:00,2009-12-01 09:44:00,2009-12,True,0
18088,2011-10-09 13:41:00,,2011-10,False,
18089,2010-09-19 11:57:00,,2010-09,False,
18090,2010-10-14 12:32:00,,2010-10,False,
18091,2010-04-25 13:18:00,,2010-04,False,
18092,2009-12-04 12:37:00,2009-12-22 09:35:00,2009-12,True,18
18093,2010-03-31 10:27:00,2010-04-22 14:07:00,2010-03,True,22
18094,2010-01-07 11:16:00,2010-05-07 16:28:00,2010-01,True,120
18095,2010-04-19 14:09:00,2010-05-10 09:24:00,2010-04,True,21
18096,2010-07-14 14:30:00,2010-07-20 12:04:00,2010-07,True,6
18097,2009-12-17 11:06:00,2010-07-18 15:50:00,2009-12,True,213
18098,2010-11-08 16:31:00,,2010-11,False,
18099,2011-08-04 15:52:00,,2011-08,False,
18100,2010-06-07 14:19:00,,2010-06,False,
18101,2010-02-03 13:52:00,2010-11-17 12:57:00,2010-02,True,287
18102,2009-12-01 09:24:00,2009-12-03 13:30:00,2009-12,True,2
18103,2010-06-08 13:36:00,,2010-06,False,
18104,2011-11-02 14:07:00,,2011-11,False,
18105,2011-11-02 12:04:00,,2011-11,False,
18106,2010-01-15 11:36:00,2010-01-15 11:40:00,2010-01,True,0
18107,2010-09-23 13:03:00,,2010-09,False,
18108,2009-12-02 12:47:00,2010-04-22 09:38:00,2009-12,True,141
18109,2010-07-01 12:13:00,2010-08-16 14:12:00,2010-07,True,46
18110,2010-10-24 14:21:00,2011-11-20 12:34:00,2010-10,True,392
18111,2010-04-29 12:58:00,,2010-04,False,
18112,2010-06-06 12:40:00,2010-10-17 13:16:00,2010-06,True,133
18113,2010-12-06 12:31:00,,2010-12,False,
18114,2011-02-22 13:20:00,,2011-02,False,
18115,2010-01-11 11:57:00,,2010-01,False,
18116,2010-10-24 15:29:00,2010-10-31 15:54:00,2010-10,True,7
18117,2011-11-14 12:47:00,,2011-11,False,
18118,2010-11-23 13:36:00,2010-11-26 11:36:00,2010-11,True,3
18119,2010-12-07 11:59:00,,2010-12,False,
18120,2011-05-09 13:45:00,,2011-05,False,
18121,2011-07-08 12:14:00,2011-07-13 12:53:00,2011-07,True,5
18122,2011-07-12 11:37:00,2011-09-16 12:34:00,2011-07,True,66
18123,2010-07-14 12:47:00,2011-11-08 13:31:00,2010-07,True,482
18124,2010-08-24 17:21:00,,2010-08,False,
18125,2011-01-27 15:02:00,2011-02-17 13:47:00,2011-01,True,21
18126,2011-10-10 12:19:00,,2011-10,False,
18127,2010-11-01 13:56:00,2011-07-29 10:06:00,2010-11,True,270
18128,2010-06-20 13:19:00,,2010-06,False,
18129,2011-04-10 14:16:00,,2011-04,False,
18130,2011-10-13 15:58:00,2011-11-11 09:25:00,2011-10,True,29
18131,2010-03-18 08:48:00,,2010-03,False,
18132,2010-07-23 16:54:00,,2010-07,False,
18133,2011-05-11 14:14:00,,2011-05,False,
18134,2010-01-14 11:59:00,2010-04-20 14:02:00,2010-01,True,96
18135,2010-03-15 13:55:00,2010-04-28 11:52:00,2010-03,True,44
18136,2010-09-14 15:50:00,2010-10-26 15:57:00,2010-09,True,42
18137,2010-06-06 13:45:00,2010-06-06 14:18:00,2010-06,True,0
18138,2011-02-17 14:51:00,,2011-02,False,
18139,2011-11-21 14:06:00,2011-11-21 14:47:00,2011-11,True,0
18140,2010-08-23 11:58:00,,2010-08,False,
18141,2010-04-29 15:32:00,2010-11-03 11:44:00,2010-04,True,188
18142,2011-05-08 12:31:00,2011-07-05 13:19:00,2011-05,True,58
18143,2011-07-21 10:44:00,2011-08-15 12:07:00,2011-07,True,25
18144,2009-12-16 15:57:00,2010-04-13 13:26:00,2009-12,True,118
18145,2009-12-08 12:30:00,2010-01-05 10:18:00,2009-12,True,28
18146,2011-05-03 16:35:00,2011-07-22 12:08:00,2011-05,True,80
18147,2011-08-23 12:22:00,2011-10-25 11:46:00,2011-08,True,63
18148,2010-03-03 11:40:00,,2010-03,False,
18149,2010-03-14 12:41:00,2010-06-06 12:26:00,2010-03,True,84
18150,2011-05-22 10:47:00,2011-07-22 15:43:00,2011-05,True,61
18151,2010-03-04 10:47:00,2010-04-15 14:26:00,2010-03,True,42
18152,2010-03-03 15:26:00,,2010-03,False,
18153,2010-02-18 15:50:00,,2010-02,False,
18154,2010-08-06 09:18:00,2010-10-31 15:35:00,2010-08,True,86
18155,2011-02-21 10:36:00,2011-06-22 11:59:00,2011-02,True,121
18156,2010-12-05 12:29:00,2011-11-27 12:24:00,2010-12,True,357
18157,2010-05-17 14:09:00,,2010-05,False,
18158,2011-09-12 09:03:00,2011-11-30 16:19:00,2011-09,True,79
18159,2011-02-11 14:26:00,,2011-02,False,
18160,2010-11-18 16:33:00,2011-05-23 13:41:00,2010-11,True,186
18161,2010-11-25 15:55:00,2011-01-24 11:56:00,2010-11,True,60
18162,2009-12-07 13:24:00,,2009-12,False,
18163,2010-05-04 14:51:00,,2010-05,False,
18164,2011-11-02 12:56:00,,2011-11,False,
18165,2011-06-15 13:23:00,,2011-06,False,
18166,2010-03-26 12:26:00,,2010-03,False,
18167,2011-08-26 11:40:00,2011-11-04 13:51:00,2011-08,True,70
18168,2009-12-03 17:29:00,2009-12-15 15:27:00,2009-12,True,12
18169,2011-10-10 12:18:00,,2011-10,False,
18170,2010-01-08 14:10:00,2010-02-05 13:57:00,2010-01,True,28
18171,2010-01-05 10:46:00,2010-03-18 15:11:00,2010-01,True,72
18172,2009-12-11 09:58:00,2010-02-16 10:10:00,2009-12,True,67
18173,2010-04-06 10:43:00,2011-03-10 11:56:00,2010-04,True,338
18174,2010-04-15 12:17:00,2011-12-02 16:56:00,2010-04,True,596
18175,2010-02-02 10:25:00,,2010-02,False,
18176,2010-12-16 15:45:00,,2010-12,False,
18177,2009-12-15 18:57:00,2010-03-21 15:25:00,2009-12,True,96
18178,2010-02-18 14:25:00,2010-03-12 15:47:00,2010-02,True,22
18179,2010-02-14 15:51:00,2010-07-05 10:48:00,2010-02,True,141
18180,2011-07-20 08:59:00,2011-07-26 08:51:00,2011-07,True,6
18181,2009-12-04 15:30:00,2010-05-25 15:36:00,2009-12,True,172
18182,2010-09-02 14:25:00,,2010-09,False,
18183,2011-03-10 10:08:00,2011-04-26 15:26:00,2011-03,True,47
18184,2011-11-24 15:28:00,,2011-11,False,
18185,2011-04-04 13:42:00,,2011-04,False,
18186,2009-12-17 10:22:00,,2009-12,False,
18187,2010-03-18 09:49:00,,2010-03,False,
18188,2010-03-26 11:37:00,2010-04-22 10:11:00,2010-03,True,27
18189,2010-03-24 09:57:00,2011-03-17 09:49:00,2010-03,True,358
18190,2009-12-22 12:05:00,2010-01-29 14:37:00,2009-12,True,38
18191,2010-08-19 17:42:00,2011-03-23 12:08:00,2010-08,True,216
18192,2011-09-29 09:53:00,,2011-09,False,
18193,2010-09-23 13:33:00,2010-11-24 12:25:00,2010-09,True,62
18194,2010-01-28 15:30:00,2010-04-08 13:21:00,2010-01,True,70
18195,2010-11-17 15:03:00,,2010-11,False,
18196,2010-03-17 14:55:00,2010-08-25 15:31:00,2010-03,True,161
18197,2010-05-13 10:46:00,,2010-05,False,
18198,2011-01-07 13:39:00,2011-02-02 10:06:00,2011-01,True,26
18199,2010-01-25 11:32:00,,2010-01,False,
18200,2011-08-25 18:45:00,,2011-08,False,
18201,2009-12-17 08:55:00,,2009-12,False,
18202,2011-02-01 13:36:00,2011-05-24 12:10:00,2011-02,True,112
18203,2009-12-08 13:19:00,2010-06-07 12:29:00,2009-12,True,181
18204,2011-05-31 15:26:00,2011-08-22 09:10:00,2011-05,True,83
18205,2011-09-26 12:02:00,2011-11-03 13:22:00,2011-09,True,38
18206,2010-06-04 13:47:00,,2010-06,False,
18207,2010-07-28 14:26:00,,2010-07,False,
18208,2010-05-23 11:54:00,,2010-05,False,
18209,2011-11-11 12:07:00,,2011-11,False,
18210,2010-11-22 09:39:00,2011-03-17 16:58:00,2010-11,True,115
18211,2011-03-06 12:09:00,2011-07-26 12:24:00,2011-03,True,142
18212,2010-01-31 14:42:00,2011-01-17 16:14:00,2010-01,True,351
18213,2011-04-17 10:21:00,,2011-04,False,
18214,2010-06-03 19:47:00,2010-06-08 17:29:00,2010-06,True,5
18215,2010-03-26 13:03:00,2010-06-30 16:37:00,2010-03,True,96
18216,2011-11-08 16:55:00,,2011-11,False,
18217,2010-07-01 15:39:00,2010-07-14 12:27:00,2010-07,True,13
18218,2010-02-17 15:11:00,2010-04-22 12:38:00,2010-02,True,64
18219,2009-12-07 13:17:00,2010-03-08 13:24:00,2009-12,True,91
18220,2009-12-15 11:42:00,2010-05-06 10:04:00,2009-12,True,142
18221,2010-11-14 15:46:00,2011-05-12 14:13:00,2010-11,True,179
18222,2011-09-08 10:45:00,,2011-09,False,
18223,2009-12-04 12:20:00,2009-12-17 15:03:00,2009-12,True,13
18224,2011-03-21 10:30:00,,2011-03,False,
18225,2009-12-04 16:52:00,2010-01-29 10:25:00,2009-12,True,56
18226,2010-03-05 10:05:00,2010-06-01 12:00:00,2010-03,True,88
18227,2010-08-12 16:45:00,2011-05-06 12:23:00,2010-08,True,267
18228,2011-09-21 10:48:00,2011-10-14 09:21:00,2011-09,True,23
18229,2009-12-03 14:42:00,2010-01-19 13:33:00,2009-12,True,47
18230,2010-07-02 10:01:00,2010-11-26 15:33:00,2010-07,True,147
18231,2010-01-10 12:13:00,2010-02-01 14:37:00,2010-01,True,22
18232,2011-05-26 16:30:00,2011-05-31 08:03:00,2011-05,True,5
18233,2011-01-18 08:44:00,,2011-01,False,
18234,2010-06-06 11:22:00,,2010-06,False,
18235,2011-05-06 13:35:00,2011-08-11 15:56:00,2011-05,True,97
18236,2010-04-15 13:39:00,2010-08-15 11:21:00,2010-04,True,122
18237,2011-07-28 13:05:00,2011-08-12 12:44:00,2011-07,True,15
18238,2010-07-12 12:51:00,,2010-07,False,
18239,2010-10-13 10:11:00,2010-12-02 17:48:00,2010-10,True,50
18240,2011-10-24 13:06:00,,2011-10,False,
18241,2010-04-01 11:55:00,2010-08-18 13:56:00,2010-04,True,139
18242,2010-01-11 08:49:00,2010-03-30 15:21:00,2010-01,True,78
18243,2010-10-21 14:29:00,,2010-10,False,
18244,2010-07-25 10:30:00,2010-10-05 11:15:00,2010-07,True,72
18245,2010-03-08 15:26:00,2010-03-26 13:08:00,2010-03,True,18
18246,2010-04-09 10:19:00,2011-04-20 13:55:00,2010-04,True,376
18247,2010-03-18 15:52:00,2010-06-08 14:22:00,2010-03,True,82
18248,2011-06-06 13:18:00,2011-08-09 10:19:00,2011-06,True,64
18249,2011-11-22 15:07:00,,2011-11,False,
18250,2011-02-02 13:16:00,,2011-02,False,
18251,2009-12-22 12:01:00,2010-03-11 10:13:00,2009-12,True,79
18252,2009-12-18 16:13:00,2009-12-23 10:17:00,2009-12,True,5
18253,2010-03-07 12:38:00,,2010-03,False,
18254,2010-05-07 14:37:00,,2010-05,False,
18255,2010-09-09 16:31:00,2011-09-11 13:16:00,2010-09,True,367
18256,2010-11-17 08:53:00,,2010-11,False,
18257,2010-02-18 16:20:00,2010-05-27 14:40:00,2010-02,True,98
18258,2010-05-16 11:35:00,2010-05-16 11:37:00,2010-05,True,0
18259,2009-12-08 08:38:00,2010-01-28 16:39:00,2009-12,True,51
18260,2009-12-15 13:50:00,2010-04-28 15:01:00,2009-12,True,134
18261,2011-09-05 09:34:00,2011-10-27 15:36:00,2011-09,True,52
18262,2010-04-16 09:05:00,2010-11-11 13:30:00,2010-04,True,209
18263,2011-04-01 11:48:00,2011-07-07 10:04:00,2011-04,True,97
18264,2010-07-29 10:02:00,,2010-07,False,
18265,2011-07-04 15:26:00,2011-09-28 14:10:00,2011-07,True,86
18266,2010-10-01 15:33:00,,2010-10,False,
18267,2010-02-05 08:43:00,,2010-02,False,
18268,2009-12-11 10:27:00,2010-01-14 09:33:00,2009-12,True,34
18269,2010-12-08 13:53:00,,2010-12,False,
18270,2010-10-03 10:49:00,2011-03-18 12:41:00,2010-10,True,166
18271,2009-12-08 11:27:00,2010-04-09 09:26:00,2009-12,True,122
18272,2010-03-04 12:53:00,2010-04-22 14:07:00,2010-03,True,49
18273,2010-04-28 12:24:00,2011-03-27 11:22:00,2010-04,True,333
18274,2011-11-09 17:03:00,,2011-11,False,
18275,2009-12-08 16:23:00,2010-05-10 15:46:00,2009-12,True,153
18276,2009-12-10 17:14:00,2010-04-20 10:40:00,2009-12,True,131
18277,2010-08-02 10:26:00,2010-08-02 10:27:00,2010-08,True,0
18278,2010-10-31 12:13:00,2011-09-27 11:58:00,2010-10,True,331
18279,2010-07-08 14:48:00,,2010-07,False,
18280,2010-11-10 15:51:00,2011-03-07 09:52:00,2010-11,True,117
18281,2010-05-11 10:49:00,2011-06-12 10:53:00,2010-05,True,397
18282,2011-08-05 13:35:00,2011-12-02 11:43:00,2011-08,True,119
18283,2010-02-19 17:16:00,2010-03-02 13:28:00,2010-02,True,11
18284,2010-10-04 11:33:00,,2010-10,False,
18285,2010-02-17 10:24:00,,2010-02,False,
18286,2009-12-16 10:45:00,2010-08-20 11:57:00,2009-12,True,247
18287,2010-05-17 11:55:00,2010-09-21 12:17:00,2010-05,True,127
