CustomerID,Recency,Frequency,Monetary,R_Score,F_Score,M_Score,RFM_Code,RFM_Total,Segment,FirstPurchaseDate,LastPurchaseDate,UnitsPurchased,ActiveLifespanDays,AverageOrderValue
12346,326,3,77352.96,2,3,5,235,10,At Risk,2010-03-02 13:08:00,2011-01-18 10:01:00,74239,322,25784.32
12347,3,8,4921.53,5,4,5,545,14,Champions,2010-10-31 14:20:00,2011-12-07 15:52:00,2967,402,615.19125
12348,76,5,1658.4,3,4,4,344,11,Loyal Customers,2010-09-27 14:59:00,2011-09-25 13:13:00,2704,363,331.68
12349,19,3,3678.69,5,3,5,535,13,Potential Loyalists,2010-04-29 13:20:00,2011-11-21 09:51:00,1621,571,1226.23
12350,311,1,294.4,2,1,2,212,5,Hibernating,2011-02-02 16:01:00,2011-02-02 16:01:00,196,0,294.4
12351,376,1,300.93,2,1,2,212,5,Hibernating,2010-11-29 15:23:00,2010-11-29 15:23:00,261,0,300.93
12352,37,9,1729.54,4,5,4,454,13,Champions,2010-11-12 10:20:00,2011-11-03 14:37:00,714,356,192.171111111
12353,205,2,406.76,2,2,2,222,6,Hibernating,2010-10-27 12:44:00,2011-05-19 17:47:00,212,204,203.38
12354,233,1,1079.4,2,1,3,213,6,Hibernating,2011-04-21 13:11:00,2011-04-21 13:11:00,530,0,1079.4
12355,215,2,947.61,2,2,3,223,7,Hibernating,2010-05-21 11:59:00,2011-05-09 13:49:00,543,353,473.805
12356,23,6,5613.68,4,4,5,445,13,Champions,2010-10-11 09:42:00,2011-11-17 08:40:00,3377,402,935.613333333
12357,34,2,17437.66,4,2,5,425,11,Potential Loyalists,2010-11-16 10:05:00,2011-11-06 16:07:00,6586,355,8718.83
12358,2,5,3447.07,5,4,5,545,14,Champions,2009-12-08 07:59:00,2011-12-08 10:26:00,1068,730,689.414
12359,58,10,8935.94,4,5,5,455,14,Champions,2009-12-05 13:32:00,2011-10-13 12:47:00,2752,677,893.594
12360,53,6,3612.89,4,4,5,445,13,Champions,2010-02-22 09:32:00,2011-10-18 15:22:00,2443,603,602.148333333
12361,288,4,451.25,2,3,2,232,7,At Risk,2010-01-26 14:37:00,2011-02-25 13:51:00,231,395,112.8125
12362,4,10,4737.23,5,5,5,555,15,Champions,2011-02-17 10:30:00,2011-12-06 15:40:00,2197,292,473.723
12363,110,2,552,3,2,2,322,7,Need Attention,2011-04-11 13:29:00,2011-08-22 10:18:00,408,133,276
12364,8,4,1208.1,5,3,3,533,11,Potential Loyalists,2011-08-19 15:24:00,2011-12-02 10:22:00,1499,105,302.025
12365,292,1,320.69,2,1,2,212,5,Hibernating,2011-02-21 13:51:00,2011-02-21 13:51:00,173,0,320.69
12366,634,1,500.24,1,1,2,112,4,Lost,2010-03-16 10:28:00,2010-03-16 10:28:00,296,0,500.24
12367,5,1,150.9,5,1,1,511,7,New Customers,2011-12-05 16:48:00,2011-12-05 16:48:00,172,0,150.9
12368,629,1,917.7,1,1,3,113,5,Lost,2010-03-21 15:56:00,2010-03-21 15:56:00,330,0,917.7
12369,414,3,1511.15,1,3,4,134,8,At Risk,2010-03-08 08:09:00,2010-10-22 13:13:00,1234,228,503.716666667
12370,52,7,3960.31,4,4,5,445,13,Champions,2010-02-09 09:41:00,2011-10-19 14:51:00,2596,617,565.758571429
12371,60,4,3347.38,3,3,5,335,11,Promising,2010-03-04 18:23:00,2011-10-11 10:43:00,1418,586,836.845
12372,72,3,1196.04,3,3,3,333,9,Promising,2011-02-16 12:46:00,2011-09-29 12:12:00,788,225,398.68
12373,312,3,927.65,2,3,3,233,8,At Risk,2010-02-04 12:08:00,2011-02-01 13:10:00,511,362,309.216666667
12374,26,3,2669.22,4,3,4,434,11,Potential Loyalists,2010-04-30 14:01:00,2011-11-14 15:37:00,1354,563,889.74
12375,11,2,377.5,5,2,2,522,9,Potential Loyalists,2011-09-02 14:23:00,2011-11-29 10:36:00,176,88,188.75
12376,390,2,383.15,2,2,2,222,6,Hibernating,2010-10-18 08:42:00,2010-11-15 12:15:00,237,28,191.575
12377,316,4,3266.32,2,3,5,235,10,At Risk,2010-04-29 15:34:00,2011-01-28 15:45:00,2101,274,816.58
12378,130,2,5416.32,3,2,5,325,10,Promising,2010-05-26 14:07:00,2011-08-02 10:34:00,3316,433,2708.16
12379,82,4,1470.22,3,3,4,334,10,Promising,2010-06-23 12:49:00,2011-09-19 10:09:00,805,453,367.555
12380,22,8,7210.65,4,4,5,445,13,Champions,2010-02-15 12:05:00,2011-11-18 11:27:00,3314,641,901.33125
12381,5,3,1474.81,5,3,4,534,12,Potential Loyalists,2011-08-12 09:57:00,2011-12-05 12:44:00,797,115,491.603333333
12383,185,5,1628.56,3,4,4,344,11,Loyal Customers,2010-12-22 14:28:00,2011-06-08 08:02:00,1518,168,325.712
12384,29,2,425.27,4,2,2,422,8,Potential Loyalists,2011-08-10 11:23:00,2011-11-11 08:39:00,122,93,212.635
12385,380,1,1668.4,2,1,4,214,7,Hibernating,2010-11-25 15:14:00,2010-11-25 15:14:00,594,0,1668.4
12386,338,2,401.9,2,2,2,222,6,Hibernating,2010-12-08 09:53:00,2011-01-06 12:37:00,354,29,200.95
12387,416,1,143.94,1,1,1,111,3,Lost,2010-10-20 16:27:00,2010-10-20 16:27:00,134,0,143.94
12388,16,8,3901.11,5,4,5,545,14,Champions,2010-05-06 12:54:00,2011-11-24 12:30:00,2001,567,487.63875
12389,403,3,1433.33,2,3,4,234,9,At Risk,2010-02-22 10:15:00,2010-11-02 11:52:00,614,253,477.776666667
12390,80,1,504.84,3,1,2,312,6,Need Attention,2011-09-21 09:33:00,2011-09-21 09:33:00,350,0,504.84
12391,22,6,2773.42,4,4,4,444,12,Champions,2010-02-15 10:12:00,2011-11-18 12:07:00,1220,641,462.236666667
12392,592,1,234.75,1,1,1,111,3,Lost,2010-04-27 14:04:00,2010-04-27 14:04:00,73,0,234.75
12393,73,6,2399.45,3,4,4,344,11,Loyal Customers,2010-10-07 13:49:00,2011-09-28 15:41:00,1311,356,399.908333333
12394,64,2,1080.48,3,2,3,323,8,Promising,2011-05-06 14:01:00,2011-10-07 08:08:00,808,154,540.24
12395,20,15,4241.17,5,5,5,555,15,Champions,2010-04-16 10:16:00,2011-11-20 15:21:00,3175,583,282.744666667
12396,675,1,931.43,1,1,3,113,5,Lost,2010-02-03 13:22:00,2010-02-03 13:22:00,591,0,931.43
12397,36,2,2214.9,4,2,4,424,10,Potential Loyalists,2011-07-27 14:21:00,2011-11-04 09:52:00,1250,100,1107.45
12398,46,1,1435.66,4,1,4,414,9,Promising,2011-10-25 10:27:00,2011-10-25 10:27:00,1389,0,1435.66
12399,120,7,1842.3,3,4,4,344,11,Loyal Customers,2010-03-05 08:45:00,2011-08-12 13:15:00,2190,525,263.185714286
12400,415,1,205.25,1,1,1,111,3,Lost,2010-10-21 13:45:00,2010-10-21 13:45:00,91,0,205.25
12401,304,1,69.3,2,1,1,211,4,Hibernating,2011-02-09 13:50:00,2011-02-09 13:50:00,10,0,69.3
12402,324,6,1136.9,2,4,3,243,9,At Risk,2010-02-07 12:41:00,2011-01-20 13:49:00,576,347,189.483333333
12403,50,2,947.36,4,2,3,423,9,Potential Loyalists,2010-07-06 11:39:00,2011-10-21 10:51:00,256,472,473.68
12405,149,1,1390.39,3,1,4,314,8,Need Attention,2011-07-14 08:52:00,2011-07-14 08:52:00,849,0,1390.39
12406,23,5,6390.36,4,4,5,445,13,Champions,2010-01-11 14:04:00,2011-11-17 19:22:00,3416,675,1278.072
12407,50,5,1507.12,4,4,4,444,12,Champions,2011-03-20 13:21:00,2011-10-21 10:11:00,1403,215,301.424
12408,33,8,3905.77,4,4,5,445,13,Champions,2010-07-29 13:27:00,2011-11-07 12:27:00,2200,466,488.22125
12409,79,7,23419.29,3,4,5,345,12,Loyal Customers,2010-05-23 15:21:00,2011-09-22 10:38:00,13143,487,3345.61285714
12410,309,3,773.71,2,3,3,233,8,At Risk,2010-07-25 13:26:00,2011-02-04 10:39:00,335,194,257.903333333
12411,410,1,346.9,1,1,2,112,4,Lost,2010-10-26 09:25:00,2010-10-26 09:25:00,138,0,346.9
12412,75,6,2404.93,3,4,4,344,11,Loyal Customers,2010-06-18 13:22:00,2011-09-26 10:16:00,1986,465,400.821666667
12413,67,4,871.45,3,3,3,333,9,Promising,2010-11-02 13:26:00,2011-10-04 09:00:00,313,336,217.8625
12414,218,4,532.41,2,3,2,232,7,At Risk,2010-09-02 12:22:00,2011-05-06 14:51:00,489,246,133.1025
12415,25,24,144033.37,4,5,5,455,14,Champions,2010-06-30 08:30:00,2011-11-15 14:22:00,91443,503,6001.39041667
12416,657,1,202.56,1,1,1,111,3,Lost,2010-02-21 10:19:00,2010-02-21 10:19:00,132,0,202.56
12417,4,20,6017.91,5,5,5,555,15,Champions,2009-12-06 10:30:00,2011-12-06 14:52:00,2841,730,300.8955
12418,113,4,2021.2,3,3,4,334,10,Promising,2010-03-19 14:47:00,2011-08-19 11:08:00,1088,518,505.3
12419,386,2,391.01,2,2,2,222,6,Hibernating,2010-10-22 10:40:00,2010-11-19 10:04:00,227,28,195.505
12420,64,1,600.39,3,1,2,312,6,Need Attention,2011-10-07 08:55:00,2011-10-07 08:55:00,345,0,600.39
12421,16,6,874.6,5,4,3,543,12,Loyal Customers,2010-07-22 13:57:00,2011-11-24 09:07:00,644,490,145.766666667
12422,96,12,3639.35,3,5,5,355,13,Loyal Customers,2009-12-18 12:44:00,2011-09-05 09:48:00,2579,626,303.279166667
12423,1,10,2301.39,5,5,4,554,14,Champions,2010-08-31 09:31:00,2011-12-09 10:10:00,1772,465,230.139
12424,163,4,3340.03,3,3,5,335,11,Promising,2010-06-09 15:15:00,2011-06-30 12:06:00,2025,386,835.0075
12425,79,2,1741.41,3,2,4,324,9,Promising,2010-09-17 14:10:00,2011-09-22 17:31:00,1147,370,870.705
12426,195,2,1201.21,2,2,3,223,7,Hibernating,2010-02-15 08:41:00,2011-05-29 12:26:00,576,468,600.605
12427,22,3,699.8,4,3,3,433,10,Potential Loyalists,2010-12-03 10:44:00,2011-11-18 08:56:00,526,350,233.266666667
12428,26,8,6405.26,4,4,5,445,13,Champions,2011-03-01 09:33:00,2011-11-14 08:22:00,3509,258,800.6575
12429,10,8,5842.41,5,4,5,545,14,Champions,2010-06-11 13:28:00,2011-11-30 17:22:00,2871,537,730.30125
12430,44,1,216.4,4,1,1,411,6,Promising,2011-10-27 15:09:00,2011-10-27 15:09:00,116,0,216.4
12431,36,25,10169.72,4,5,5,455,14,Champions,2010-01-15 09:04:00,2011-11-04 11:55:00,4588,658,406.7888
12432,43,4,4359.32,4,3,5,435,12,Potential Loyalists,2011-06-20 13:27:00,2011-10-28 11:43:00,1800,130,1089.83
12433,1,10,16794.14,5,5,5,555,15,Champions,2010-08-20 09:23:00,2011-12-09 10:02:00,13534,476,1679.414
12434,85,3,1103.43,3,3,3,333,9,Promising,2010-11-23 13:38:00,2011-09-16 12:38:00,532,297,367.81
12435,80,6,13925.93,3,4,5,345,12,Loyal Customers,2009-12-02 13:58:00,2011-09-21 09:06:00,4958,658,2320.98833333
12436,100,1,429.01,3,1,2,312,6,Need Attention,2011-09-01 12:09:00,2011-09-01 12:09:00,209,0,429.01
12437,2,38,11282.4,5,5,5,555,15,Champions,2009-12-02 16:24:00,2011-12-08 11:35:00,7922,736,296.905263158
12438,15,2,2466.85,5,2,4,524,11,Potential Loyalists,2011-07-22 13:29:00,2011-11-25 13:28:00,1169,126,1233.425
12439,683,2,1158.18,1,2,3,123,6,Lost,2009-12-14 08:40:00,2010-01-26 12:11:00,484,43,579.09
12440,463,2,739.2,1,2,3,123,6,Lost,2009-12-22 12:03:00,2010-09-03 13:11:00,328,255,369.6
12441,367,1,155.55,2,1,1,211,4,Hibernating,2010-12-08 10:45:00,2010-12-08 10:45:00,120,0,155.55
12442,4,1,144.06,5,1,1,511,7,New Customers,2011-12-06 14:22:00,2011-12-06 14:22:00,181,0,144.06
12443,733,1,365.31,1,1,2,112,4,Lost,2009-12-07 15:42:00,2009-12-07 15:42:00,179,0,365.31
12444,22,5,4085.46,4,4,5,445,13,Champions,2011-06-21 14:00:00,2011-11-18 13:23:00,1130,150,817.092
12445,23,2,378.98,4,2,2,422,8,Potential Loyalists,2010-10-15 12:28:00,2011-11-17 18:43:00,204,398,189.49
12446,58,1,1002.31,4,1,3,413,8,Promising,2011-10-13 12:50:00,2011-10-13 12:50:00,351,0,1002.31
12447,244,1,431.49,2,1,2,212,5,Hibernating,2011-04-10 13:25:00,2011-04-10 13:25:00,187,0,431.49
12448,45,1,365.45,4,1,2,412,7,Promising,2011-10-26 13:46:00,2011-10-26 13:46:00,240,0,365.45
12449,23,5,4274.89,4,4,5,445,13,Champions,2010-09-27 09:37:00,2011-11-17 13:46:00,2247,416,854.978
12450,157,5,688.2,3,4,3,343,10,Loyal Customers,2010-08-22 13:11:00,2011-07-06 14:41:00,442,318,137.64
12451,11,8,12629.88,5,4,5,545,14,Champions,2010-06-28 12:58:00,2011-11-29 08:40:00,9358,519,1578.735
12452,17,1,348.57,5,1,2,512,8,New Customers,2011-11-23 08:05:00,2011-11-23 08:05:00,181,0,348.57
12453,135,1,707.09,3,1,3,313,7,Need Attention,2011-07-28 14:08:00,2011-07-28 14:08:00,473,0,707.09
12454,57,4,16459.78,4,3,5,435,12,Potential Loyalists,2010-10-14 17:33:00,2011-10-14 17:13:00,7702,365,4114.945
12455,74,9,5722.95,3,5,5,355,13,Loyal Customers,2009-12-18 12:33:00,2011-09-27 15:31:00,3295,648,635.883333333
12456,45,3,2581.04,4,3,4,434,11,Potential Loyalists,2011-03-30 09:12:00,2011-10-26 14:41:00,1618,210,860.346666667
12457,67,7,2555.91,3,4,4,344,11,Loyal Customers,2010-09-30 17:59:00,2011-10-04 13:13:00,1083,369,365.13
12458,72,4,1502.49,3,3,4,334,10,Promising,2010-08-09 10:33:00,2011-09-29 15:25:00,979,416,375.6225
12459,606,1,398.36,1,1,2,112,4,Lost,2010-04-13 14:53:00,2010-04-13 14:53:00,256,0,398.36
12460,457,1,296.65,1,1,2,112,4,Lost,2010-09-09 13:51:00,2010-09-09 13:51:00,168,0,296.65
12461,155,1,626.88,3,1,3,313,7,Need Attention,2011-07-08 10:23:00,2011-07-08 10:23:00,282,0,626.88
12462,19,2,937.59,5,2,3,523,10,Potential Loyalists,2011-02-09 14:44:00,2011-11-21 09:11:00,527,285,468.795
12463,54,4,1200.78,4,3,3,433,10,Potential Loyalists,2011-04-12 12:47:00,2011-10-17 13:44:00,768,188,300.195
12464,11,8,957.05,5,4,3,543,12,Loyal Customers,2011-02-03 13:30:00,2011-11-29 13:33:00,95,299,119.63125
12465,18,2,682.19,5,2,3,523,10,Potential Loyalists,2011-06-23 13:37:00,2011-11-22 16:34:00,475,152,341.095
12467,424,1,132.8,1,1,1,111,3,Lost,2010-10-12 15:41:00,2010-10-12 15:41:00,129,0,132.8
12468,188,5,3238.74,2,4,5,245,11,At Risk,2010-01-26 10:09:00,2011-06-05 11:36:00,2177,495,647.748
12469,523,2,3070.54,1,2,5,125,8,Lost,2010-06-21 10:30:00,2010-07-05 12:40:00,2552,14,1535.27
12470,690,1,211.95,1,1,1,111,3,Lost,2010-01-19 11:01:00,2010-01-19 11:01:00,95,0,211.95
12471,3,71,35145.5,5,5,5,555,15,Champions,2009-12-07 10:41:00,2011-12-07 15:43:00,16636,730,495.007042254
12472,33,19,14971.29,4,5,5,455,14,Champions,2009-12-14 10:49:00,2011-11-07 14:01:00,10307,693,787.962631579
12473,54,3,2596.23,4,3,4,434,11,Potential Loyalists,2011-06-01 10:15:00,2011-10-17 11:27:00,2419,138,865.41
12474,18,29,11362.45,5,5,5,555,15,Champions,2010-02-11 09:41:00,2011-11-22 14:39:00,7895,649,391.80862069
12475,54,2,1065.64,4,2,3,423,9,Potential Loyalists,2010-10-26 08:49:00,2011-10-17 10:10:00,766,356,532.82
12476,16,18,12351.41,5,5,5,555,15,Champions,2010-07-26 09:04:00,2011-11-24 12:40:00,5547,486,686.189444444
12477,23,9,20276.37,4,5,5,455,14,Champions,2010-03-26 14:01:00,2011-11-17 09:51:00,6119,601,2252.93
12478,4,1,545.99,5,1,2,512,8,New Customers,2011-12-06 09:56:00,2011-12-06 09:56:00,233,0,545.99
12479,12,1,473.2,5,1,2,512,8,New Customers,2011-11-28 13:26:00,2011-11-28 13:26:00,382,0,473.2
12480,29,7,4834.85,4,4,5,445,13,Champions,2010-07-20 13:21:00,2011-11-11 14:52:00,2917,479,690.692857143
12481,23,14,11050.01,4,5,5,455,14,Champions,2010-04-11 13:10:00,2011-11-17 08:29:00,7120,585,789.286428571
12482,577,27,21941.72,1,5,5,155,11,At Risk,2010-02-24 10:24:00,2010-05-12 16:51:00,27040,77,812.656296296
12483,18,19,4092.58,5,5,5,555,15,Champions,2010-01-31 13:28:00,2011-11-22 17:02:00,2143,660,215.398947368
12484,36,9,5573.15,4,5,5,455,14,Champions,2010-01-27 16:41:00,2011-11-04 15:18:00,3242,646,619.238888889
12485,530,1,708.1,1,1,3,113,5,Lost,2010-06-28 15:22:00,2010-06-28 15:22:00,414,0,708.1
12486,432,1,917.28,1,1,3,113,5,Lost,2010-10-04 12:14:00,2010-10-04 12:14:00,520,0,917.28
12487,731,1,285.3,1,1,1,111,3,Lost,2009-12-09 11:36:00,2009-12-09 11:36:00,174,0,285.3
12488,10,3,1244.66,5,3,4,534,12,Potential Loyalists,2011-09-25 10:34:00,2011-11-30 08:50:00,526,66,414.886666667
12489,337,1,298.93,2,1,2,212,5,Hibernating,2011-01-07 13:13:00,2011-01-07 13:13:00,103,0,298.93
12490,6,20,8764.64,5,5,5,555,15,Champions,2009-12-01 12:52:00,2011-12-04 16:07:00,5849,733,438.232
12491,39,1,424.4,4,1,2,412,7,Promising,2011-11-01 12:18:00,2011-11-01 12:18:00,258,0,424.4
12492,64,3,607.21,3,3,3,333,9,Promising,2010-11-01 14:58:00,2011-10-07 15:15:00,438,340,202.403333333
12493,166,2,379.74,3,2,2,322,7,Need Attention,2011-05-26 14:53:00,2011-06-27 10:17:00,204,32,189.87
12494,16,9,1563.27,5,5,4,554,14,Champions,2010-05-12 13:52:00,2011-11-24 09:34:00,965,561,173.696666667
12495,641,1,277.4,1,1,1,111,3,Lost,2010-03-09 10:53:00,2010-03-09 10:53:00,128,0,277.4
12496,621,2,54.09,1,2,1,121,4,Lost,2010-03-29 13:57:00,2010-03-29 14:06:00,33,0,27.045
12497,82,3,5996.5,3,3,5,335,11,Promising,2010-03-05 09:39:00,2011-09-19 12:29:00,5671,563,1998.83333333
12498,22,3,349.7,4,3,2,432,9,Potential Loyalists,2011-10-13 09:30:00,2011-11-18 12:53:00,156,36,116.566666667
12499,561,1,357.72,1,1,2,112,4,Lost,2010-05-28 15:12:00,2010-05-28 15:12:00,300,0,357.72
12500,24,18,5559.21,4,5,5,455,14,Champions,2010-02-04 15:05:00,2011-11-16 16:20:00,3355,650,308.845
12501,337,1,2025.39,2,1,4,214,7,Hibernating,2011-01-07 12:28:00,2011-01-07 12:28:00,1775,0,2025.39
12502,96,5,2995.87,3,4,5,345,12,Loyal Customers,2011-02-03 10:41:00,2011-09-05 11:52:00,794,214,599.174
12503,585,1,896,1,1,3,113,5,Lost,2010-05-04 13:59:00,2010-05-04 13:59:00,560,0,896
12504,19,4,689.05,5,3,3,533,11,Potential Loyalists,2010-04-22 10:24:00,2011-11-21 16:02:00,453,578,172.2625
12505,409,1,787.2,2,1,3,213,6,Hibernating,2010-10-27 09:18:00,2010-10-27 09:18:00,318,0,787.2
12506,233,1,73.5,2,1,1,211,4,Hibernating,2011-04-21 08:54:00,2011-04-21 08:54:00,23,0,73.5
12507,135,4,1508.06,3,3,4,334,10,Promising,2010-05-04 09:23:00,2011-07-28 17:09:00,1244,450,377.015
12508,27,2,398.27,4,2,2,422,8,Potential Loyalists,2011-11-10 16:27:00,2011-11-13 15:37:00,272,3,199.135
12509,285,1,158.5,2,1,1,211,4,Hibernating,2011-02-28 14:45:00,2011-02-28 14:45:00,54,0,158.5
12510,143,7,3039.03,3,4,5,345,12,Loyal Customers,2009-12-04 13:47:00,2011-07-20 10:15:00,2021,593,434.147142857
12511,429,1,3084.02,1,1,5,115,7,Lost,2010-10-07 10:39:00,2010-10-07 10:39:00,1753,0,3084.02
12512,67,2,138.03,3,2,1,321,6,Need Attention,2011-10-04 14:53:00,2011-10-04 14:55:00,99,0,69.015
12513,113,1,558.29,3,1,2,312,6,Need Attention,2011-08-19 10:51:00,2011-08-19 10:51:00,459,0,558.29
12514,268,2,1597.76,2,2,4,224,8,Hibernating,2010-03-08 12:18:00,2011-03-17 16:38:00,840,374,798.88
12515,354,1,278.7,2,1,1,211,4,Hibernating,2010-12-21 15:43:00,2010-12-21 15:43:00,128,0,278.7
12516,78,4,2288.62,3,3,4,334,10,Promising,2010-04-19 14:14:00,2011-09-23 09:13:00,1932,522,572.155
12517,29,4,2322.84,4,3,4,434,11,Potential Loyalists,2011-06-02 15:13:00,2011-11-11 13:57:00,1361,162,580.71
12518,1,5,1840.89,5,4,4,544,13,Champions,2011-08-21 13:18:00,2011-12-09 10:13:00,1306,110,368.178
12519,64,2,636.54,3,2,3,323,8,Promising,2010-08-20 08:21:00,2011-10-07 09:26:00,390,413,318.27
12520,80,5,2346.26,3,4,4,344,11,Loyal Customers,2011-03-11 11:35:00,2011-09-21 15:23:00,1423,194,469.252
12521,143,1,545.68,3,1,2,312,6,Need Attention,2011-07-20 10:51:00,2011-07-20 10:51:00,306,0,545.68
12522,40,2,156.72,4,2,1,421,7,Potential Loyalists,2011-10-19 14:41:00,2011-10-31 15:30:00,192,12,78.36
12523,20,23,4030.15,5,5,5,555,15,Champions,2009-12-07 13:46:00,2011-11-20 12:55:00,2256,713,175.223913043
12524,10,17,9794.11,5,5,5,555,15,Champions,2010-02-08 14:41:00,2011-11-30 15:31:00,7104,660,576.124117647
12525,499,3,883.73,1,3,3,133,7,At Risk,2010-03-02 14:01:00,2010-07-29 16:08:00,504,149,294.576666667
12526,1,3,1172.66,5,3,3,533,11,Potential Loyalists,2011-09-06 14:19:00,2011-12-09 12:09:00,624,94,390.886666667
12527,82,5,717.51,3,4,3,343,10,Loyal Customers,2010-06-28 15:37:00,2011-09-19 11:55:00,525,448,143.502
12528,10,6,1645.48,5,4,4,544,13,Champions,2011-01-31 09:05:00,2011-11-30 14:40:00,740,303,274.246666667
12529,529,1,316.48,1,1,2,112,4,Lost,2010-06-29 13:10:00,2010-06-29 13:10:00,192,0,316.48
12530,60,9,3381.26,3,5,5,355,13,Loyal Customers,2010-03-07 14:37:00,2011-10-11 12:34:00,2692,583,375.695555556
12531,15,2,1771.2,5,2,4,524,11,Potential Loyalists,2010-01-22 14:17:00,2011-11-25 11:12:00,1110,672,885.6
12532,31,1,313.83,4,1,2,412,7,Promising,2011-11-09 13:47:00,2011-11-09 13:47:00,151,0,313.83
12533,628,2,1223.89,1,2,4,124,7,Lost,2009-12-01 11:50:00,2010-03-22 10:56:00,696,111,611.945
12534,131,1,981.18,3,1,3,313,7,Need Attention,2011-08-01 10:26:00,2011-08-01 10:26:00,645,0,981.18
12535,92,2,716.35,3,2,3,323,8,Promising,2011-06-06 12:47:00,2011-09-09 08:48:00,219,95,358.175
12536,60,1,4279.71,3,1,5,315,9,Need Attention,2011-10-11 14:52:00,2011-10-11 14:52:00,2801,0,4279.71
12537,409,1,612.94,2,1,3,213,6,Hibernating,2010-10-27 08:36:00,2010-10-27 08:36:00,446,0,612.94
12538,30,2,640.45,4,2,3,423,9,Potential Loyalists,2010-11-26 13:02:00,2011-11-10 17:16:00,336,349,320.225
12539,23,7,11186.75,4,4,5,445,13,Champions,2009-12-23 13:00:00,2011-11-17 13:30:00,4534,694,1598.10714286
12540,20,32,19250.49,5,5,5,555,15,Champions,2009-12-07 16:56:00,2011-11-20 11:31:00,10911,713,601.5778125
12541,30,3,841.18,4,3,3,433,10,Potential Loyalists,2011-03-04 09:32:00,2011-11-10 10:40:00,675,251,280.393333333
12542,485,2,481.88,1,2,2,122,5,Lost,2010-03-09 16:26:00,2010-08-12 19:12:00,522,156,240.94
12543,449,1,840.25,1,1,3,113,5,Lost,2010-09-17 15:51:00,2010-09-17 15:51:00,683,0,840.25
12544,37,1,316.7,4,1,2,412,7,Promising,2011-11-03 16:15:00,2011-11-03 16:15:00,134,0,316.7
12545,76,2,832.39,3,2,3,323,8,Promising,2011-03-25 12:04:00,2011-09-25 13:39:00,517,184,416.195
12546,47,2,1021.5,4,2,3,423,9,Potential Loyalists,2011-09-23 09:44:00,2011-10-24 12:09:00,628,31,510.75
12547,198,3,299.58,2,3,2,232,7,At Risk,2010-07-27 13:55:00,2011-05-26 12:38:00,306,303,99.86
12548,167,1,67.2,3,1,1,311,5,Need Attention,2011-06-26 15:35:00,2011-06-26 15:35:00,48,0,67.2
12549,576,5,1570.68,1,4,4,144,9,At Risk,2010-01-11 12:29:00,2010-05-13 12:05:00,1365,122,314.136
12550,80,1,824.83,3,1,3,313,7,Need Attention,2011-09-21 14:35:00,2011-09-21 14:35:00,564,0,824.83
12551,358,1,168,2,1,1,211,4,Hibernating,2010-12-17 11:23:00,2010-12-17 11:23:00,100,0,168
12552,40,1,317.82,4,1,2,412,7,Promising,2011-10-31 12:11:00,2011-10-31 12:11:00,85,0,317.82
12553,9,12,4104.75,5,5,5,555,15,Champions,2010-10-12 13:35:00,2011-12-01 16:38:00,2297,415,342.0625
12554,449,1,384.5,1,1,2,112,4,Lost,2010-09-17 12:29:00,2010-09-17 12:29:00,237,0,384.5
12556,51,2,603.71,4,2,2,422,8,Potential Loyalists,2011-07-11 13:35:00,2011-10-20 13:06:00,358,101,301.855
12557,17,8,18096.14,5,4,5,545,14,Champions,2009-12-17 10:39:00,2011-11-23 16:59:00,6382,706,2262.0175
12558,8,1,269.96,5,1,1,511,7,New Customers,2011-12-02 10:41:00,2011-12-02 10:41:00,196,0,269.96
12559,311,2,525.71,2,2,2,222,6,Hibernating,2011-01-24 10:12:00,2011-02-02 09:49:00,281,9,262.855
12560,6,2,1918.01,5,2,4,524,11,Potential Loyalists,2011-07-19 15:55:00,2011-12-04 13:54:00,1098,138,959.005
12561,303,1,238.85,2,1,1,211,4,Hibernating,2011-02-10 11:39:00,2011-02-10 11:39:00,177,0,238.85
12562,9,9,4426.92,5,5,5,555,15,Champions,2010-09-30 13:13:00,2011-12-01 17:20:00,2297,427,491.88
12563,409,1,221.24,2,1,1,211,4,Hibernating,2010-10-27 09:52:00,2010-10-27 09:52:00,112,0,221.24
12564,262,1,402.9,2,1,2,212,5,Hibernating,2011-03-23 14:55:00,2011-03-23 14:55:00,130,0,402.9
12565,289,1,145.92,2,1,1,211,4,Hibernating,2011-02-24 10:34:00,2011-02-24 10:34:00,80,0,145.92
12566,87,1,297.65,3,1,2,312,6,Need Attention,2011-09-14 14:30:00,2011-09-14 14:30:00,262,0,297.65
12567,23,15,10741.48,4,5,5,455,14,Champions,2010-02-11 10:30:00,2011-11-17 11:02:00,5251,644,716.098666667
12568,645,1,52,1,1,1,111,3,Lost,2010-03-05 09:15:00,2010-03-05 09:15:00,47,0,52
12569,3,32,3152.69,5,5,5,555,15,Champions,2011-04-01 13:47:00,2011-12-07 16:24:00,1747,250,98.5215625
12571,40,2,519.61,4,2,2,422,8,Potential Loyalists,2011-08-10 12:35:00,2011-10-31 10:19:00,523,82,259.805
12572,9,2,912.42,5,2,3,523,10,Potential Loyalists,2011-10-19 08:20:00,2011-12-01 09:20:00,446,43,456.21
12573,228,5,717.41,2,4,3,243,9,At Risk,2010-08-31 17:25:00,2011-04-26 15:52:00,479,238,143.482
12574,316,1,182.45,2,1,1,211,4,Hibernating,2011-01-28 09:20:00,2011-01-28 09:20:00,59,0,182.45
12575,458,2,568.82,1,2,2,122,5,Lost,2010-07-01 09:15:00,2010-09-08 13:09:00,312,69,284.41
12576,36,8,2062.72,4,4,4,444,12,Champions,2010-07-01 13:46:00,2011-11-04 10:11:00,1492,491,257.84
12577,36,8,1649.8,4,4,4,444,12,Champions,2009-12-03 19:31:00,2011-11-04 13:24:00,1196,701,206.225
12578,22,4,4026.45,4,3,5,435,12,Potential Loyalists,2010-09-22 11:19:00,2011-11-18 13:30:00,2358,422,1006.6125
12579,79,1,386.42,3,1,2,312,6,Need Attention,2011-09-22 17:15:00,2011-09-22 17:15:00,282,0,386.42
12580,247,2,962.9,2,2,3,223,7,Hibernating,2010-05-12 11:45:00,2011-04-07 10:24:00,564,330,481.45
12581,40,1,179.71,4,1,1,411,6,Promising,2011-10-31 08:56:00,2011-10-31 08:56:00,160,0,179.71
12582,239,4,1820.4,2,3,4,234,9,At Risk,2010-05-11 09:55:00,2011-04-15 08:45:00,981,339,455.1
12583,3,27,12493.58,5,5,5,555,15,Champions,2009-12-06 11:57:00,2011-12-07 08:07:00,8474,731,462.725185185
12584,4,9,2254.15,5,5,4,554,14,Champions,2011-03-04 15:15:00,2011-12-06 09:35:00,413,277,250.461111111
12585,235,2,1824.1,2,2,4,224,8,Hibernating,2010-12-23 12:58:00,2011-04-19 13:39:00,1267,117,912.05
12586,18,4,2062.67,5,3,4,534,12,Potential Loyalists,2009-12-16 13:15:00,2011-11-22 16:24:00,687,706,515.6675
12587,8,1,104,5,1,1,511,7,New Customers,2011-12-02 12:47:00,2011-12-02 12:47:00,50,0,104
12588,40,3,718.78,4,3,3,433,10,Potential Loyalists,2010-04-21 12:22:00,2011-10-31 15:01:00,432,558,239.593333333
12589,29,6,3294.91,4,4,5,445,13,Champions,2010-01-19 12:26:00,2011-11-11 10:19:00,1741,661,549.151666667
12590,212,1,9341.26,2,1,5,215,8,Hibernating,2011-05-12 14:46:00,2011-05-12 14:46:00,4282,0,9341.26
12591,318,3,1128.15,2,3,3,233,8,At Risk,2010-10-27 10:42:00,2011-01-26 14:35:00,669,91,376.05
12592,93,4,1723.64,3,3,4,334,10,Promising,2010-07-08 14:06:00,2011-09-08 15:04:00,1866,427,430.91
12593,109,3,382.1,3,3,2,332,8,Need Attention,2011-05-05 09:29:00,2011-08-23 12:43:00,204,110,127.366666667
12594,38,14,4890.11,4,5,5,455,14,Champions,2010-03-03 13:51:00,2011-11-02 12:20:00,2761,609,349.293571429
12595,505,1,281.02,1,1,1,111,3,Lost,2010-07-23 09:10:00,2010-07-23 09:10:00,270,0,281.02
12596,52,2,450.27,4,2,2,422,8,Potential Loyalists,2011-04-11 13:22:00,2011-10-19 13:02:00,468,191,225.135
12597,20,4,3195.22,5,3,5,535,13,Potential Loyalists,2011-03-16 14:00:00,2011-11-20 13:33:00,2214,249,798.805
12598,10,10,4192.09,5,5,5,555,15,Champions,2010-03-01 09:58:00,2011-11-30 12:18:00,2887,639,419.209
12599,30,13,2026.72,4,5,4,454,13,Champions,2010-05-11 10:42:00,2011-11-10 13:34:00,2174,548,155.901538462
12600,29,20,4385.85,4,5,5,455,14,Champions,2009-12-07 13:37:00,2011-11-11 10:29:00,1349,704,219.2925
12601,190,6,573.26,2,4,2,242,8,At Risk,2010-10-31 10:57:00,2011-06-03 10:17:00,284,215,95.5433333333
12602,59,1,153.12,4,1,1,411,6,Promising,2011-10-12 11:22:00,2011-10-12 11:22:00,162,0,153.12
12603,22,1,613.2,4,1,3,413,8,Promising,2011-11-18 10:42:00,2011-11-18 10:42:00,56,0,613.2
12604,80,2,236.18,3,2,1,321,6,Need Attention,2011-03-23 12:06:00,2011-09-21 14:08:00,200,182,118.09
12605,377,3,1124.95,2,3,3,233,8,At Risk,2010-09-07 14:21:00,2010-11-28 14:18:00,921,82,374.983333333
12607,61,1,1579.51,3,1,4,314,8,Need Attention,2011-10-10 16:06:00,2011-10-10 16:06:00,1228,0,1579.51
12608,405,1,415.79,2,1,2,212,5,Hibernating,2010-10-31 10:49:00,2010-10-31 10:49:00,323,0,415.79
12609,79,9,3021.86,3,5,5,355,13,Loyal Customers,2009-12-20 13:30:00,2011-09-22 16:34:00,1530,641,335.762222222
12610,23,4,1747.54,4,3,4,434,11,Potential Loyalists,2011-08-05 13:52:00,2011-11-17 09:34:00,1039,104,436.885
12611,53,1,1193.32,4,1,3,413,8,Promising,2011-10-18 13:12:00,2011-10-18 13:12:00,846,0,1193.32
12612,75,1,668.04,3,1,3,313,7,Need Attention,2011-09-26 15:35:00,2011-09-26 15:35:00,260,0,668.04
12613,58,9,6295.07,4,5,5,455,14,Champions,2009-12-14 13:10:00,2011-10-13 14:59:00,4133,668,699.452222222
12614,278,1,315.6,2,1,2,212,5,Hibernating,2011-03-07 10:22:00,2011-03-07 10:22:00,76,0,315.6
12615,3,8,5362.98,5,4,5,545,14,Champions,2010-03-18 14:09:00,2011-12-07 15:02:00,3296,629,670.3725
12616,96,3,1023.1,3,3,3,333,9,Promising,2010-11-16 11:38:00,2011-09-05 15:17:00,492,293,341.033333333
12617,30,1,355.53,4,1,2,412,7,Promising,2011-11-10 14:39:00,2011-11-10 14:39:00,213,0,355.53
12618,22,1,137.31,4,1,1,411,6,Promising,2011-11-18 11:10:00,2011-11-18 11:10:00,95,0,137.31
12619,17,9,3085.7,5,5,5,555,15,Champions,2010-05-28 12:52:00,2011-11-23 14:52:00,3500,544,342.855555556
12620,15,3,1303.41,5,3,4,534,12,Potential Loyalists,2011-05-19 12:10:00,2011-11-25 10:20:00,1179,190,434.47
12621,2,35,22097.2,5,5,5,555,15,Champions,2010-02-09 12:01:00,2011-12-08 11:25:00,13583,667,631.348571429
12622,233,1,162.1,2,1,1,211,4,Hibernating,2011-04-21 16:39:00,2011-04-21 16:39:00,68,0,162.1
12623,277,7,3315.84,2,4,5,245,11,At Risk,2010-01-12 11:45:00,2011-03-08 13:50:00,1947,420,473.691428571
12624,107,2,569.13,3,2,2,322,7,Need Attention,2011-06-15 12:34:00,2011-08-25 15:04:00,351,71,284.565
12625,212,4,4678.88,2,3,5,235,10,At Risk,2010-04-22 11:33:00,2011-05-12 09:54:00,3282,385,1169.72
12626,24,9,5954.48,4,5,5,455,14,Champions,2011-01-17 11:01:00,2011-11-16 16:06:00,3416,303,661.608888889
12627,11,6,4082.53,5,4,5,545,14,Champions,2011-07-22 13:59:00,2011-11-29 12:07:00,2730,130,680.421666667
12628,5,3,732.46,5,3,3,533,11,Potential Loyalists,2011-10-06 09:28:00,2011-12-05 13:15:00,445,60,244.153333333
12629,386,2,1198.22,2,2,3,223,7,Hibernating,2010-10-12 16:40:00,2010-11-19 09:18:00,713,38,599.11
12630,10,2,1030.88,5,2,3,523,10,Potential Loyalists,2011-10-27 10:41:00,2011-11-30 10:48:00,542,34,515.44
12631,58,6,3321.57,4,4,5,445,13,Champions,2010-01-15 14:50:00,2011-10-13 13:53:00,1603,636,553.595
12632,521,2,714.88,1,2,3,123,6,Lost,2010-05-24 09:07:00,2010-07-07 09:39:00,689,44,357.44
12633,59,7,5156.16,4,4,5,445,13,Champions,2010-07-02 11:44:00,2011-10-12 11:40:00,3209,467,736.594285714
12634,549,1,360,1,1,2,112,4,Lost,2010-06-09 15:41:00,2010-06-09 15:41:00,336,0,360
12635,90,4,2624.41,3,3,4,334,10,Promising,2010-09-09 10:50:00,2011-09-11 11:04:00,1932,367,656.1025
12637,68,12,8142.31,3,5,5,355,13,Loyal Customers,2010-06-14 13:36:00,2011-10-03 13:46:00,4273,476,678.525833333
12638,34,2,681.49,4,2,3,423,9,Potential Loyalists,2010-03-10 10:30:00,2011-11-06 13:11:00,657,606,340.745
12639,239,3,1072.37,2,3,3,233,8,At Risk,2010-03-22 09:05:00,2011-04-15 12:48:00,625,389,357.456666667
12640,24,3,994.58,4,3,3,433,10,Potential Loyalists,2011-09-19 12:01:00,2011-11-16 11:52:00,301,58,331.526666667
12641,116,1,145.9,3,1,1,311,5,Need Attention,2011-08-16 13:26:00,2011-08-16 13:26:00,71,0,145.9
12642,26,3,905.26,4,3,3,433,10,Potential Loyalists,2011-08-24 09:23:00,2011-11-14 15:03:00,546,82,301.753333333
12643,129,11,7849.42,3,5,5,355,13,Loyal Customers,2010-04-07 14:16:00,2011-08-03 12:56:00,4762,483,713.583636364
12644,130,4,1900.49,3,3,4,334,10,Promising,2010-01-14 13:02:00,2011-08-02 10:33:00,1031,565,475.1225
12645,34,8,3215.3,4,4,5,445,13,Champions,2010-02-09 10:49:00,2011-11-06 12:38:00,2107,635,401.9125
12646,5,2,1346.97,5,2,4,524,11,Potential Loyalists,2011-10-21 12:52:00,2011-12-05 10:14:00,897,45,673.485
12647,23,35,14109.55,4,5,5,455,14,Champions,2010-01-13 15:06:00,2011-11-17 12:56:00,6490,673,403.13
12648,155,4,1039,3,3,3,333,9,Promising,2010-01-07 18:38:00,2011-07-08 11:55:00,513,547,259.75
12649,108,8,2096.65,3,4,4,344,11,Loyal Customers,2010-01-12 17:24:00,2011-08-24 14:41:00,1948,589,262.08125
12650,4,1,242.44,5,1,1,511,7,New Customers,2011-12-06 16:34:00,2011-12-06 16:34:00,250,0,242.44
12651,335,4,377.75,2,3,2,232,7,At Risk,2010-08-31 15:21:00,2011-01-09 12:46:00,265,131,94.4375
12652,332,2,891.03,2,2,3,223,7,Hibernating,2010-10-01 15:16:00,2011-01-12 15:00:00,529,103,445.515
12653,149,3,4160.83,3,3,5,335,11,Promising,2010-07-01 09:56:00,2011-07-14 10:41:00,1681,378,1386.94333333
12654,11,5,529.98,5,4,2,542,11,Loyal Customers,2011-02-17 13:16:00,2011-11-29 10:10:00,260,285,105.996
12655,424,1,243.35,1,1,1,111,3,Lost,2010-10-12 09:17:00,2010-10-12 09:17:00,79,0,243.35
12656,18,8,5723.83,5,4,5,545,14,Champions,2010-05-26 09:00:00,2011-11-22 13:42:00,2822,545,715.47875
12657,12,4,1427.18,5,3,4,534,12,Potential Loyalists,2011-09-22 11:40:00,2011-11-28 15:47:00,1032,67,356.795
12658,19,1,632.05,5,1,3,513,9,New Customers,2011-11-21 10:22:00,2011-11-21 10:22:00,317,0,632.05
12659,30,1,73.68,4,1,1,411,6,Promising,2011-11-10 11:53:00,2011-11-10 11:53:00,104,0,73.68
12660,12,1,227.1,5,1,1,511,7,New Customers,2011-11-28 13:26:00,2011-11-28 13:26:00,126,0,227.1
12661,437,1,162,1,1,1,111,3,Lost,2010-09-29 16:46:00,2010-09-29 16:46:00,216,0,162
12662,1,20,6130.54,5,5,5,555,15,Champions,2010-04-01 09:50:00,2011-12-09 11:59:00,3389,617,306.527
12663,625,2,185.4,1,2,1,121,4,Lost,2010-02-09 14:28:00,2010-03-25 09:40:00,178,44,92.7
12664,9,11,5420.04,5,5,5,555,15,Champions,2009-12-13 10:28:00,2011-12-01 17:07:00,1476,718,492.730909091
12665,325,3,259.6,2,3,1,231,6,At Risk,2010-02-08 15:11:00,2011-01-19 08:34:00,162,345,86.5333333333
12666,395,1,1248.42,2,1,4,214,7,Hibernating,2010-11-10 16:40:00,2010-11-10 16:40:00,370,0,1248.42
12667,59,1,460.13,4,1,2,412,7,Promising,2011-10-12 17:00:00,2011-10-12 17:00:00,391,0,460.13
12668,12,9,9967.68,5,5,5,555,15,Champions,2010-01-31 15:45:00,2011-11-28 10:56:00,5001,666,1107.52
12669,151,2,1427.73,3,2,4,324,9,Promising,2011-03-28 10:15:00,2011-07-12 09:54:00,1104,106,713.865
12670,11,7,3436.29,5,4,5,545,14,Champions,2010-02-11 10:13:00,2011-11-29 15:23:00,1609,656,490.898571429
12671,607,1,2622.481,1,1,4,114,6,Lost,2010-04-12 16:30:00,2010-04-12 16:30:00,1460,0,2622.481
12672,330,2,407.05,2,2,2,222,6,Hibernating,2010-04-23 09:57:00,2011-01-14 09:20:00,136,266,203.525
12673,6,3,1140.02,5,3,3,533,11,Potential Loyalists,2010-11-03 10:46:00,2011-12-04 13:55:00,695,396,380.006666667
12674,39,4,1844.6,4,3,4,434,11,Potential Loyalists,2011-05-16 09:10:00,2011-11-01 12:12:00,1126,169,461.15
12675,554,2,874.5,1,2,3,123,6,Lost,2010-05-10 16:44:00,2010-06-04 09:49:00,334,25,437.25
12676,25,10,2333.09,4,5,4,454,13,Champions,2010-08-13 13:29:00,2011-11-15 12:25:00,1854,459,233.309
12677,556,2,359.1,1,2,2,122,5,Lost,2010-02-11 13:55:00,2010-06-02 14:30:00,174,111,179.55
12678,43,15,32595.18,4,5,5,455,14,Champions,2010-01-07 16:46:00,2011-10-28 13:04:00,22346,659,2173.012
12679,59,4,951.02,4,3,3,433,10,Potential Loyalists,2011-03-01 12:26:00,2011-10-12 12:30:00,545,225,237.755
12680,1,4,790.81,5,3,3,533,11,Potential Loyalists,2011-08-18 15:44:00,2011-12-09 12:50:00,439,113,197.7025
12681,15,44,26936.76,5,5,5,555,15,Champions,2009-12-13 13:31:00,2011-11-25 11:33:00,16848,712,612.199090909
12682,4,51,20744.62,5,5,5,555,15,Champions,2009-12-01 09:28:00,2011-12-06 10:00:00,10419,735,406.757254902
12683,5,20,10445.7,5,5,5,555,15,Champions,2009-12-13 15:01:00,2011-12-05 16:28:00,6948,722,522.285
12684,8,6,2073.63,5,4,4,544,13,Champions,2011-05-10 12:55:00,2011-12-02 09:53:00,1973,206,345.605
12685,29,6,2575.08,4,4,4,444,12,Champions,2011-09-07 10:28:00,2011-11-11 13:46:00,1507,65,429.18
12686,372,1,71.14,2,1,1,211,4,Hibernating,2010-12-03 09:51:00,2010-12-03 09:51:00,106,0,71.14
12687,481,1,1858.91,1,1,4,114,6,Lost,2010-08-16 12:12:00,2010-08-16 12:12:00,1402,0,1858.91
12688,114,1,4873.81,3,1,5,315,9,Need Attention,2011-08-18 08:49:00,2011-08-18 08:49:00,3028,0,4873.81
12689,26,2,1139.61,4,2,3,423,9,Potential Loyalists,2011-08-04 10:04:00,2011-11-14 08:31:00,622,102,569.805
12690,206,1,335.01,2,1,2,212,5,Hibernating,2011-05-18 09:09:00,2011-05-18 09:09:00,103,0,335.01
12691,29,6,1044.4,4,4,3,443,11,Loyal Customers,2010-10-15 12:00:00,2011-11-11 16:49:00,438,392,174.066666667
12692,638,1,110.95,1,1,1,111,3,Lost,2010-03-12 14:02:00,2010-03-12 14:02:00,36,0,110.95
12693,128,7,1415.02,3,4,4,344,11,Loyal Customers,2010-07-05 13:56:00,2011-08-04 17:51:00,520,395,202.145714286
12694,71,3,1663.35,3,3,4,334,10,Promising,2010-10-14 19:39:00,2011-09-30 13:06:00,1345,351,554.45
12695,8,7,1371.12,5,4,4,544,13,Champions,2010-02-12 13:22:00,2011-12-02 13:22:00,452,658,195.874285714
12696,435,2,731.91,1,2,3,123,6,Lost,2010-07-19 10:02:00,2010-10-01 10:43:00,561,74,365.955
12697,29,3,757.59,4,3,3,433,10,Potential Loyalists,2011-06-23 15:44:00,2011-11-11 08:47:00,503,141,252.53
12698,591,1,285.75,1,1,1,111,3,Lost,2010-04-28 15:51:00,2010-04-28 15:51:00,108,0,285.75
12699,418,1,566.11,1,1,2,112,4,Lost,2010-10-18 12:07:00,2010-10-18 12:07:00,369,0,566.11
12700,8,4,4525.99,5,3,5,535,13,Potential Loyalists,2011-05-08 16:10:00,2011-12-02 10:47:00,2944,208,1131.4975
12701,80,6,2248.41,3,4,4,344,11,Loyal Customers,2010-03-16 13:23:00,2011-09-21 10:47:00,1716,554,374.735
12702,20,1,201,5,1,1,511,7,New Customers,2011-11-20 10:36:00,2011-11-20 10:36:00,52,0,201
12703,72,4,898.53,3,3,3,333,9,Promising,2010-01-24 12:05:00,2011-09-29 17:52:00,589,613,224.6325
12704,8,8,1740.84,5,4,4,544,13,Champions,2011-06-23 10:20:00,2011-12-02 13:15:00,991,162,217.605
12705,16,13,11114.1,5,5,5,555,15,Champions,2010-06-24 09:51:00,2011-11-24 13:17:00,7152,518,854.930769231
12707,292,1,603.42,2,1,2,212,5,Hibernating,2011-02-21 08:38:00,2011-02-21 08:38:00,256,0,603.42
12708,30,18,4559.66,4,5,5,455,14,Champions,2009-12-18 10:25:00,2011-11-10 09:52:00,2401,692,253.314444444
12709,16,32,29766.06,5,5,5,555,15,Champions,2009-12-09 13:49:00,2011-11-24 15:38:00,13814,715,930.189375
12710,97,3,1023.02,3,3,3,333,9,Promising,2011-05-22 14:05:00,2011-09-04 12:00:00,844,105,341.006666667
12711,612,2,1213.05,1,2,4,124,7,Lost,2010-02-01 11:30:00,2010-04-07 11:59:00,763,65,606.525
12712,29,21,5985.03,4,5,5,455,14,Champions,2009-12-09 10:46:00,2011-11-11 08:19:00,2164,702,285.001428571
12713,1,1,794.55,5,1,3,513,9,New Customers,2011-12-09 12:16:00,2011-12-09 12:16:00,505,0,794.55
12714,10,12,12815.71,5,5,5,555,15,Champions,2009-12-04 10:00:00,2011-11-30 15:43:00,8703,726,1067.97583333
12715,107,1,273.86,3,1,1,311,5,Need Attention,2011-08-25 15:22:00,2011-08-25 15:22:00,195,0,273.86
12716,4,2,963.49,5,2,3,523,10,Potential Loyalists,2011-07-29 13:28:00,2011-12-06 08:55:00,703,130,481.745
12717,152,3,1058.91,3,3,3,333,9,Promising,2010-04-28 14:34:00,2011-07-11 14:47:00,595,439,352.97
12718,72,1,202.25,3,1,1,311,5,Need Attention,2011-09-29 16:38:00,2011-09-29 16:38:00,201,0,202.25
12719,6,2,572.95,5,2,2,522,9,Potential Loyalists,2011-10-05 14:50:00,2011-12-04 13:45:00,370,60,286.475
12720,3,29,6905.28,5,5,5,555,15,Champions,2010-07-21 09:46:00,2011-12-07 08:03:00,5969,504,238.113103448
12721,32,8,3635.08,4,4,5,445,13,Champions,2010-08-25 11:07:00,2011-11-08 12:13:00,2634,440,454.385
12722,86,4,979.63,3,3,3,333,9,Promising,2011-07-12 11:55:00,2011-09-15 14:50:00,565,65,244.9075
12723,4,5,707.07,5,4,3,543,12,Loyal Customers,2011-10-05 15:52:00,2011-12-06 10:19:00,433,62,141.414
12724,6,7,2083.52,5,4,4,544,13,Champions,2010-06-22 14:00:00,2011-12-04 16:02:00,1366,530,297.645714286
12725,372,3,1906.76,2,3,4,234,9,At Risk,2010-05-04 13:59:00,2010-12-03 15:45:00,1136,213,635.586666667
12726,29,11,3690.6,4,5,5,455,14,Champions,2010-03-25 16:25:00,2011-11-11 13:35:00,4600,596,335.509090909
12727,11,10,4905.53,5,5,5,555,15,Champions,2010-02-23 09:54:00,2011-11-29 11:46:00,2789,644,490.553
12728,72,5,926.17,3,4,3,343,10,Loyal Customers,2010-11-21 11:34:00,2011-09-29 15:31:00,535,312,185.234
12729,114,1,417.01,3,1,2,312,6,Need Attention,2011-08-18 11:40:00,2011-08-18 11:40:00,231,0,417.01
12730,522,1,703.25,1,1,3,113,5,Lost,2010-07-06 12:19:00,2010-07-06 12:19:00,227,0,703.25
12731,24,17,25631.71,4,5,5,455,14,Champions,2010-03-02 09:23:00,2011-11-16 11:59:00,11633,624,1507.74764706
12732,180,1,218.26,3,1,1,311,5,Need Attention,2011-06-13 11:33:00,2011-06-13 11:33:00,110,0,218.26
12733,235,4,2424.02,2,3,4,234,9,At Risk,2010-01-19 13:23:00,2011-04-19 16:19:00,895,455,606.005
12734,353,3,603.65,2,3,2,232,7,At Risk,2010-11-12 13:26:00,2010-12-22 12:47:00,263,40,201.216666667
12735,316,2,689.57,2,2,3,223,7,Hibernating,2011-01-06 14:26:00,2011-01-28 13:37:00,363,22,344.785
12736,333,1,144,2,1,1,211,4,Hibernating,2011-01-11 07:57:00,2011-01-11 07:57:00,168,0,144
12738,373,1,137.35,2,1,1,211,4,Hibernating,2010-12-02 18:27:00,2010-12-02 18:27:00,147,0,137.35
12739,100,2,2421.23,3,2,4,324,9,Promising,2010-11-10 14:27:00,2011-09-01 17:45:00,948,295,1210.615
12740,64,1,427.6,3,1,2,312,6,Need Attention,2011-10-07 10:44:00,2011-10-07 10:44:00,342,0,427.6
12741,534,1,236.07,1,1,1,111,3,Lost,2010-06-24 16:24:00,2010-06-24 16:24:00,213,0,236.07
12742,626,1,1201.52,1,1,3,113,5,Lost,2010-03-24 12:43:00,2010-03-24 12:43:00,1359,0,1201.52
12743,135,2,546.43,3,2,2,322,7,Need Attention,2011-07-28 16:06:00,2011-07-28 16:21:00,319,0,273.215
12744,57,8,13158.16,4,4,5,445,13,Champions,2010-04-27 16:19:00,2011-10-14 14:54:00,6987,535,1644.77
12745,487,2,723.85,1,2,3,123,6,Lost,2010-05-14 16:50:00,2010-08-10 10:14:00,467,88,361.925
12746,541,1,254.55,1,1,1,111,3,Lost,2010-06-17 10:41:00,2010-06-17 10:41:00,97,0,254.55
12747,3,26,8917.98,5,5,5,555,15,Champions,2009-12-07 13:23:00,2011-12-07 14:34:00,2650,730,342.999230769
12748,1,322,50235.14,5,5,5,555,15,Champions,2009-12-04 17:31:00,2011-12-09 12:20:00,37523,735,156.009751553
12749,4,9,6847.36,5,5,5,555,15,Champions,2010-07-06 15:05:00,2011-12-06 09:56:00,2359,518,760.817777778
12750,129,1,275.88,3,1,1,311,5,Need Attention,2011-08-03 09:13:00,2011-08-03 09:13:00,137,0,275.88
12751,445,1,268.27,1,1,1,111,3,Lost,2010-09-21 12:49:00,2010-09-21 12:49:00,189,0,268.27
12752,82,1,4366.78,3,1,5,315,9,Need Attention,2011-09-19 13:32:00,2011-09-19 13:32:00,2262,0,4366.78
12753,23,6,21429.39,4,4,5,445,13,Champions,2010-12-12 11:44:00,2011-11-17 10:52:00,11421,340,3571.565
12754,236,3,3010.74,2,3,5,235,10,At Risk,2011-02-04 10:31:00,2011-04-18 09:00:00,6481,73,1003.58
12755,281,11,5236.26,2,5,5,255,12,At Risk,2010-01-15 11:57:00,2011-03-04 12:42:00,2293,413,476.023636364
12756,87,1,112.08,3,1,1,311,5,Need Attention,2011-09-14 09:31:00,2011-09-14 09:31:00,144,0,112.08
12757,16,9,4199.2,5,5,5,555,15,Champions,2011-05-12 19:01:00,2011-11-24 12:30:00,2394,196,466.577777778
12758,117,7,9903.24,3,4,5,345,12,Loyal Customers,2009-12-01 14:40:00,2011-08-15 10:22:00,6155,622,1414.74857143
12759,53,8,4618.74,4,4,5,445,13,Champions,2009-12-04 10:47:00,2011-10-18 14:49:00,3177,683,577.3425
12760,456,1,317.8,1,1,2,112,4,Lost,2010-09-10 08:50:00,2010-09-10 08:50:00,196,0,317.8
12761,465,1,712.95,1,1,3,113,5,Lost,2010-09-01 10:47:00,2010-09-01 10:47:00,277,0,712.95
12762,8,2,1702.52,5,2,4,524,11,Potential Loyalists,2011-11-14 14:23:00,2011-12-02 10:23:00,1220,18,851.26
12763,139,2,494.08,3,2,2,322,7,Need Attention,2010-12-05 15:46:00,2011-07-24 14:12:00,316,231,247.04
12764,317,1,1693.88,2,1,4,214,7,Hibernating,2011-01-27 10:19:00,2011-01-27 10:19:00,386,0,1693.88
12765,473,6,1299.58,1,4,4,144,9,At Risk,2010-03-08 09:43:00,2010-08-24 13:51:00,1002,169,216.596666667
12766,4,9,8134.99,5,5,5,555,15,Champions,2010-10-28 09:29:00,2011-12-06 08:46:00,4994,404,903.887777778
12767,376,1,949.82,2,1,3,213,6,Hibernating,2010-11-29 09:38:00,2010-11-29 09:38:00,598,0,949.82
12768,451,1,168.69,1,1,1,111,3,Lost,2010-09-15 12:08:00,2010-09-15 12:08:00,102,0,168.69
12769,239,1,1143.6,2,1,3,213,6,Hibernating,2011-04-15 10:25:00,2011-04-15 10:25:00,356,0,1143.6
12770,211,2,3246.45,2,2,5,225,9,Hibernating,2010-09-09 11:43:00,2011-05-13 09:33:00,1843,246,1623.225
12771,486,1,226.3,1,1,1,111,3,Lost,2010-08-11 11:51:00,2010-08-11 11:51:00,102,0,226.3
12772,60,1,752.47,3,1,3,313,7,Need Attention,2011-10-11 09:19:00,2011-10-11 09:19:00,551,0,752.47
12773,565,1,124.25,1,1,1,111,3,Lost,2010-05-24 17:30:00,2010-05-24 17:30:00,109,0,124.25
12774,536,1,83.7,1,1,1,111,3,Lost,2010-06-22 10:38:00,2010-06-22 10:38:00,52,0,83.7
12775,18,7,1551.12,5,4,4,544,13,Champions,2010-10-26 14:24:00,2011-11-22 16:33:00,1074,392,221.588571429
12776,668,1,27.5,1,1,1,111,3,Lost,2010-02-10 12:11:00,2010-02-10 12:11:00,45,0,27.5
12777,458,1,519.45,1,1,2,112,4,Lost,2010-09-08 11:35:00,2010-09-08 11:35:00,458,0,519.45
12778,20,9,1541.68,5,5,4,554,14,Champions,2010-04-16 09:57:00,2011-11-20 11:30:00,1720,583,171.297777778
12779,38,14,6474.11,4,5,5,455,14,Champions,2009-12-03 07:25:00,2011-11-02 11:43:00,3501,699,462.436428571
12780,599,1,322.4,1,1,2,112,4,Lost,2010-04-20 09:40:00,2010-04-20 09:40:00,284,0,322.4
12781,64,2,786.74,3,2,3,323,8,Promising,2011-02-28 08:43:00,2011-10-07 10:37:00,670,221,393.37
12782,5,11,3862.24,5,5,5,555,15,Champions,2010-07-08 13:31:00,2011-12-05 09:16:00,1990,515,351.112727273
12783,3,4,1295.87,5,3,4,534,12,Potential Loyalists,2011-09-25 15:35:00,2011-12-07 15:56:00,611,73,323.9675
12784,16,2,1552.75,5,2,4,524,11,Potential Loyalists,2010-06-28 13:06:00,2011-11-24 12:53:00,873,514,776.375
12785,365,3,904.4,2,3,3,233,8,At Risk,2009-12-08 13:56:00,2010-12-10 13:48:00,446,367,301.466666667
12786,610,1,668.5,1,1,3,113,5,Lost,2010-04-09 12:12:00,2010-04-09 12:12:00,320,0,668.5
12787,10,4,799.18,5,3,3,533,11,Potential Loyalists,2010-10-22 14:57:00,2011-11-30 08:44:00,506,404,199.795
12788,464,4,384.9,1,3,2,132,6,At Risk,2010-06-29 13:05:00,2010-09-02 14:21:00,190,65,96.225
12789,66,3,225.35,3,3,1,331,7,Need Attention,2010-01-15 12:06:00,2011-10-05 13:34:00,33,628,75.1166666667
12790,193,2,546.85,2,2,2,222,6,Hibernating,2010-10-25 13:04:00,2011-05-31 14:14:00,303,218,273.425
12791,374,5,656.83,2,4,3,243,9,At Risk,2010-03-25 17:29:00,2010-12-01 11:27:00,347,251,131.366
12792,257,2,715.01,2,2,3,223,7,Hibernating,2010-06-23 10:49:00,2011-03-28 11:36:00,390,278,357.505
12793,335,3,745.53,2,3,3,233,8,At Risk,2010-11-03 13:05:00,2011-01-09 12:12:00,456,67,248.51
12794,54,2,860.41,4,2,3,423,9,Potential Loyalists,2011-09-02 12:01:00,2011-10-17 14:54:00,592,45,430.205
12795,19,1,318.48,5,1,2,512,8,New Customers,2011-11-21 10:27:00,2011-11-21 10:27:00,64,0,318.48
12796,629,1,351,1,1,2,112,4,Lost,2010-03-21 15:49:00,2010-03-21 15:49:00,180,0,351
12797,366,2,468.08,2,2,2,222,6,Hibernating,2010-10-11 12:53:00,2010-12-09 10:55:00,212,59,234.04
12798,11,4,8510.93,5,3,5,535,13,Potential Loyalists,2010-10-14 12:27:00,2011-11-29 15:52:00,8455,411,2127.7325
12799,530,1,219.35,1,1,1,111,3,Lost,2010-06-28 15:57:00,2010-06-28 15:57:00,137,0,219.35
12800,471,2,500.25,1,2,2,122,5,Lost,2010-02-01 11:02:00,2010-08-26 14:11:00,281,206,250.125
12801,501,1,871.82,1,1,3,113,5,Lost,2010-07-27 09:38:00,2010-07-27 09:38:00,500,0,871.82
12802,187,5,2186.42,3,4,4,344,11,Loyal Customers,2010-05-25 09:34:00,2011-06-06 09:36:00,1956,377,437.284
12803,394,1,1017.81,2,1,3,213,6,Hibernating,2010-11-11 14:57:00,2010-11-11 14:57:00,867,0,1017.81
12804,466,2,327.02,1,2,2,122,5,Lost,2010-07-27 13:52:00,2010-08-31 11:58:00,271,35,163.51
12805,382,4,1230.95,2,3,4,234,9,At Risk,2010-02-03 09:06:00,2010-11-23 12:27:00,581,293,307.7375
12806,573,2,2558.96,1,2,4,124,7,Lost,2010-04-30 10:44:00,2010-05-16 13:49:00,2084,16,1279.48
12807,384,1,250.35,2,1,1,211,4,Hibernating,2010-11-21 14:21:00,2010-11-21 14:21:00,143,0,250.35
12808,37,5,748.7,4,4,3,443,11,Loyal Customers,2010-09-03 10:24:00,2011-11-03 10:05:00,321,426,149.74
12809,178,3,1384.34,3,3,4,334,10,Promising,2010-03-02 14:19:00,2011-06-15 10:51:00,508,470,461.446666667
12810,535,2,534.99,1,2,2,122,5,Lost,2010-02-01 09:52:00,2010-06-23 10:53:00,389,142,267.495
12811,262,4,893.9,2,3,3,233,8,At Risk,2010-10-08 12:20:00,2011-03-23 10:55:00,429,166,223.475
12812,45,1,229.64,4,1,1,411,6,Promising,2011-10-26 09:54:00,2011-10-26 09:54:00,164,0,229.64
12813,502,3,1621.8,1,3,4,134,8,At Risk,2010-01-15 16:52:00,2010-07-26 09:50:00,1134,192,540.6
12814,102,1,85.92,3,1,1,311,5,Need Attention,2011-08-30 12:11:00,2011-08-30 12:11:00,48,0,85.92
12815,148,2,863.46,3,2,3,323,8,Promising,2011-05-25 13:34:00,2011-07-15 10:21:00,374,51,431.73
12816,96,2,452.2,3,2,2,322,7,Need Attention,2011-06-16 13:24:00,2011-09-05 12:41:00,125,81,226.1
12817,282,3,570.98,2,3,2,232,7,At Risk,2010-10-01 08:57:00,2011-03-03 16:28:00,216,153,190.326666667
12818,262,1,1182.08,2,1,3,213,6,Hibernating,2011-03-23 12:06:00,2011-03-23 12:06:00,920,0,1182.08
12819,459,1,540.52,1,1,2,112,4,Lost,2010-09-07 15:20:00,2010-09-07 15:20:00,344,0,540.52
12820,4,11,2689.52,5,5,4,554,14,Champions,2009-12-05 13:37:00,2011-12-06 15:12:00,1964,731,244.501818182
12821,215,2,220.8,2,2,1,221,5,Hibernating,2010-04-07 15:14:00,2011-05-09 15:51:00,162,397,110.4
12822,71,2,948.88,3,2,3,323,8,Promising,2011-09-13 13:46:00,2011-09-30 10:04:00,550,17,474.44
12823,75,18,6501.5,3,5,5,355,13,Loyal Customers,2010-01-29 12:52:00,2011-09-26 07:35:00,930,605,361.194444444
12824,60,1,397.12,3,1,2,312,6,Need Attention,2011-10-11 12:49:00,2011-10-11 12:49:00,232,0,397.12
12825,522,2,518.63,1,2,2,122,5,Lost,2010-03-08 10:17:00,2010-07-06 13:56:00,139,120,259.315
12826,3,12,2800.75,5,5,4,554,14,Champions,2009-12-18 10:43:00,2011-12-07 10:25:00,1915,719,233.395833333
12827,6,3,430.15,5,3,2,532,10,Potential Loyalists,2011-10-26 15:44:00,2011-12-04 12:17:00,197,39,143.383333333
12828,3,6,1018.71,5,4,3,543,12,Loyal Customers,2011-08-01 16:16:00,2011-12-07 08:45:00,494,128,169.785
12829,337,3,385.3,2,3,2,232,7,At Risk,2010-06-07 15:04:00,2011-01-07 11:13:00,550,214,128.433333333
12830,38,6,6814.64,4,4,5,445,13,Champions,2011-06-21 10:53:00,2011-11-02 11:54:00,9848,134,1135.77333333
12831,263,3,451.11,2,3,2,232,7,At Risk,2010-09-02 15:58:00,2011-03-22 13:02:00,303,201,150.37
12832,33,2,383.03,4,2,2,422,8,Potential Loyalists,2011-09-02 13:48:00,2011-11-07 13:30:00,195,66,191.515
12833,146,1,417.38,3,1,2,312,6,Need Attention,2011-07-17 13:46:00,2011-07-17 13:46:00,156,0,417.38
12834,283,1,312.38,2,1,2,212,5,Hibernating,2011-03-02 09:49:00,2011-03-02 09:49:00,110,0,312.38
12835,428,41,6043.31,1,5,5,155,11,At Risk,2009-12-03 12:13:00,2010-10-08 10:59:00,2357,309,147.397804878
12836,60,15,6585.62,3,5,5,355,13,Loyal Customers,2009-12-01 14:19:00,2011-10-11 15:10:00,2236,679,439.041333333
12837,174,2,688.41,3,2,3,323,8,Promising,2010-05-19 15:10:00,2011-06-19 16:07:00,209,396,344.205
12838,34,10,3007.69,4,5,5,455,14,Champions,2010-04-26 09:59:00,2011-11-06 12:20:00,1617,559,300.769
12839,3,26,9669.12,5,5,5,555,15,Champions,2009-12-07 09:18:00,2011-12-07 12:33:00,6578,730,371.889230769
12840,144,7,4041.97,3,4,5,345,12,Loyal Customers,2010-02-03 14:51:00,2011-07-19 09:29:00,2258,531,577.424285714
12841,5,40,7034.69,5,5,5,555,15,Champions,2010-07-08 15:38:00,2011-12-05 11:13:00,5093,515,175.86725
12842,71,4,1917.99,3,3,4,334,10,Promising,2009-12-02 08:15:00,2011-09-30 15:33:00,887,667,479.4975
12843,66,28,6466.92,3,5,5,355,13,Loyal Customers,2009-12-13 11:41:00,2011-10-05 12:09:00,3028,661,230.961428571
12844,30,4,648.6,4,3,3,433,10,Potential Loyalists,2010-04-25 11:51:00,2011-11-10 13:31:00,223,564,162.15
12845,268,4,354.09,2,3,2,232,7,At Risk,2011-02-22 14:10:00,2011-03-17 13:34:00,204,23,88.5225
12847,23,2,1636.9,4,2,4,424,10,Potential Loyalists,2010-11-17 12:44:00,2011-11-17 13:16:00,1533,365,818.45
12848,676,1,208,1,1,1,111,3,Lost,2010-02-02 12:45:00,2010-02-02 12:45:00,58,0,208
12849,32,6,3064.07,4,4,5,445,13,Champions,2010-04-27 13:44:00,2011-11-08 13:41:00,1861,560,510.678333333
12850,446,1,330,1,1,2,112,4,Lost,2010-09-20 12:26:00,2010-09-20 12:26:00,200,0,330
12851,97,2,284.13,3,2,1,321,6,Need Attention,2010-08-19 15:13:00,2011-09-04 12:41:00,160,381,142.065
12852,295,1,311.55,2,1,2,212,5,Hibernating,2011-02-18 08:47:00,2011-02-18 08:47:00,149,0,311.55
12853,135,11,3907.5,3,5,5,355,13,Loyal Customers,2010-02-05 11:57:00,2011-07-28 11:29:00,1668,538,355.227272727
12854,79,7,2994.02,3,4,5,345,12,Loyal Customers,2009-12-11 12:55:00,2011-09-22 12:15:00,1635,650,427.717142857
12855,373,4,612.84,2,3,3,233,8,At Risk,2010-11-02 18:16:00,2010-12-02 09:37:00,240,30,153.21
12856,8,6,2179.93,5,4,4,544,13,Champions,2011-10-07 12:38:00,2011-12-02 10:52:00,1079,56,363.321666667
12857,211,6,3688,2,4,5,245,11,At Risk,2010-01-25 15:37:00,2011-05-13 10:20:00,1420,473,614.666666667
12858,384,1,177.92,2,1,1,211,4,Hibernating,2010-11-21 12:55:00,2010-11-21 12:55:00,63,0,177.92
12859,459,1,575.1,1,1,2,112,4,Lost,2010-09-07 12:20:00,2010-09-07 12:20:00,292,0,575.1
12860,694,1,55.47,1,1,1,111,3,Lost,2010-01-15 15:22:00,2010-01-15 15:22:00,27,0,55.47
12861,620,1,68.25,1,1,1,111,3,Lost,2010-03-30 11:39:00,2010-03-30 11:39:00,27,0,68.25
12862,426,2,1008.32,1,2,3,123,6,Lost,2010-08-01 15:20:00,2010-10-10 11:47:00,613,70,504.16
12863,53,6,2792.55,4,4,4,444,12,Champions,2010-04-29 13:54:00,2011-10-18 14:15:00,895,537,465.425
12864,139,2,299.57,3,2,2,322,7,Need Attention,2010-07-19 17:22:00,2011-07-24 13:03:00,447,370,149.785
12865,27,4,3323.47,4,3,5,435,12,Potential Loyalists,2010-08-20 12:20:00,2011-11-13 14:31:00,1973,450,830.8675
12866,284,3,1092.35,2,3,3,233,8,At Risk,2010-07-25 11:37:00,2011-03-01 14:11:00,544,219,364.116666667
12867,27,13,7913.29,4,5,5,455,14,Champions,2009-12-16 16:25:00,2011-11-13 15:30:00,7939,697,608.714615385
12868,186,8,2043.76,3,4,4,344,11,Loyal Customers,2010-11-12 10:05:00,2011-06-07 10:42:00,1170,207,255.47
12869,682,1,337.67,1,1,2,112,4,Lost,2010-01-27 12:10:00,2010-01-27 12:10:00,144,0,337.67
12870,376,3,1676.95,2,3,4,234,9,At Risk,2010-03-25 14:32:00,2010-11-29 13:42:00,906,249,558.983333333
12871,85,3,744.02,3,3,3,333,9,Promising,2010-09-26 10:34:00,2011-09-16 15:07:00,484,355,248.006666667
12872,327,12,3306.96,2,5,5,255,12,At Risk,2009-12-03 20:03:00,2011-01-17 10:52:00,1652,410,275.58
12873,283,3,2027.3,2,3,4,234,9,At Risk,2010-01-27 09:50:00,2011-03-02 14:58:00,786,399,675.766666667
12874,386,2,873.42,2,2,3,223,7,Hibernating,2010-06-03 12:51:00,2010-11-19 15:23:00,618,169,436.71
12875,144,5,1356.99,3,4,4,344,11,Loyal Customers,2010-01-11 12:37:00,2011-07-19 15:30:00,5187,554,271.398
12876,58,4,3751.79,4,3,5,435,12,Potential Loyalists,2010-04-28 13:26:00,2011-10-13 12:26:00,3025,533,937.9475
12877,4,20,2955.17,5,5,5,555,15,Champions,2010-01-18 10:23:00,2011-12-06 10:30:00,2262,687,147.7585
12878,237,2,854.99,2,2,3,223,7,Hibernating,2011-03-18 14:02:00,2011-04-17 13:07:00,547,30,427.495
12879,45,3,573.22,4,3,2,432,9,Potential Loyalists,2011-09-09 12:11:00,2011-10-26 12:24:00,370,47,191.073333333
12880,382,2,640.13,2,2,3,223,7,Hibernating,2010-05-14 11:57:00,2010-11-23 10:50:00,279,193,320.065
12881,276,1,298,2,1,2,212,5,Hibernating,2011-03-09 11:44:00,2011-03-09 11:44:00,21,0,298
12882,10,2,1463.04,5,2,4,524,11,Potential Loyalists,2011-11-06 11:22:00,2011-11-30 16:18:00,246,24,731.52
12883,25,4,703.47,4,3,3,433,10,Potential Loyalists,2011-09-11 15:18:00,2011-11-15 09:32:00,196,65,175.8675
12884,89,1,309.05,3,1,2,312,6,Need Attention,2011-09-12 13:10:00,2011-09-12 13:10:00,43,0,309.05
12885,64,3,1175.22,3,3,3,333,9,Promising,2011-08-08 11:45:00,2011-10-07 13:40:00,655,60,391.74
12886,68,2,1378.4,3,2,4,324,9,Promising,2011-05-04 11:21:00,2011-10-03 10:09:00,770,152,689.2
12887,384,1,222.4,2,1,1,211,4,Hibernating,2010-11-21 11:18:00,2010-11-21 11:18:00,100,0,222.4
12888,215,2,354.12,2,2,2,222,6,Hibernating,2011-03-29 14:31:00,2011-05-09 16:02:00,76,41,177.06
12889,382,4,385.46,2,3,2,232,7,At Risk,2010-07-25 14:32:00,2010-11-23 16:08:00,124,121,96.365
12890,25,2,717.27,4,2,3,423,9,Potential Loyalists,2010-11-17 14:05:00,2011-11-15 17:26:00,466,363,358.635
12891,186,11,840.5,3,5,3,353,11,Loyal Customers,2010-02-18 14:32:00,2011-06-07 12:31:00,2325,474,76.4090909091
12892,397,1,263.38,2,1,1,211,4,Hibernating,2010-11-08 09:51:00,2010-11-08 09:51:00,140,0,263.38
12893,31,1,188.14,4,1,1,411,6,Promising,2011-11-09 12:34:00,2011-11-09 12:34:00,96,0,188.14
12894,576,1,157.35,1,1,1,111,3,Lost,2010-05-13 14:47:00,2010-05-13 14:47:00,33,0,157.35
12895,43,2,372.8,4,2,2,422,8,Potential Loyalists,2011-09-14 08:35:00,2011-10-28 13:51:00,210,44,186.4
12897,205,4,514.25,2,3,2,232,7,At Risk,2010-06-14 11:58:00,2011-05-19 12:13:00,249,339,128.5625
12898,464,2,310.96,1,2,2,122,5,Lost,2010-02-18 12:36:00,2010-09-02 08:08:00,240,196,155.48
12899,414,1,366.4,1,1,2,112,4,Lost,2010-10-22 09:53:00,2010-10-22 09:53:00,108,0,366.4
12900,423,1,340.33,1,1,2,112,4,Lost,2010-10-13 15:17:00,2010-10-13 15:17:00,139,0,340.33
12901,9,28,17654.54,5,5,5,555,15,Champions,2011-03-14 10:41:00,2011-12-01 10:07:00,23075,262,630.519285714
12902,265,1,138.68,2,1,1,211,4,Hibernating,2011-03-20 12:06:00,2011-03-20 12:06:00,66,0,138.68
12903,429,1,833.53,1,1,3,113,5,Lost,2010-10-07 12:39:00,2010-10-07 12:39:00,493,0,833.53
12904,19,2,509.58,5,2,2,522,9,Potential Loyalists,2011-06-20 13:18:00,2011-11-21 14:34:00,302,154,254.79
12905,577,2,1018.42,1,2,3,123,6,Lost,2010-01-26 14:06:00,2010-05-12 10:05:00,532,106,509.21
12906,12,5,2919.81,5,4,5,545,14,Champions,2011-09-22 15:03:00,2011-11-28 09:55:00,1749,67,583.962
12907,396,2,508.91,2,2,2,222,6,Hibernating,2010-08-02 14:33:00,2010-11-09 12:08:00,177,99,254.455
12908,177,5,1776,3,4,4,344,11,Loyal Customers,2010-03-19 15:59:00,2011-06-16 15:39:00,3000,454,355.2
12909,40,8,3103.19,4,4,5,445,13,Champions,2010-02-24 12:14:00,2011-10-31 12:43:00,1948,614,387.89875
12910,24,13,5796.52,4,5,5,455,14,Champions,2010-03-28 13:10:00,2011-11-16 14:28:00,3632,598,445.886153846
12911,552,1,1680.47,1,1,4,114,6,Lost,2010-06-06 12:13:00,2010-06-06 12:13:00,820,0,1680.47
12912,3,5,1662.3,5,4,4,544,13,Champions,2011-10-30 11:35:00,2011-12-07 08:55:00,670,38,332.46
12913,5,13,6283.24,5,5,5,555,15,Champions,2009-12-01 12:18:00,2011-12-05 12:11:00,3086,734,483.326153846
12914,401,1,223.98,2,1,1,211,4,Hibernating,2010-11-04 12:28:00,2010-11-04 12:28:00,336,0,223.98
12915,149,4,975.1,3,3,3,333,9,Promising,2010-04-29 19:36:00,2011-07-14 11:34:00,411,441,243.775
12916,139,7,4654.02,3,4,5,345,12,Loyal Customers,2010-01-24 11:26:00,2011-07-24 10:35:00,1774,546,664.86
12917,129,6,4359.2,3,4,5,345,12,Loyal Customers,2009-12-09 14:22:00,2011-08-03 16:42:00,1104,602,726.533333333
12919,9,6,1335.19,5,4,4,544,13,Champions,2011-06-23 09:22:00,2011-12-01 13:47:00,673,161,222.531666667
12920,18,4,488.09,5,3,2,532,10,Potential Loyalists,2009-12-14 15:58:00,2011-11-22 15:05:00,421,708,122.0225
12921,10,74,35233.24,5,5,5,555,15,Champions,2009-12-01 13:43:00,2011-11-30 16:22:00,21328,729,476.124864865
12922,162,1,405.38,3,1,2,312,6,Need Attention,2011-07-01 15:35:00,2011-07-01 15:35:00,370,0,405.38
12923,65,3,788.62,3,3,3,333,9,Promising,2010-05-13 14:55:00,2011-10-06 16:20:00,236,511,262.873333333
12924,89,12,2461.45,3,5,4,354,12,Loyal Customers,2009-12-09 12:40:00,2011-09-12 13:55:00,1422,642,205.120833333
12925,5,3,729.33,5,3,3,533,11,Potential Loyalists,2010-04-26 10:32:00,2011-12-05 11:11:00,649,588,243.11
12926,412,4,1548.08,1,3,4,134,8,At Risk,2009-12-14 14:35:00,2010-10-24 15:57:00,764,314,387.02
12927,395,1,197.31,2,1,1,211,4,Hibernating,2010-11-10 10:02:00,2010-11-10 10:02:00,145,0,197.31
12928,36,12,4304.89,4,5,5,455,14,Champions,2010-06-08 10:16:00,2011-11-04 14:24:00,2899,514,358.740833333
12929,312,1,117.85,2,1,1,211,4,Hibernating,2011-02-01 12:08:00,2011-02-01 12:08:00,37,0,117.85
12930,79,2,415.8,3,2,2,322,7,Need Attention,2011-06-21 13:25:00,2011-09-22 15:18:00,252,93,207.9
12931,22,57,92347.34,4,5,5,455,14,Champions,2009-12-01 11:46:00,2011-11-18 12:39:00,62906,717,1620.12877193
12932,540,8,1698.56,1,4,4,144,9,At Risk,2010-02-10 08:46:00,2010-06-18 14:22:00,1609,128,212.32
12933,25,8,1687.03,4,4,4,444,12,Champions,2009-12-10 16:39:00,2011-11-15 16:38:00,959,705,210.87875
12934,737,1,181.65,1,1,1,111,3,Lost,2009-12-03 10:51:00,2009-12-03 10:51:00,31,0,181.65
12935,3,15,4243.86,5,5,5,555,15,Champions,2010-04-11 15:59:00,2011-12-07 17:25:00,3201,605,282.924
12936,18,4,1063.9,5,3,3,533,11,Potential Loyalists,2011-09-22 13:51:00,2011-11-22 17:32:00,559,61,265.975
12937,16,9,3097.61,5,5,5,555,15,Champions,2009-12-03 15:43:00,2011-11-24 15:05:00,1983,721,344.178888889
12938,26,1,114.14,4,1,1,411,6,Promising,2011-11-14 11:21:00,2011-11-14 11:21:00,140,0,114.14
12939,65,20,25264.8,3,5,5,355,13,Loyal Customers,2010-01-12 11:27:00,2011-10-06 14:33:00,10328,632,1263.24
12940,55,2,913.54,4,2,3,423,9,Potential Loyalists,2011-09-13 10:16:00,2011-10-16 12:09:00,411,33,456.77
12941,725,1,377.49,1,1,2,112,4,Lost,2009-12-15 13:12:00,2009-12-15 13:12:00,381,0,377.49
12942,132,3,683.9,3,3,3,333,9,Promising,2010-12-09 09:34:00,2011-07-31 14:39:00,203,234,227.966666667
12943,559,2,496.5,1,2,2,122,5,Lost,2010-04-13 11:03:00,2010-05-30 13:52:00,222,47,248.25
12944,36,2,604.51,4,2,2,422,8,Potential Loyalists,2010-12-20 10:41:00,2011-11-04 11:04:00,289,319,302.255
12945,289,2,900.11,2,2,3,223,7,Hibernating,2010-02-21 15:18:00,2011-02-24 14:15:00,446,368,450.055
12946,437,1,324.45,1,1,2,112,4,Lost,2010-09-29 10:14:00,2010-09-29 10:14:00,149,0,324.45
12947,144,6,1603.99,3,4,4,344,11,Loyal Customers,2010-12-01 16:21:00,2011-07-19 10:06:00,1165,230,267.331666667
12948,17,9,2317.43,5,5,4,554,14,Champions,2009-12-02 12:28:00,2011-11-23 17:10:00,1304,721,257.492222222
12949,31,22,15526.7,4,5,5,455,14,Champions,2009-12-03 15:56:00,2011-11-09 11:25:00,8233,706,705.759090909
12950,3,3,1843,5,3,4,534,12,Potential Loyalists,2011-11-15 13:48:00,2011-12-07 13:17:00,1380,22,614.333333333
12951,9,15,3213.72,5,5,5,555,15,Champions,2010-01-10 12:43:00,2011-12-01 12:14:00,1662,690,214.248
12952,6,4,1387.79,5,3,4,534,12,Potential Loyalists,2011-09-22 16:37:00,2011-12-04 10:35:00,653,73,346.9475
12953,10,2,828.81,5,2,3,523,10,Potential Loyalists,2010-07-05 13:37:00,2011-11-30 09:24:00,364,513,414.405
12954,639,1,162.45,1,1,1,111,3,Lost,2010-03-11 10:16:00,2010-03-11 10:16:00,83,0,162.45
12955,2,11,4757.16,5,5,5,555,15,Champions,2011-03-17 09:03:00,2011-12-08 16:29:00,3664,266,432.469090909
12956,307,4,521.89,2,3,2,232,7,At Risk,2009-12-15 19:03:00,2011-02-06 16:08:00,340,418,130.4725
12957,10,13,8706.97,5,5,5,555,15,Champions,2009-12-11 12:01:00,2011-11-30 09:53:00,4686,719,669.766923077
12958,401,2,539.49,2,2,2,222,6,Hibernating,2010-05-05 16:22:00,2010-11-04 16:16:00,131,183,269.745
12959,485,1,150.95,1,1,1,111,3,Lost,2010-08-12 17:20:00,2010-08-12 17:20:00,109,0,150.95
12960,414,4,1322.07,1,3,4,134,8,At Risk,2010-02-16 13:32:00,2010-10-22 09:31:00,1379,248,330.5175
12961,380,1,211.99,2,1,1,211,4,Hibernating,2010-11-25 16:44:00,2010-11-25 16:44:00,180,0,211.99
12962,8,2,266.39,5,2,1,521,8,Potential Loyalists,2011-08-18 13:38:00,2011-12-02 15:55:00,129,106,133.195
12963,9,12,3235.79,5,5,5,555,15,Champions,2010-07-08 14:45:00,2011-12-01 12:55:00,1637,511,269.649166667
12964,438,1,132.24,1,1,1,111,3,Lost,2010-09-28 17:47:00,2010-09-28 17:47:00,56,0,132.24
12965,90,1,771.91,3,1,3,313,7,Need Attention,2011-09-11 15:31:00,2011-09-11 15:31:00,283,0,771.91
12966,10,1,160.18,5,1,1,511,7,New Customers,2011-11-30 12:38:00,2011-11-30 12:38:00,75,0,160.18
12967,359,3,2938.52,2,3,5,235,10,At Risk,2010-11-21 11:03:00,2010-12-16 19:10:00,912,25,979.506666667
12968,113,1,135.95,3,1,1,311,5,Need Attention,2011-08-19 15:44:00,2011-08-19 15:44:00,73,0,135.95
12969,603,1,122.45,1,1,1,111,3,Lost,2010-04-16 10:50:00,2010-04-16 10:50:00,55,0,122.45
12970,8,10,1523.91,5,5,4,554,14,Champions,2009-12-04 14:19:00,2011-12-02 14:30:00,1012,728,152.391
12971,4,116,15704.6,5,5,5,555,15,Champions,2009-12-15 19:04:00,2011-12-06 12:20:00,14306,721,135.384482759
12972,414,4,1161.2,1,3,3,133,7,At Risk,2010-02-16 14:30:00,2010-10-22 08:41:00,844,248,290.3
12973,414,1,385.55,1,1,2,112,4,Lost,2010-10-22 10:14:00,2010-10-22 10:14:00,31,0,385.55
12974,198,2,408.95,2,2,2,222,6,Hibernating,2010-05-23 11:45:00,2011-05-26 09:33:00,104,368,204.475
12975,437,6,2100.09,1,4,4,144,9,At Risk,2009-12-06 10:38:00,2010-09-29 09:46:00,911,297,350.015
12976,212,8,3156.38,2,4,5,245,11,At Risk,2010-02-12 15:46:00,2011-05-12 09:55:00,2684,454,394.5475
12977,157,4,517.63,3,3,2,332,8,Need Attention,2010-07-16 16:25:00,2011-07-06 16:40:00,131,355,129.4075
12978,386,5,2502.82,2,4,4,244,10,At Risk,2009-12-10 12:10:00,2010-11-19 14:29:00,1394,344,500.564
12979,730,1,517.7,1,1,2,112,4,Lost,2009-12-10 15:45:00,2009-12-10 15:45:00,520,0,517.7
12980,158,21,16245.78,3,5,5,355,13,Loyal Customers,2009-12-02 11:26:00,2011-07-05 09:34:00,1910,580,773.608571429
12981,30,2,372.22,4,2,2,422,8,Potential Loyalists,2011-07-29 14:14:00,2011-11-10 12:00:00,242,104,186.11
12982,243,8,2744.81,2,4,4,244,10,At Risk,2010-04-12 13:50:00,2011-04-11 11:51:00,1729,364,343.10125
12983,599,1,490.08,1,1,2,112,4,Lost,2010-04-20 12:58:00,2010-04-20 12:58:00,638,0,490.08
12984,19,1,97.5,5,1,1,511,7,New Customers,2011-11-21 12:37:00,2011-11-21 12:37:00,26,0,97.5
12985,1,2,1239.38,5,2,4,524,11,Potential Loyalists,2011-11-11 12:44:00,2011-12-09 10:46:00,1533,28,619.69
12986,429,10,2729.84,1,5,4,154,10,At Risk,2010-01-21 10:45:00,2010-10-07 11:57:00,1164,259,272.984
12987,74,5,1312.21,3,4,4,344,11,Loyal Customers,2010-01-20 09:57:00,2011-09-27 12:03:00,585,615,262.442
12988,293,1,535.32,2,1,2,212,5,Hibernating,2011-02-20 14:31:00,2011-02-20 14:31:00,136,0,535.32
12989,4,33,13551.75,5,5,5,555,15,Champions,2009-12-10 13:27:00,2011-12-06 15:28:00,6935,726,410.659090909
12990,32,7,955.5,4,4,3,443,11,Loyal Customers,2010-03-30 11:36:00,2011-11-08 13:01:00,480,588,136.5
12991,24,3,764.82,4,3,3,433,10,Potential Loyalists,2010-11-15 13:43:00,2011-11-16 15:34:00,483,366,254.94
12992,726,1,93.35,1,1,1,111,3,Lost,2009-12-14 16:46:00,2009-12-14 16:46:00,21,0,93.35
12993,24,8,1259.63,4,4,4,444,12,Champions,2010-02-18 10:35:00,2011-11-16 15:49:00,751,636,157.45375
12994,5,3,974.42,5,3,3,533,11,Potential Loyalists,2011-03-16 08:31:00,2011-12-05 15:43:00,459,264,324.806666667
12995,86,1,211.32,3,1,1,311,5,Need Attention,2011-09-15 15:44:00,2011-09-15 15:44:00,108,0,211.32
12996,376,1,355.5,2,1,2,212,5,Hibernating,2010-11-29 09:27:00,2010-11-29 09:27:00,122,0,355.5
12997,23,8,2110.91,4,4,4,444,12,Champions,2010-04-06 11:06:00,2011-11-17 15:47:00,1186,590,263.86375
12998,493,3,920.08,1,3,3,133,7,At Risk,2010-02-24 11:55:00,2010-08-04 08:05:00,1124,161,306.693333333
12999,197,3,455.88,2,3,2,232,7,At Risk,2011-04-08 10:26:00,2011-05-27 13:24:00,342,49,151.96
13000,107,4,1032.5,3,3,3,333,9,Promising,2009-12-14 17:03:00,2011-08-25 10:43:00,548,619,258.125
13001,5,33,24172.1,5,5,5,555,15,Champions,2009-12-03 16:21:00,2011-12-05 14:51:00,13539,732,732.487878788
13002,319,3,414.13,2,3,2,232,7,At Risk,2010-10-01 11:58:00,2011-01-25 15:18:00,201,116,138.043333333
13003,106,3,149.05,3,3,1,331,7,Need Attention,2011-05-09 08:23:00,2011-08-26 10:50:00,103,109,49.6833333333
13004,12,36,11650.85,5,5,5,555,15,Champions,2009-12-15 09:44:00,2011-11-28 11:27:00,8768,713,323.634722222
13005,174,4,999.68,3,3,3,333,9,Promising,2010-09-08 12:52:00,2011-06-19 10:53:00,462,284,249.92
13006,57,1,81.57,4,1,1,411,6,Promising,2011-10-14 13:49:00,2011-10-14 13:49:00,55,0,81.57
13007,580,1,175.25,1,1,1,111,3,Lost,2010-05-09 10:38:00,2010-05-09 10:38:00,59,0,175.25
13008,324,3,612.13,2,3,3,233,8,At Risk,2009-12-16 16:07:00,2011-01-20 14:24:00,379,400,204.043333333
13009,673,1,234,1,1,1,111,3,Lost,2010-02-05 12:22:00,2010-02-05 12:22:00,120,0,234
13010,375,2,330.12,2,2,2,222,6,Hibernating,2010-03-01 11:28:00,2010-11-30 15:09:00,323,274,165.06
13011,373,1,50.55,2,1,1,211,4,Hibernating,2010-12-02 17:22:00,2010-12-02 17:22:00,13,0,50.55
13012,10,11,2972.83,5,5,5,555,15,Champions,2010-04-26 14:14:00,2011-11-30 13:05:00,1563,583,270.257272727
13013,2,29,11097.43,5,5,5,555,15,Champions,2009-12-14 10:34:00,2011-12-08 15:01:00,5661,724,382.67
13014,11,11,5381.08,5,5,5,555,15,Champions,2010-10-03 11:35:00,2011-11-29 12:27:00,1979,422,489.189090909
13015,54,11,6586.42,4,5,5,455,14,Champions,2010-04-15 16:35:00,2011-10-17 13:19:00,3535,550,598.765454545
13016,74,3,789.89,3,3,3,333,9,Promising,2011-08-08 15:00:00,2011-09-27 14:08:00,527,50,263.296666667
13017,8,1,204,5,1,1,511,7,New Customers,2011-12-02 15:53:00,2011-12-02 15:53:00,48,0,204
13018,17,35,9763.16,5,5,5,555,15,Champions,2010-03-01 12:34:00,2011-11-23 13:28:00,6746,632,278.947428571
13019,380,6,1229.95,2,4,4,244,10,At Risk,2009-12-06 15:40:00,2010-11-25 14:56:00,397,354,204.991666667
13020,563,2,618.96,1,2,3,123,6,Lost,2010-02-18 10:35:00,2010-05-26 11:12:00,278,97,309.48
13021,5,17,4887.24,5,5,5,555,15,Champions,2009-12-05 12:02:00,2011-12-05 16:37:00,2546,730,287.484705882
13022,430,1,50.3,1,1,1,111,3,Lost,2010-10-06 10:50:00,2010-10-06 10:50:00,34,0,50.3
13023,65,3,1251.03,3,3,4,334,10,Promising,2010-06-29 09:51:00,2011-10-06 16:27:00,573,464,417.01
13024,471,2,555.87,1,2,2,122,5,Lost,2010-05-06 14:25:00,2010-08-26 09:42:00,181,112,277.935
13025,732,1,323.39,1,1,2,112,4,Lost,2009-12-08 10:02:00,2009-12-08 10:02:00,241,0,323.39
13026,2,9,1733.08,5,5,4,554,14,Champions,2009-12-13 11:34:00,2011-12-08 16:58:00,2466,725,192.564444444
13027,114,19,17335.2,3,5,5,355,13,Loyal Customers,2010-01-20 10:41:00,2011-08-18 09:39:00,43080,575,912.378947368
13028,23,2,661.32,4,2,3,423,9,Potential Loyalists,2011-10-25 14:09:00,2011-11-17 11:10:00,798,23,330.66
13029,31,5,1927.3,4,4,4,444,12,Champions,2010-07-04 13:46:00,2011-11-09 09:13:00,194,493,385.46
13030,12,2,799.48,5,2,3,523,10,Potential Loyalists,2010-12-06 14:31:00,2011-11-28 14:30:00,394,357,399.74
13031,408,5,3419.27,2,4,5,245,11,At Risk,2010-06-03 14:57:00,2010-10-28 15:34:00,2399,147,683.854
13032,53,9,2843.55,4,5,4,454,13,Champions,2010-09-05 14:01:00,2011-10-18 15:54:00,1281,408,315.95
13033,358,2,220.55,2,2,1,221,5,Hibernating,2010-10-06 09:37:00,2010-12-17 14:23:00,98,72,110.275
13034,55,3,756.82,4,3,3,433,10,Potential Loyalists,2010-11-03 15:22:00,2011-10-16 12:21:00,406,347,252.273333333
13035,74,3,1364.2,3,3,4,334,10,Promising,2010-10-04 15:41:00,2011-09-27 08:57:00,926,358,454.733333333
13036,685,1,307.1,1,1,2,112,4,Lost,2010-01-24 11:35:00,2010-01-24 11:35:00,38,0,307.1
13037,139,12,3914.95,3,5,5,355,13,Loyal Customers,2009-12-03 17:04:00,2011-07-24 15:46:00,2130,598,326.245833333
13038,81,3,908.46,3,3,3,333,9,Promising,2011-02-22 11:43:00,2011-09-20 14:37:00,360,210,302.82
13039,585,4,1010.73,1,3,3,133,7,At Risk,2009-12-17 16:43:00,2010-05-04 16:45:00,290,138,252.6825
13040,9,2,676.99,5,2,3,523,10,Potential Loyalists,2011-11-06 13:53:00,2011-12-01 10:38:00,355,25,338.495
13041,451,4,799.13,1,3,3,133,7,At Risk,2010-04-29 08:43:00,2010-09-15 11:44:00,335,139,199.7825
13042,599,3,1556.54,1,3,4,134,8,At Risk,2009-12-07 15:42:00,2010-04-20 13:43:00,830,134,518.846666667
13043,274,1,516.42,2,1,2,212,5,Hibernating,2011-03-11 14:52:00,2011-03-11 14:52:00,254,0,516.42
13044,292,11,4853.9,2,5,5,255,12,At Risk,2010-01-08 14:46:00,2011-02-21 15:20:00,2553,409,441.263636364
13045,100,3,808.92,3,3,3,333,9,Promising,2010-08-10 13:02:00,2011-09-01 15:04:00,405,387,269.64
13046,31,3,949.25,4,3,3,433,10,Potential Loyalists,2010-09-09 13:09:00,2011-11-09 08:36:00,505,426,316.416666667
13047,57,23,8423.58,4,5,5,455,14,Champions,2009-12-16 11:43:00,2011-10-14 11:15:00,3327,667,366.242608696
13048,15,9,4084.21,5,5,5,555,15,Champions,2010-01-27 12:55:00,2011-11-25 13:23:00,2705,667,453.801111111
13049,65,4,1408.24,3,3,4,334,10,Promising,2010-11-03 15:39:00,2011-10-06 15:31:00,620,337,352.06
13050,15,34,11907.29,5,5,5,555,15,Champions,2009-12-15 15:06:00,2011-11-25 09:18:00,6996,710,350.214411765
13051,579,2,155.8,1,2,1,121,4,Lost,2010-03-30 11:11:00,2010-05-10 09:14:00,72,41,77.9
13052,213,7,3167.68,2,4,5,245,11,At Risk,2010-02-23 12:31:00,2011-05-11 14:12:00,1453,442,452.525714286
13053,622,1,127.65,1,1,1,111,3,Lost,2010-03-28 11:28:00,2010-03-28 11:28:00,47,0,127.65
13055,79,4,2321.11,3,3,4,334,10,Promising,2010-10-06 08:17:00,2011-09-22 14:26:00,1821,351,580.2775
13056,552,1,209.48,1,1,1,111,3,Lost,2010-06-06 14:10:00,2010-06-06 14:10:00,158,0,209.48
13057,531,3,722.09,1,3,3,133,7,At Risk,2010-03-18 12:14:00,2010-06-27 15:44:00,466,101,240.696666667
13058,25,3,271.4,4,3,1,431,8,Potential Loyalists,2011-07-11 12:01:00,2011-11-15 12:43:00,52,127,90.4666666667
13059,250,10,2303.17,2,5,4,254,11,At Risk,2010-03-31 12:23:00,2011-04-04 10:40:00,864,369,230.317
13060,254,1,307.53,2,1,2,212,5,Hibernating,2011-03-31 11:37:00,2011-03-31 11:37:00,123,0,307.53
13061,73,1,248.61,3,1,1,311,5,Need Attention,2011-09-28 16:04:00,2011-09-28 16:04:00,107,0,248.61
13062,192,1,346.98,2,1,2,212,5,Hibernating,2011-06-01 15:12:00,2011-06-01 15:12:00,343,0,346.98
13063,481,1,188.4,1,1,1,111,3,Lost,2010-08-16 12:27:00,2010-08-16 12:27:00,116,0,188.4
13064,13,6,1680.74,5,4,4,544,13,Champions,2010-04-27 10:08:00,2011-11-27 12:31:00,670,579,280.123333333
13065,374,5,1055.05,2,4,3,243,9,At Risk,2010-06-10 11:44:00,2010-12-01 16:52:00,381,174,211.01
13066,25,2,470.8,4,2,2,422,8,Potential Loyalists,2011-11-07 17:06:00,2011-11-15 12:57:00,322,8,235.4
13067,83,3,508.51,3,3,2,332,8,Need Attention,2010-09-19 13:43:00,2011-09-18 13:38:00,131,364,169.503333333
13068,11,2,344,5,2,2,522,9,Potential Loyalists,2011-01-24 08:20:00,2011-11-29 15:00:00,200,309,172
13069,1,38,9350.63,5,5,5,555,15,Champions,2010-06-14 14:27:00,2011-12-09 08:39:00,15221,543,246.069210526
13070,193,4,751.7,2,3,3,233,8,At Risk,2009-12-07 14:44:00,2011-05-31 13:45:00,372,540,187.925
13071,613,1,129.22,1,1,1,111,3,Lost,2010-04-06 13:37:00,2010-04-06 13:37:00,30,0,129.22
13072,267,1,177.15,2,1,1,211,4,Hibernating,2011-03-18 08:12:00,2011-03-18 08:12:00,69,0,177.15
13073,412,2,418.08,1,2,2,122,5,Lost,2010-09-28 09:27:00,2010-10-24 14:06:00,261,26,209.04
13074,512,4,1378.74,1,3,4,134,8,At Risk,2009-12-16 11:46:00,2010-07-16 16:53:00,826,212,344.685
13075,130,1,919.61,3,1,3,313,7,Need Attention,2011-08-02 10:19:00,2011-08-02 10:19:00,485,0,919.61
13076,458,1,135.4,1,1,1,111,3,Lost,2010-09-08 10:27:00,2010-09-08 10:27:00,44,0,135.4
13077,2,11,2750.95,5,5,4,554,14,Champions,2009-12-11 11:17:00,2011-12-08 19:24:00,2482,727,250.086363636
13078,4,57,29018.06,5,5,5,555,15,Champions,2009-12-01 09:06:00,2011-12-06 15:36:00,12032,735,509.08877193
13079,5,6,419.18,5,4,2,542,11,Loyal Customers,2010-10-18 14:15:00,2011-12-05 16:53:00,158,413,69.8633333333
13080,180,4,280.73,3,3,1,331,7,Need Attention,2010-04-09 13:07:00,2011-06-13 14:59:00,193,430,70.1825
13081,12,28,56838.37,5,5,5,555,15,Champions,2009-12-08 13:58:00,2011-11-28 10:54:00,40077,720,2029.94178571
13082,127,21,7335.75,3,5,5,355,13,Loyal Customers,2009-12-22 15:37:00,2011-08-05 16:16:00,8466,591,349.321428571
13083,5,3,395.43,5,3,2,532,10,Potential Loyalists,2010-10-10 13:38:00,2011-12-05 15:01:00,307,421,131.81
13084,492,1,122.4,1,1,1,111,3,Lost,2010-08-05 08:49:00,2010-08-05 08:49:00,144,0,122.4
13085,158,8,2433.28,3,4,4,344,11,Loyal Customers,2009-12-01 07:45:00,2011-07-05 12:11:00,944,581,304.16
13086,383,1,439.33,2,1,2,212,5,Hibernating,2010-11-22 10:28:00,2010-11-22 10:28:00,155,0,439.33
13087,727,1,313.64,1,1,2,112,4,Lost,2009-12-13 15:16:00,2009-12-13 15:16:00,86,0,313.64
13088,418,1,236.11,1,1,1,111,3,Lost,2010-10-18 15:35:00,2010-10-18 15:35:00,76,0,236.11
13089,3,203,113507.24,5,5,5,555,15,Champions,2009-12-02 15:44:00,2011-12-07 09:02:00,59011,735,559.148965517
13090,9,23,13079.69,5,5,5,555,15,Champions,2010-08-02 13:58:00,2011-12-01 12:39:00,3247,486,568.682173913
13091,29,2,1108.8,4,2,3,423,9,Potential Loyalists,2009-12-10 12:44:00,2011-11-11 15:54:00,1338,701,554.4
13092,71,12,2140.28,3,5,4,354,12,Loyal Customers,2010-02-10 08:44:00,2011-09-30 11:18:00,664,597,178.356666667
13093,276,55,54144.25,2,5,5,255,12,At Risk,2009-12-04 10:32:00,2011-03-09 12:14:00,25971,460,984.440909091
13094,22,13,2209.44,4,5,4,454,13,Champions,2010-11-15 14:15:00,2011-11-18 14:07:00,1896,368,169.956923077
13095,71,1,74.4,3,1,1,311,5,Need Attention,2011-09-30 12:03:00,2011-09-30 12:03:00,144,0,74.4
13096,395,1,419.7,2,1,2,212,5,Hibernating,2010-11-10 14:08:00,2010-11-10 14:08:00,6,0,419.7
13097,33,27,13080.48,4,5,5,455,14,Champions,2009-12-01 13:31:00,2011-11-07 10:43:00,5395,706,484.462222222
13098,2,28,28882.44,5,5,5,555,15,Champions,2011-01-26 13:46:00,2011-12-08 14:14:00,15968,316,1031.51571429
13099,100,1,207.36,3,1,1,311,5,Need Attention,2011-09-01 17:40:00,2011-09-01 17:40:00,288,0,207.36
13101,235,4,695.4,2,3,3,233,8,At Risk,2010-01-27 15:49:00,2011-04-19 14:37:00,478,447,173.85
13102,2,37,11380.1,5,5,5,555,15,Champions,2010-05-06 13:12:00,2011-12-08 12:52:00,6366,581,307.57027027
13103,40,3,709.64,4,3,3,433,10,Potential Loyalists,2010-05-11 14:41:00,2011-10-31 09:38:00,426,538,236.546666667
13104,4,9,1709.1,5,5,4,554,14,Champions,2010-02-24 15:06:00,2011-12-06 13:10:00,834,650,189.9
13105,437,1,72,1,1,1,111,3,Lost,2010-09-29 13:41:00,2010-09-29 13:41:00,100,0,72
13106,134,2,603.46,3,2,2,322,7,Need Attention,2010-10-22 13:10:00,2011-07-29 15:12:00,231,280,301.73
13107,45,9,5253.07,4,5,5,455,14,Champions,2010-02-04 10:50:00,2011-10-26 14:52:00,4316,629,583.674444444
13108,373,2,748.46,2,2,3,223,7,Hibernating,2010-09-30 17:09:00,2010-12-02 10:35:00,745,63,374.23
13109,60,3,1134.03,3,3,3,333,9,Promising,2010-06-06 12:59:00,2011-10-11 10:16:00,757,492,378.01
13110,32,12,2957.47,4,5,5,455,14,Champions,2009-12-01 14:14:00,2011-11-08 14:30:00,763,707,246.455833333
13111,719,1,321.88,1,1,2,112,4,Lost,2009-12-21 09:00:00,2009-12-21 09:00:00,180,0,321.88
13112,542,1,20.6,1,1,1,111,3,Lost,2010-06-16 17:03:00,2010-06-16 17:03:00,11,0,20.6
13113,1,37,18252.76,5,5,5,555,15,Champions,2010-03-28 16:13:00,2011-12-09 12:49:00,4440,621,493.317837838
13114,731,1,234.38,1,1,1,111,3,Lost,2009-12-09 09:56:00,2009-12-09 09:56:00,74,0,234.38
13115,12,10,5494.7,5,5,5,555,15,Champions,2010-04-19 13:29:00,2011-11-28 12:38:00,3934,588,549.47
13116,139,1,501.14,3,1,2,312,6,Need Attention,2011-07-24 14:33:00,2011-07-24 14:33:00,291,0,501.14
13117,22,18,2255.66,4,5,4,454,13,Champions,2010-03-26 13:50:00,2011-11-18 12:02:00,1852,602,125.314444444
13118,20,9,2415.41,5,5,4,554,14,Champions,2010-09-26 15:46:00,2011-11-20 12:46:00,834,420,268.378888889
13119,669,1,134.9,1,1,1,111,3,Lost,2010-02-09 08:38:00,2010-02-09 08:38:00,110,0,134.9
13120,239,1,30.6,2,1,1,211,4,Hibernating,2011-04-15 10:19:00,2011-04-15 10:19:00,12,0,30.6
13121,270,1,283.73,2,1,1,211,4,Hibernating,2011-03-15 16:47:00,2011-03-15 16:47:00,252,0,283.73
13122,95,2,922.39,3,2,3,323,8,Promising,2011-04-13 14:12:00,2011-09-06 15:53:00,585,146,461.195
13123,473,2,506.75,1,2,2,122,5,Lost,2010-06-28 12:43:00,2010-08-24 10:18:00,268,57,253.375
13124,90,4,4782.45,3,3,5,335,11,Promising,2010-11-19 15:50:00,2011-09-11 12:45:00,2783,296,1195.6125
13125,524,1,158.57,1,1,1,111,3,Lost,2010-07-04 11:58:00,2010-07-04 11:58:00,54,0,158.57
13126,5,13,3774.81,5,5,5,555,15,Champions,2010-03-02 12:24:00,2011-12-05 10:00:00,3289,643,290.37
13127,78,1,259.17,3,1,1,311,5,Need Attention,2011-09-23 10:26:00,2011-09-23 10:26:00,127,0,259.17
13128,632,1,263.5,1,1,1,111,3,Lost,2010-03-18 15:08:00,2010-03-18 15:08:00,31,0,263.5
13129,453,2,233.25,1,2,1,121,4,Lost,2010-06-28 11:54:00,2010-09-13 13:47:00,296,77,116.625
13130,95,1,64,3,1,1,311,5,Need Attention,2011-09-06 15:30:00,2011-09-06 15:30:00,32,0,64
13131,24,7,3313.77,4,4,5,445,13,Champions,2010-02-09 09:47:00,2011-11-16 13:21:00,1523,645,473.395714286
13132,262,1,77.3,2,1,1,211,4,Hibernating,2011-03-23 12:44:00,2011-03-23 12:44:00,20,0,77.3
13133,274,3,200.45,2,3,1,231,6,At Risk,2010-09-06 15:30:00,2011-03-11 10:31:00,55,186,66.8166666667
13134,86,6,2475.23,3,4,4,344,11,Loyal Customers,2010-10-19 13:21:00,2011-09-15 10:35:00,1364,331,412.538333333
13135,197,2,3371.45,2,2,5,225,9,Hibernating,2010-08-05 17:28:00,2011-05-27 10:52:00,4423,295,1685.725
13136,57,13,6274.56,4,5,5,455,14,Champions,2009-12-08 18:30:00,2011-10-14 13:41:00,3109,675,482.658461538
13137,11,16,7712.7,5,5,5,555,15,Champions,2010-07-25 15:40:00,2011-11-29 12:09:00,4294,492,482.04375
13138,23,7,1274.01,4,4,4,444,12,Champions,2010-11-08 11:45:00,2011-11-17 16:51:00,593,374,182.001428571
13139,17,8,8202.98,5,4,5,545,14,Champions,2010-09-28 09:12:00,2011-11-23 13:54:00,4614,421,1025.3725
13140,109,5,1056.17,3,4,3,343,10,Loyal Customers,2010-08-05 19:05:00,2011-08-23 15:33:00,573,383,211.234
13141,85,17,7668.58,3,5,5,355,13,Loyal Customers,2009-12-09 13:34:00,2011-09-16 09:54:00,5169,646,451.092941176
13142,20,1,307.09,5,1,2,512,8,New Customers,2011-11-20 16:07:00,2011-11-20 16:07:00,258,0,307.09
13143,585,1,405.1,1,1,2,112,4,Lost,2010-05-04 12:22:00,2010-05-04 12:22:00,198,0,405.1
13144,333,2,135.35,2,2,1,221,5,Hibernating,2010-10-04 14:14:00,2011-01-11 11:15:00,29,99,67.675
13145,40,7,1128.52,4,4,3,443,11,Loyal Customers,2010-04-19 11:11:00,2011-10-31 12:45:00,265,560,161.217142857
13146,27,1,228.91,4,1,1,411,6,Promising,2011-11-13 15:29:00,2011-11-13 15:29:00,154,0,228.91
13147,11,4,712.8,5,3,3,533,11,Potential Loyalists,2011-09-01 12:28:00,2011-11-29 13:59:00,144,89,178.2
13148,30,26,8612.31,4,5,5,455,14,Champions,2009-12-07 15:26:00,2011-11-10 15:23:00,4565,703,331.242692308
13149,15,4,1676.06,5,3,4,534,12,Potential Loyalists,2011-02-23 13:57:00,2011-11-25 13:09:00,1280,275,419.015
13150,485,3,449.97,1,3,2,132,6,At Risk,2010-03-19 09:03:00,2010-08-12 12:59:00,171,146,149.99
13151,296,3,2570.24,2,3,4,234,9,At Risk,2010-03-22 10:26:00,2011-02-17 12:29:00,807,332,856.746666667
13152,418,7,2146.38,1,4,4,144,9,At Risk,2010-01-14 10:01:00,2010-10-18 13:44:00,977,277,306.625714286
13153,6,1,486.22,5,1,2,512,8,New Customers,2011-12-04 12:14:00,2011-12-04 12:14:00,418,0,486.22
13154,400,3,1624.84,2,3,4,234,9,At Risk,2009-12-04 08:46:00,2010-11-05 16:00:00,976,336,541.613333333
13155,34,6,1370.48,4,4,4,444,12,Champions,2010-08-05 09:30:00,2011-11-06 15:41:00,741,458,228.413333333
13156,386,3,1586.54,2,3,4,234,9,At Risk,2010-02-01 13:45:00,2010-11-19 13:09:00,914,291,528.846666667
13157,50,9,5687.36,4,5,5,455,14,Champions,2010-03-08 11:59:00,2011-10-21 13:50:00,4762,592,631.928888889
13158,95,5,1508.18,3,4,4,344,11,Loyal Customers,2010-11-16 17:12:00,2011-09-06 11:58:00,992,294,301.636
13159,9,4,1437.85,5,3,4,534,12,Potential Loyalists,2011-08-16 11:44:00,2011-12-01 11:20:00,1059,107,359.4625
13160,23,1,91.8,4,1,1,411,6,Promising,2011-11-17 13:07:00,2011-11-17 13:07:00,56,0,91.8
13161,314,2,478.88,2,2,2,222,6,Hibernating,2010-07-27 12:44:00,2011-01-30 14:03:00,106,187,239.44
13162,123,16,9275.49,3,5,5,355,13,Loyal Customers,2009-12-04 13:59:00,2011-08-09 15:59:00,5755,613,579.718125
13163,611,1,17.65,1,1,1,111,3,Lost,2010-04-08 16:21:00,2010-04-08 16:21:00,3,0,17.65
13164,570,2,372.2,1,2,2,122,5,Lost,2010-02-10 11:52:00,2010-05-19 13:52:00,120,98,186.1
13165,47,3,1451.16,4,3,4,434,11,Potential Loyalists,2010-10-22 17:04:00,2011-10-24 15:05:00,1736,367,483.72
13166,284,2,884.18,2,2,3,223,7,Hibernating,2010-10-21 14:29:00,2011-03-01 15:16:00,527,131,442.09
13167,19,5,1113.15,5,4,3,543,12,Loyal Customers,2010-11-14 12:58:00,2011-11-21 12:24:00,995,372,222.63
13168,37,5,1875.31,4,4,4,444,12,Champions,2010-06-15 15:00:00,2011-11-03 12:56:00,912,506,375.062
13169,64,3,840.08,3,3,3,333,9,Promising,2010-05-26 15:58:00,2011-10-07 12:11:00,296,499,280.026666667
13170,27,1,116.01,4,1,1,411,6,Promising,2011-11-13 12:19:00,2011-11-13 12:19:00,147,0,116.01
13171,22,3,468.41,4,3,2,432,9,Potential Loyalists,2011-02-13 14:16:00,2011-11-18 10:27:00,229,278,156.136666667
13172,401,1,69.6,2,1,1,211,4,Hibernating,2010-11-04 15:10:00,2010-11-04 15:10:00,48,0,69.6
13173,5,11,2463.41,5,5,4,554,14,Champions,2009-12-10 12:52:00,2011-12-05 15:51:00,1504,725,223.946363636
13174,17,11,8055.97,5,5,5,555,15,Champions,2009-12-04 15:40:00,2011-11-23 14:35:00,3837,719,732.360909091
13175,583,2,831.45,1,2,3,123,6,Lost,2009-12-04 12:11:00,2010-05-06 13:13:00,423,153,415.725
13176,47,1,492.84,4,1,2,412,7,Promising,2011-10-24 15:43:00,2011-10-24 15:43:00,453,0,492.84
13177,65,2,512.2,3,2,2,322,7,Need Attention,2010-10-05 10:35:00,2011-10-06 09:56:00,180,366,256.1
13178,27,21,14059.19,4,5,5,455,14,Champions,2009-12-16 14:00:00,2011-11-13 16:14:00,8778,697,669.485238095
13179,619,1,572.31,1,1,2,112,4,Lost,2010-03-31 11:40:00,2010-03-31 11:40:00,368,0,572.31
13180,608,1,86.1,1,1,1,111,3,Lost,2010-04-11 13:37:00,2010-04-11 13:37:00,42,0,86.1
13181,382,1,359.69,2,1,2,212,5,Hibernating,2010-11-23 15:05:00,2010-11-23 15:05:00,171,0,359.69
13182,46,1,121.18,4,1,1,411,6,Promising,2011-10-25 13:46:00,2011-10-25 13:46:00,201,0,121.18
13183,8,15,7036.18,5,5,5,555,15,Champions,2010-03-14 12:32:00,2011-12-02 10:30:00,4027,628,469.078666667
13184,15,10,1700.29,5,5,4,554,14,Champions,2011-02-22 17:25:00,2011-11-25 12:02:00,1691,276,170.029
13185,268,1,71.4,2,1,1,211,4,Hibernating,2011-03-17 11:56:00,2011-03-17 11:56:00,12,0,71.4
13186,40,3,1575.89,4,3,4,434,11,Potential Loyalists,2011-08-03 09:09:00,2011-10-31 11:40:00,820,89,525.296666667
13187,338,4,348.01,2,3,2,232,7,At Risk,2010-03-25 17:18:00,2011-01-06 18:57:00,356,287,87.0025
13188,12,1,114.6,5,1,1,511,7,New Customers,2011-11-28 15:28:00,2011-11-28 15:28:00,25,0,114.6
13189,19,2,260.68,5,2,1,521,8,Potential Loyalists,2011-08-16 13:12:00,2011-11-21 10:39:00,842,97,130.34
13190,545,3,570.66,1,3,2,132,6,At Risk,2009-12-07 12:13:00,2010-06-13 15:47:00,308,188,190.22
13191,659,1,159.21,1,1,1,111,3,Lost,2010-02-19 17:02:00,2010-02-19 17:02:00,111,0,159.21
13192,96,6,2558.58,3,4,4,344,11,Loyal Customers,2010-01-22 08:37:00,2011-09-05 14:13:00,1629,591,426.43
13193,62,1,117.88,3,1,1,311,5,Need Attention,2011-10-09 14:30:00,2011-10-09 14:30:00,50,0,117.88
13194,136,2,472.78,3,2,2,322,7,Need Attention,2010-10-14 11:54:00,2011-07-27 09:01:00,326,286,236.39
13195,415,1,172.38,1,1,1,111,3,Lost,2010-10-21 13:07:00,2010-10-21 13:07:00,83,0,172.38
13196,12,7,3068.84,5,4,5,545,14,Champions,2010-04-01 12:54:00,2011-11-28 13:54:00,2006,606,438.405714286
13197,610,1,373.01,1,1,2,112,4,Lost,2010-04-09 09:14:00,2010-04-09 09:14:00,204,0,373.01
13198,11,8,4974.23,5,4,5,545,14,Champions,2010-10-01 13:27:00,2011-11-29 15:17:00,3449,424,621.77875
13199,4,66,15949.21,5,5,5,555,15,Champions,2009-12-05 10:11:00,2011-12-06 12:30:00,11566,731,241.65469697
13200,20,4,870.09,5,3,3,533,11,Potential Loyalists,2011-08-05 14:50:00,2011-11-20 15:35:00,516,107,217.5225
13201,503,4,1240.61,1,3,4,134,8,At Risk,2010-03-07 11:01:00,2010-07-25 14:30:00,1039,140,310.1525
13202,395,7,1580.3,2,4,4,244,10,At Risk,2009-12-09 10:48:00,2010-11-10 16:24:00,572,336,225.757142857
13203,10,10,2648.25,5,5,4,554,14,Champions,2009-12-17 14:15:00,2011-11-30 10:45:00,2413,713,264.825
13204,732,1,966.66,1,1,3,113,5,Lost,2009-12-08 14:56:00,2009-12-08 14:56:00,428,0,966.66
13205,444,1,2803.2,1,1,4,114,6,Lost,2010-09-22 16:26:00,2010-09-22 16:26:00,256,0,2803.2
13206,401,13,8377.32,2,5,5,255,12,At Risk,2009-12-07 13:48:00,2010-11-04 16:50:00,7155,332,644.409230769
13207,16,4,535.86,5,3,2,532,10,Potential Loyalists,2010-04-06 16:37:00,2011-11-24 14:52:00,178,597,133.965
13208,60,8,1964.02,3,4,4,344,11,Loyal Customers,2009-12-03 13:25:00,2011-10-11 16:25:00,1309,677,245.5025
13209,31,13,8509.51,4,5,5,455,14,Champions,2010-01-24 14:30:00,2011-11-09 13:54:00,5781,654,654.577692308
13210,94,1,353.48,3,1,2,312,6,Need Attention,2011-09-07 08:18:00,2011-09-07 08:18:00,316,0,353.48
13211,11,10,2729.32,5,5,4,554,14,Champions,2009-12-06 15:24:00,2011-11-29 14:43:00,1890,723,272.932
13212,20,3,788.08,5,3,3,533,11,Potential Loyalists,2011-10-09 14:48:00,2011-11-20 12:40:00,310,42,262.693333333
13213,57,11,3851.52,4,5,5,455,14,Champions,2010-05-20 14:50:00,2011-10-14 11:42:00,2962,512,350.138181818
13214,418,7,3264.23,1,4,5,145,10,At Risk,2010-03-03 14:10:00,2010-10-18 10:00:00,2966,229,466.318571429
13215,403,1,81.6,2,1,1,211,4,Hibernating,2010-11-02 18:26:00,2010-11-02 18:26:00,96,0,81.6
13216,268,1,333.74,2,1,2,212,5,Hibernating,2011-03-17 12:18:00,2011-03-17 12:18:00,297,0,333.74
13217,123,4,666.48,3,3,3,333,9,Promising,2010-02-22 12:49:00,2011-08-09 15:32:00,512,533,166.62
13218,128,1,62.64,3,1,1,311,5,Need Attention,2011-08-04 16:59:00,2011-08-04 16:59:00,88,0,62.64
13219,619,1,76.23,1,1,1,111,3,Lost,2010-03-31 14:18:00,2010-03-31 14:18:00,11,0,76.23
13220,79,5,1336.09,3,4,4,344,11,Loyal Customers,2010-05-13 10:35:00,2011-09-22 13:38:00,396,497,267.218
13221,241,2,844.86,2,2,3,223,7,Hibernating,2010-12-15 13:24:00,2011-04-13 16:58:00,243,119,422.43
13222,578,1,88.5,1,1,1,111,3,Lost,2010-05-11 13:54:00,2010-05-11 13:54:00,30,0,88.5
13223,201,6,969.12,2,4,3,243,9,At Risk,2010-02-12 13:27:00,2011-05-23 13:03:00,568,465,161.52
13224,61,2,2152.95,3,2,4,324,9,Promising,2011-07-11 14:10:00,2011-10-10 14:55:00,1515,91,1076.475
13225,4,16,16260.07,5,5,5,555,15,Champions,2009-12-17 09:09:00,2011-12-06 13:29:00,7401,719,1016.254375
13226,274,2,312.46,2,2,2,222,6,Hibernating,2010-11-11 13:46:00,2011-03-11 14:35:00,179,120,156.23
13227,202,1,257.7,2,1,1,211,4,Hibernating,2011-05-22 11:47:00,2011-05-22 11:47:00,99,0,257.7
13228,82,1,358,3,1,2,312,6,Need Attention,2011-09-19 14:28:00,2011-09-19 14:28:00,200,0,358
13229,226,1,160.95,2,1,1,211,4,Hibernating,2011-04-28 12:07:00,2011-04-28 12:07:00,63,0,160.95
13230,5,30,6256.83,5,5,5,555,15,Champions,2010-03-18 20:02:00,2011-12-05 16:03:00,3577,627,208.561
13232,13,7,1357,5,4,4,544,13,Champions,2011-04-10 13:48:00,2011-11-27 10:39:00,776,231,193.857142857
13233,75,4,1176.46,3,3,3,333,9,Promising,2010-01-14 14:10:00,2011-09-26 13:25:00,1604,620,294.115
13234,673,2,356.95,1,2,2,122,5,Lost,2009-12-07 12:32:00,2010-02-05 11:41:00,162,60,178.475
13235,213,1,1031.07,2,1,3,213,6,Hibernating,2011-05-11 17:13:00,2011-05-11 17:13:00,441,0,1031.07
13236,25,2,744.85,4,2,3,423,9,Potential Loyalists,2011-08-25 08:58:00,2011-11-15 12:50:00,416,82,372.425
13237,388,1,643,2,1,3,213,6,Hibernating,2010-11-17 10:07:00,2010-11-17 10:07:00,128,0,643
13238,18,6,1006.63,5,4,3,543,12,Loyal Customers,2010-04-28 15:02:00,2011-11-22 15:37:00,442,573,167.771666667
13239,262,5,1594.69,2,4,4,244,10,At Risk,2010-07-25 13:34:00,2011-03-23 10:25:00,1151,241,318.938
13240,97,8,1494.05,3,4,4,344,11,Loyal Customers,2010-02-25 13:17:00,2011-09-04 14:08:00,726,556,186.75625
13241,412,1,115.58,1,1,1,111,3,Lost,2010-10-24 11:17:00,2010-10-24 11:17:00,48,0,115.58
13242,113,7,699.4,3,4,3,343,10,Loyal Customers,2010-02-09 13:12:00,2011-08-19 12:53:00,350,556,99.9142857143
13243,204,5,1278.04,2,4,4,244,10,At Risk,2010-03-18 13:10:00,2011-05-20 13:14:00,579,428,255.608
13244,93,1,121.74,3,1,1,311,5,Need Attention,2011-09-08 11:46:00,2011-09-08 11:46:00,38,0,121.74
13245,51,2,989.22,4,2,3,423,9,Potential Loyalists,2010-10-03 14:03:00,2011-10-20 11:40:00,371,382,494.61
13246,19,11,3387.43,5,5,5,555,15,Champions,2010-07-02 13:36:00,2011-11-21 16:50:00,2815,507,307.948181818
13247,18,4,501.12,5,3,2,532,10,Potential Loyalists,2011-09-18 11:31:00,2011-11-22 10:59:00,328,65,125.28
13248,125,2,465.68,3,2,2,322,7,Need Attention,2011-06-03 13:05:00,2011-08-07 12:40:00,305,65,232.84
13249,93,9,1608.93,3,5,4,354,12,Loyal Customers,2010-01-24 12:11:00,2011-09-08 13:26:00,1246,592,178.77
13250,461,2,256.04,1,2,1,121,4,Lost,2010-07-25 14:01:00,2010-09-05 11:33:00,108,42,128.02
13251,403,1,252.68,2,1,1,211,4,Hibernating,2010-11-02 13:20:00,2010-11-02 13:20:00,215,0,252.68
13252,395,2,399.3,2,2,2,222,6,Hibernating,2010-03-24 10:30:00,2010-11-10 16:00:00,134,231,199.65
13253,157,4,2951.11,3,3,5,335,11,Promising,2010-01-05 12:13:00,2011-07-06 10:09:00,3015,547,737.7775
13254,377,1,51.41,2,1,1,211,4,Hibernating,2010-11-28 15:42:00,2010-11-28 15:42:00,43,0,51.41
13255,10,3,678.76,5,3,3,533,11,Potential Loyalists,2010-07-15 13:20:00,2011-11-30 13:14:00,407,503,226.253333333
13257,437,1,149.75,1,1,1,111,3,Lost,2010-09-29 14:58:00,2010-09-29 14:58:00,33,0,149.75
13258,12,5,1035.18,5,4,3,543,12,Loyal Customers,2010-11-04 12:45:00,2011-11-28 09:31:00,451,389,207.036
13259,62,9,1429.63,3,5,4,354,12,Loyal Customers,2010-01-10 10:26:00,2011-10-09 10:48:00,516,637,158.847777778
13260,62,1,557.62,3,1,2,312,6,Need Attention,2011-10-09 13:21:00,2011-10-09 13:21:00,142,0,557.62
13261,269,2,944.1,2,2,3,223,7,Hibernating,2011-02-27 10:41:00,2011-03-16 12:22:00,210,17,472.05
13262,264,3,573.45,2,3,2,232,7,At Risk,2010-04-18 12:14:00,2011-03-21 15:06:00,247,337,191.15
13263,2,38,8679.47,5,5,5,555,15,Champions,2010-10-22 17:07:00,2011-12-08 13:59:00,5383,412,228.407105263
13264,443,1,722.56,1,1,3,113,5,Lost,2010-09-23 12:42:00,2010-09-23 12:42:00,375,0,722.56
13265,54,5,2107.66,4,4,4,444,12,Champions,2011-03-11 09:54:00,2011-10-17 15:02:00,1752,220,421.532
13266,12,19,6135.04,5,5,5,555,15,Champions,2009-12-17 10:52:00,2011-11-28 14:39:00,6837,711,322.896842105
13267,3,36,9429.81,5,5,5,555,15,Champions,2009-12-07 16:56:00,2011-12-07 11:12:00,3959,730,261.939166667
13268,18,10,3192.65,5,5,5,555,15,Champions,2011-03-17 13:20:00,2011-11-22 11:34:00,3582,250,319.265
13269,2,28,8540.27,5,5,5,555,15,Champions,2009-12-02 11:47:00,2011-12-08 14:53:00,6367,736,305.009642857
13270,367,1,590,2,1,2,212,5,Hibernating,2010-12-08 14:53:00,2010-12-08 14:53:00,200,0,590
13271,38,1,217.38,4,1,1,411,6,Promising,2011-11-02 14:31:00,2011-11-02 14:31:00,253,0,217.38
13272,32,2,276.56,4,2,1,421,7,Potential Loyalists,2011-09-11 12:06:00,2011-11-08 14:00:00,96,58,138.28
13273,114,1,138.98,3,1,1,311,5,Need Attention,2011-08-18 14:02:00,2011-08-18 14:02:00,153,0,138.98
13274,410,1,360.85,1,1,2,112,4,Lost,2010-10-26 13:48:00,2010-10-26 13:48:00,199,0,360.85
13275,384,2,241.66,2,2,1,221,5,Hibernating,2010-03-17 14:05:00,2010-11-21 12:09:00,140,249,120.83
13276,64,5,1939.26,3,4,4,344,11,Loyal Customers,2010-03-07 14:05:00,2011-10-07 12:44:00,855,579,387.852
13277,16,7,523.3,5,4,2,542,11,Loyal Customers,2010-06-18 08:45:00,2011-11-24 09:21:00,382,524,74.7571428571
13278,41,4,1425.35,4,3,4,434,11,Potential Loyalists,2010-04-08 11:59:00,2011-10-30 11:49:00,1333,570,356.3375
13279,79,1,137.75,3,1,1,311,5,Need Attention,2011-09-22 17:24:00,2011-09-22 17:24:00,73,0,137.75
13280,123,7,2322.63,3,4,4,344,11,Loyal Customers,2010-03-05 09:07:00,2011-08-09 13:14:00,1495,522,331.804285714
13281,440,1,350.85,1,1,2,112,4,Lost,2010-09-26 16:03:00,2010-09-26 16:03:00,201,0,350.85
13282,19,4,1313.19,5,3,4,534,12,Potential Loyalists,2010-10-29 14:11:00,2011-11-21 15:33:00,410,388,328.2975
13283,60,4,373.36,3,3,2,332,8,Need Attention,2010-03-09 14:36:00,2011-10-11 09:50:00,204,581,93.34
13284,331,1,201.19,2,1,1,211,4,Hibernating,2011-01-13 09:23:00,2011-01-13 09:23:00,91,0,201.19
13285,24,6,3364.59,4,4,5,445,13,Champions,2010-03-25 14:26:00,2011-11-16 13:19:00,2457,601,560.765
13286,601,1,734.91,1,1,3,113,5,Lost,2010-04-18 15:35:00,2010-04-18 15:35:00,274,0,734.91
13287,604,3,781.59,1,3,3,133,7,At Risk,2010-01-04 10:43:00,2010-04-15 15:26:00,429,101,260.53
13288,444,5,927.61,1,4,3,143,8,At Risk,2010-02-11 14:59:00,2010-09-22 16:32:00,379,223,185.522
13289,724,1,307.95,1,1,2,112,4,Lost,2009-12-16 11:53:00,2009-12-16 11:53:00,119,0,307.95
13291,156,11,3320.84,3,5,5,355,13,Loyal Customers,2010-02-11 18:36:00,2011-07-07 10:36:00,1619,511,301.894545455
13292,39,5,994.51,4,4,3,443,11,Loyal Customers,2010-07-01 14:36:00,2011-11-01 10:04:00,530,488,198.902
13293,393,6,1192.94,2,4,3,243,9,At Risk,2010-02-09 12:05:00,2010-11-12 13:28:00,555,276,198.823333333
13294,190,3,1689.53,2,3,4,234,9,At Risk,2010-03-03 12:54:00,2011-06-03 08:54:00,996,457,563.176666667
13295,360,4,1101.97,2,3,3,233,8,At Risk,2010-05-12 09:13:00,2010-12-15 11:21:00,733,217,275.4925
13296,138,6,792.51,3,4,3,343,10,Loyal Customers,2010-05-11 14:29:00,2011-07-25 13:46:00,653,440,132.085
13297,8,7,4368.62,5,4,5,545,14,Champions,2010-06-15 12:35:00,2011-12-02 09:32:00,2694,535,624.088571429
13298,2,1,360,5,1,2,512,8,New Customers,2011-12-08 13:11:00,2011-12-08 13:11:00,96,0,360
13299,269,3,1218.7,2,3,4,234,9,At Risk,2010-06-29 11:30:00,2011-03-16 12:55:00,416,260,406.233333333
13300,170,3,1285.51,3,3,4,334,10,Promising,2010-05-14 15:56:00,2011-06-23 13:09:00,455,405,428.503333333
13301,104,4,600.19,3,3,2,332,8,Need Attention,2011-02-20 13:13:00,2011-08-28 11:25:00,343,189,150.0475
13302,156,2,159.2,3,2,1,321,6,Need Attention,2010-07-01 12:32:00,2011-07-07 17:56:00,12,371,79.6
13303,401,1,61.72,2,1,1,211,4,Hibernating,2010-11-04 14:55:00,2010-11-04 14:55:00,26,0,61.72
13304,352,4,1217.99,2,3,4,234,9,At Risk,2010-02-08 12:42:00,2010-12-23 14:35:00,716,318,304.4975
13305,5,16,3618.51,5,5,5,555,15,Champions,2010-03-10 14:49:00,2011-12-05 15:15:00,2229,635,226.156875
13306,431,1,53.65,1,1,1,111,3,Lost,2010-10-05 14:55:00,2010-10-05 14:55:00,74,0,53.65
13307,121,3,273.34,3,3,1,331,7,Need Attention,2010-04-26 13:28:00,2011-08-11 17:14:00,140,472,91.1133333333
13308,23,4,1670.37,4,3,4,434,11,Potential Loyalists,2010-04-22 09:22:00,2011-11-17 09:31:00,1073,574,417.5925
13309,8,6,1706.37,5,4,4,544,13,Champions,2010-11-12 12:10:00,2011-12-02 16:34:00,1914,385,284.395
13310,29,5,1541.2,4,4,4,444,12,Champions,2010-11-02 17:03:00,2011-11-11 17:23:00,816,374,308.24
13311,5,2,598.57,5,2,2,522,9,Potential Loyalists,2011-07-12 14:26:00,2011-12-05 12:55:00,305,146,299.285
13312,452,1,124.75,1,1,1,111,3,Lost,2010-09-14 14:36:00,2010-09-14 14:36:00,41,0,124.75
13313,23,12,3445.32,4,5,5,455,14,Champions,2009-12-02 16:18:00,2011-11-17 16:48:00,2308,715,287.11
13314,2,3,775.94,5,3,3,533,11,Potential Loyalists,2011-09-27 10:20:00,2011-12-08 12:29:00,560,72,258.646666667
13315,690,1,310.26,1,1,2,112,4,Lost,2010-01-19 15:34:00,2010-01-19 15:34:00,232,0,310.26
13316,38,10,13191.57,4,5,5,455,14,Champions,2010-03-10 10:01:00,2011-11-02 13:40:00,21372,602,1319.157
13317,67,19,6486.091,3,5,5,355,13,Loyal Customers,2009-12-13 11:11:00,2011-10-04 13:35:00,3149,660,341.373210526
13318,2,3,640.76,5,3,3,533,11,Potential Loyalists,2011-11-02 13:26:00,2011-12-08 18:51:00,304,36,213.586666667
13319,6,58,21323.22,5,5,5,555,15,Champions,2009-12-06 14:46:00,2011-12-04 13:34:00,8974,728,367.641724138
13320,79,6,2228.1,3,4,4,344,11,Loyal Customers,2010-08-18 10:29:00,2011-09-22 18:07:00,1519,400,371.35
13321,73,2,567.36,3,2,2,322,7,Need Attention,2011-09-14 15:18:00,2011-09-28 15:24:00,372,14,283.68
13322,18,1,199.48,5,1,1,511,7,New Customers,2011-11-22 14:21:00,2011-11-22 14:21:00,117,0,199.48
13323,4,5,787.85,5,4,3,543,12,Loyal Customers,2011-09-16 13:23:00,2011-12-06 17:12:00,175,81,157.57
13324,37,18,10513.47,4,5,5,455,14,Champions,2010-05-25 10:23:00,2011-11-03 16:28:00,8448,527,584.081666667
13325,82,1,675.3,3,1,3,313,7,Need Attention,2011-09-19 10:36:00,2011-09-19 10:36:00,240,0,675.3
13326,433,1,281.76,1,1,1,111,3,Lost,2010-10-03 16:00:00,2010-10-03 16:00:00,140,0,281.76
13327,39,19,9052.87,4,5,5,455,14,Champions,2009-12-18 15:35:00,2011-11-01 10:21:00,4202,683,476.466842105
13328,317,1,1308.48,2,1,4,214,7,Hibernating,2011-01-27 15:22:00,2011-01-27 15:22:00,680,0,1308.48
13329,32,8,4808.77,4,4,5,445,13,Champions,2009-12-04 15:41:00,2011-11-08 10:29:00,3311,704,601.09625
13330,93,6,2806.18,3,4,4,344,11,Loyal Customers,2010-02-23 10:12:00,2011-09-08 12:27:00,1975,562,467.696666667
13331,402,1,262.4,2,1,1,211,4,Hibernating,2010-11-03 08:04:00,2010-11-03 08:04:00,54,0,262.4
13332,15,1,350.9,5,1,2,512,8,New Customers,2011-11-25 13:30:00,2011-11-25 13:30:00,179,0,350.9
13333,412,3,1015.74,1,3,3,133,7,At Risk,2010-02-19 09:26:00,2010-10-24 13:24:00,685,247,338.58
13334,83,5,6263.75,3,4,5,345,12,Loyal Customers,2010-02-25 12:21:00,2011-09-18 15:21:00,3227,570,1252.75
13336,78,1,795.12,3,1,3,313,7,Need Attention,2011-09-23 14:05:00,2011-09-23 14:05:00,559,0,795.12
13337,547,1,1575.26,1,1,4,114,6,Lost,2010-06-11 13:27:00,2010-06-11 13:27:00,980,0,1575.26
13338,158,4,2345.62,3,3,4,334,10,Promising,2010-01-05 12:25:00,2011-07-05 09:06:00,1149,546,586.405
13339,201,1,860.12,2,1,3,213,6,Hibernating,2011-05-23 08:31:00,2011-05-23 08:31:00,326,0,860.12
13340,46,12,22100.56,4,5,5,455,14,Champions,2010-02-22 14:54:00,2011-10-25 13:15:00,9636,610,1841.71333333
13341,261,1,775.85,2,1,3,213,6,Hibernating,2011-03-24 09:50:00,2011-03-24 09:50:00,301,0,775.85
13343,178,1,303.43,3,1,2,312,6,Need Attention,2011-06-15 12:24:00,2011-06-15 12:24:00,134,0,303.43
13344,68,3,2543.72,3,3,4,334,10,Promising,2011-03-07 10:28:00,2011-10-03 09:45:00,971,210,847.906666667
13345,288,1,339.5,2,1,2,212,5,Hibernating,2011-02-25 09:01:00,2011-02-25 09:01:00,140,0,339.5
13346,463,6,299.4,1,4,2,142,7,At Risk,2010-04-22 12:34:00,2010-09-03 11:41:00,180,134,49.9
13347,71,1,291.36,3,1,2,312,6,Need Attention,2011-09-30 13:28:00,2011-09-30 13:28:00,204,0,291.36
13348,65,1,233.76,3,1,1,311,5,Need Attention,2011-10-06 17:28:00,2011-10-06 17:28:00,136,0,233.76
13349,11,1,197.32,5,1,1,511,7,New Customers,2011-11-29 08:07:00,2011-11-29 08:07:00,224,0,197.32
13350,17,2,879.12,5,2,3,523,10,Potential Loyalists,2011-09-21 13:33:00,2011-11-23 16:33:00,285,63,439.56
13351,67,1,323.94,3,1,2,312,6,Need Attention,2011-10-04 12:55:00,2011-10-04 12:55:00,116,0,323.94
13352,61,1,347.98,3,1,2,312,6,Need Attention,2011-10-10 13:55:00,2011-10-10 13:55:00,320,0,347.98
13354,72,1,743.53,3,1,3,313,7,Need Attention,2011-09-29 13:17:00,2011-09-29 13:17:00,604,0,743.53
13355,123,1,674.7,3,1,3,313,7,Need Attention,2011-08-09 14:48:00,2011-08-09 14:48:00,314,0,674.7
13356,81,1,768.24,3,1,3,313,7,Need Attention,2011-09-20 14:33:00,2011-09-20 14:33:00,325,0,768.24
13357,258,5,3817.36,2,4,5,245,11,At Risk,2010-03-22 14:30:00,2011-03-27 13:56:00,2092,370,763.472
13358,269,1,389.03,2,1,2,212,5,Hibernating,2011-03-16 11:52:00,2011-03-16 11:52:00,284,0,389.03
13359,64,2,943.31,3,2,3,323,8,Promising,2010-11-01 15:05:00,2011-10-07 09:30:00,379,340,471.655
13360,432,4,1503.65,1,3,4,134,8,At Risk,2010-01-08 11:16:00,2010-10-04 12:37:00,941,269,375.9125
13361,473,2,1450.5,1,2,4,124,7,Lost,2010-04-01 07:49:00,2010-08-24 14:56:00,324,145,725.25
13362,10,7,5394.07,5,4,5,545,14,Champions,2010-10-10 15:27:00,2011-11-30 14:41:00,2481,416,770.581428571
13363,18,3,1623.86,5,3,4,534,12,Potential Loyalists,2010-10-26 11:07:00,2011-11-22 12:40:00,1144,392,541.286666667
13364,72,1,134.96,3,1,1,311,5,Need Attention,2011-09-29 18:13:00,2011-09-29 18:13:00,71,0,134.96
13365,34,2,2225.37,4,2,4,424,10,Potential Loyalists,2011-05-06 12:00:00,2011-11-06 12:36:00,1247,184,1112.685
13366,51,1,56.16,4,1,1,411,6,Promising,2011-10-20 13:37:00,2011-10-20 13:37:00,144,0,56.16
13367,432,1,460.2,1,1,2,112,4,Lost,2010-10-04 10:00:00,2010-10-04 10:00:00,252,0,460.2
13368,257,4,1021.5,2,3,3,233,8,At Risk,2010-10-12 10:43:00,2011-03-28 09:59:00,604,167,255.375
13369,366,1,258.28,2,1,1,211,4,Hibernating,2010-12-09 11:30:00,2010-12-09 11:30:00,148,0,258.28
13370,372,1,754.87,2,1,3,213,6,Hibernating,2010-12-03 10:26:00,2010-12-03 10:26:00,343,0,754.87
13371,506,2,2297.66,1,2,4,124,7,Lost,2010-03-17 15:29:00,2010-07-22 17:33:00,1019,127,1148.83
13372,90,1,328.64,3,1,2,312,6,Need Attention,2011-09-11 12:46:00,2011-09-11 12:46:00,158,0,328.64
13373,61,6,7587.19,3,4,5,345,12,Loyal Customers,2009-12-06 12:34:00,2011-10-10 10:51:00,4263,673,1264.53166667
13374,415,2,372.8,1,2,2,122,5,Lost,2010-09-16 10:29:00,2010-10-21 10:04:00,134,35,186.4
13375,89,2,1792.23,3,2,4,324,9,Promising,2010-09-21 08:12:00,2011-09-12 10:19:00,1124,356,896.115
13376,100,3,869.76,3,3,3,333,9,Promising,2011-04-19 13:03:00,2011-09-01 16:16:00,490,135,289.92
13377,397,2,1452.88,2,2,4,224,8,Hibernating,2010-03-04 10:06:00,2010-11-08 12:20:00,746,249,726.44
13379,27,3,572.56,4,3,2,432,9,Potential Loyalists,2011-07-26 12:26:00,2011-11-13 13:45:00,601,110,190.853333333
13380,433,1,62.4,1,1,1,111,3,Lost,2010-10-03 10:18:00,2010-10-03 10:18:00,48,0,62.4
13381,32,12,8224.37,4,5,5,455,14,Champions,2009-12-01 15:19:00,2011-11-08 11:58:00,5125,707,685.364166667
13382,281,5,1387.58,2,4,4,244,10,At Risk,2009-12-08 09:56:00,2011-03-04 10:03:00,863,451,277.516
13383,544,1,305.28,1,1,2,112,4,Lost,2010-06-14 11:45:00,2010-06-14 11:45:00,288,0,305.28
13384,31,11,6680.83,4,5,5,455,14,Champions,2010-07-27 12:22:00,2011-11-09 11:04:00,4142,470,607.348181818
13385,330,1,534.57,2,1,2,212,5,Hibernating,2011-01-14 09:52:00,2011-01-14 09:52:00,281,0,534.57
13386,415,2,835.46,1,2,3,123,6,Lost,2010-09-28 13:09:00,2010-10-21 12:52:00,514,23,417.73
13387,418,1,184.34,1,1,1,111,3,Lost,2010-10-18 14:07:00,2010-10-18 14:07:00,119,0,184.34
13388,132,3,1185.65,3,3,3,333,9,Promising,2010-04-15 10:18:00,2011-07-31 12:52:00,701,472,395.216666667
13389,12,3,797.96,5,3,3,533,11,Potential Loyalists,2011-04-21 12:12:00,2011-11-28 14:01:00,429,221,265.986666667
13390,75,1,544.08,3,1,2,312,6,Need Attention,2011-09-26 08:38:00,2011-09-26 08:38:00,224,0,544.08
13391,204,1,59.8,2,1,1,211,4,Hibernating,2011-05-20 10:50:00,2011-05-20 10:50:00,4,0,59.8
13392,678,1,91.14,1,1,1,111,3,Lost,2010-01-31 13:34:00,2010-01-31 13:34:00,82,0,91.14
13393,584,4,1131.45,1,3,3,133,7,At Risk,2009-12-07 18:12:00,2010-05-05 09:34:00,662,149,282.8625
13394,2,19,6621.7,5,5,5,555,15,Champions,2009-12-01 11:58:00,2011-12-08 11:36:00,5354,737,348.510526316
13395,186,3,1180.23,3,3,3,333,9,Promising,2010-10-14 13:00:00,2011-06-07 15:04:00,1660,236,393.41
13396,30,2,1360.99,4,2,4,424,10,Potential Loyalists,2011-01-24 13:37:00,2011-11-10 16:59:00,600,290,680.495
13397,73,10,3191.87,3,5,5,355,13,Loyal Customers,2010-01-20 09:50:00,2011-09-28 10:56:00,1336,616,319.187
13398,193,2,670.34,2,2,3,223,7,Hibernating,2010-09-17 09:34:00,2011-05-31 13:17:00,341,256,335.17
13399,465,3,275.4,1,3,1,131,5,At Risk,2010-07-08 17:47:00,2010-09-01 13:59:00,120,55,91.8
13400,583,1,310.83,1,1,2,112,4,Lost,2010-05-06 09:00:00,2010-05-06 09:00:00,284,0,310.83
13402,128,4,1226.85,3,3,4,334,10,Promising,2010-05-24 10:56:00,2011-08-04 15:51:00,917,437,306.7125
13403,18,3,229.5,5,3,1,531,9,Potential Loyalists,2009-12-16 13:23:00,2011-11-22 08:28:00,114,706,76.5
13404,2,2,252.49,5,2,1,521,8,Potential Loyalists,2011-05-11 11:57:00,2011-12-08 15:37:00,111,211,126.245
13405,205,5,1198.81,2,4,3,243,9,At Risk,2009-12-15 14:13:00,2011-05-19 16:31:00,853,520,239.762
13406,428,2,568.92,1,2,2,122,5,Lost,2010-03-18 07:29:00,2010-10-08 14:44:00,292,204,284.46
13407,579,3,2244.7,1,3,4,134,8,At Risk,2010-02-16 11:13:00,2010-05-10 12:41:00,1690,83,748.233333333
13408,2,106,50174.782,5,5,5,555,15,Champions,2009-12-04 09:31:00,2011-12-08 09:05:00,28675,734,473.347
13410,25,9,2201.96,4,5,4,454,13,Champions,2009-12-08 13:43:00,2011-11-15 15:33:00,1244,707,244.662222222
13411,108,1,213.55,3,1,1,311,5,Need Attention,2011-08-24 13:57:00,2011-08-24 13:57:00,72,0,213.55
13412,621,1,487.35,1,1,2,112,4,Lost,2010-03-29 16:28:00,2010-03-29 16:28:00,176,0,487.35
13413,640,6,429.44,1,4,2,142,7,At Risk,2010-01-21 17:43:00,2010-03-10 12:17:00,455,48,71.5733333333
13414,134,6,2494.14,3,4,4,344,11,Loyal Customers,2010-04-15 17:00:00,2011-07-29 11:45:00,2702,470,415.69
13415,473,4,800.67,1,3,3,133,7,At Risk,2009-12-11 14:20:00,2010-08-24 11:38:00,502,256,200.1675
13416,44,3,940.8,4,3,3,433,10,Potential Loyalists,2009-12-03 13:02:00,2011-10-27 08:56:00,208,693,313.6
13417,5,6,1669.49,5,4,4,544,13,Champions,2010-02-08 12:39:00,2011-12-05 08:49:00,532,665,278.248333333
13418,12,31,11610.36,5,5,5,555,15,Champions,2009-12-11 12:51:00,2011-11-28 10:23:00,7372,717,374.527741935
13419,64,1,221.06,3,1,1,311,5,Need Attention,2011-10-07 12:49:00,2011-10-07 12:49:00,275,0,221.06
13420,150,2,159.85,3,2,1,321,6,Need Attention,2011-06-22 11:35:00,2011-07-13 08:48:00,101,21,79.925
13421,41,8,4092.62,4,4,5,445,13,Champions,2010-02-14 14:45:00,2011-10-30 14:21:00,2395,623,511.5775
13422,65,1,2626.3,3,1,4,314,8,Need Attention,2011-10-06 13:42:00,2011-10-06 13:42:00,1326,0,2626.3
13423,429,1,217.03,1,1,1,111,3,Lost,2010-10-07 09:02:00,2010-10-07 09:02:00,141,0,217.03
13424,450,1,572.77,1,1,2,112,4,Lost,2010-09-16 10:49:00,2010-09-16 10:49:00,529,0,572.77
13425,109,5,3403.63,3,4,5,345,12,Loyal Customers,2010-05-09 14:35:00,2011-08-23 17:13:00,2382,471,680.726
13426,1,22,8167.38,5,5,5,555,15,Champions,2009-12-09 15:16:00,2011-12-09 08:59:00,4868,730,371.244545455
13427,20,6,1006.53,5,4,3,543,12,Loyal Customers,2009-12-17 13:44:00,2011-11-20 13:02:00,880,703,167.755
13428,11,3,499.98,5,3,2,532,10,Potential Loyalists,2010-07-13 13:20:00,2011-11-29 14:20:00,366,504,166.66
13429,11,4,1006.8,5,3,3,533,11,Potential Loyalists,2011-09-25 15:59:00,2011-11-29 09:10:00,1390,65,251.7
13430,19,2,679.45,5,2,3,523,10,Potential Loyalists,2011-09-14 14:26:00,2011-11-21 08:19:00,751,68,339.725
13431,68,8,3316.24,3,4,5,345,12,Loyal Customers,2010-02-18 11:53:00,2011-10-03 13:49:00,1570,592,414.53
13432,572,2,436.55,1,2,2,122,5,Lost,2010-04-06 14:42:00,2010-05-17 13:18:00,214,41,218.275
13433,502,4,658.32,1,3,3,133,7,At Risk,2010-01-12 08:59:00,2010-07-26 16:55:00,190,195,164.58
13434,75,5,1666.86,3,4,4,344,11,Loyal Customers,2010-02-22 09:54:00,2011-09-26 14:30:00,864,581,333.372
13435,6,9,4475.23,5,5,5,555,15,Champions,2010-07-27 16:56:00,2011-12-04 14:45:00,2791,495,497.247777778
13436,2,1,196.89,5,1,1,511,7,New Customers,2011-12-08 10:33:00,2011-12-08 10:33:00,76,0,196.89
13437,15,7,3408.06,5,4,5,545,14,Champions,2011-06-02 14:30:00,2011-11-25 14:00:00,1283,176,486.865714286
13438,548,1,46.5,1,1,1,111,3,Lost,2010-06-10 18:46:00,2010-06-10 18:46:00,10,0,46.5
13439,256,3,986.61,2,3,3,233,8,At Risk,2010-07-01 14:36:00,2011-03-29 14:20:00,952,271,328.87
13440,424,7,1295.25,1,4,4,144,9,At Risk,2010-09-14 10:34:00,2010-10-12 13:11:00,573,28,185.035714286
13441,92,2,720.9,3,2,3,323,8,Promising,2010-10-04 10:38:00,2011-09-09 09:38:00,520,340,360.45
13442,668,3,419.87,1,3,2,132,6,At Risk,2009-12-01 14:59:00,2010-02-10 14:03:00,115,71,139.956666667
13443,449,6,1276.37,1,4,4,144,9,At Risk,2010-01-31 13:30:00,2010-09-17 12:31:00,806,229,212.728333333
13444,375,2,631.68,2,2,3,223,7,Hibernating,2010-07-21 14:34:00,2010-11-30 13:02:00,337,132,315.84
13445,627,1,241.9,1,1,1,111,3,Lost,2010-03-23 15:34:00,2010-03-23 15:34:00,198,0,241.9
13446,431,11,3881.89,1,5,5,155,11,At Risk,2010-02-14 11:52:00,2010-10-05 18:51:00,2403,233,352.899090909
13447,24,3,1129.14,4,3,3,433,10,Potential Loyalists,2011-11-04 10:10:00,2011-11-16 13:38:00,584,12,376.38
13448,17,12,8437.2,5,5,5,555,15,Champions,2009-12-06 12:14:00,2011-11-23 12:33:00,4241,717,703.1
13449,24,1,291.88,4,1,2,412,7,Promising,2011-11-16 08:28:00,2011-11-16 08:28:00,222,0,291.88
13450,27,13,4120.04,4,5,5,455,14,Champions,2010-04-15 19:15:00,2011-11-13 11:54:00,4318,577,316.926153846
13451,27,11,7189.78,4,5,5,455,14,Champions,2010-03-21 16:13:00,2011-11-13 15:58:00,5265,602,653.616363636
13452,260,3,729.8,2,3,3,233,8,At Risk,2010-08-24 09:53:00,2011-03-25 14:19:00,6,213,243.266666667
13453,166,3,781.69,3,3,3,333,9,Promising,2010-11-02 13:23:00,2011-06-27 09:34:00,341,237,260.563333333
13454,642,1,219.87,1,1,1,111,3,Lost,2010-03-08 14:40:00,2010-03-08 14:40:00,198,0,219.87
13455,25,6,2212.99,4,4,4,444,12,Champions,2009-12-09 08:58:00,2011-11-15 11:21:00,795,706,368.831666667
13456,18,6,1766.72,5,4,4,544,13,Champions,2011-05-16 15:34:00,2011-11-22 09:18:00,765,190,294.453333333
13457,689,2,148.22,1,2,1,121,4,Lost,2009-12-02 12:46:00,2010-01-20 08:48:00,96,49,74.11
13458,8,16,11959.27,5,5,5,555,15,Champions,2010-11-16 14:01:00,2011-12-02 15:29:00,6760,381,747.454375
13459,625,2,1160.41,1,2,3,123,6,Lost,2010-01-26 13:35:00,2010-03-25 10:24:00,986,58,580.205
13460,30,2,183.44,4,2,1,421,7,Potential Loyalists,2011-10-21 09:50:00,2011-11-10 17:17:00,286,20,91.72
13461,39,6,4160,4,4,5,445,13,Champions,2010-04-21 16:01:00,2011-11-01 09:01:00,3132,559,693.333333333
13462,253,5,1153.85,2,4,3,243,9,At Risk,2009-12-14 09:48:00,2011-04-01 11:20:00,697,473,230.77
13464,59,6,3097.64,4,4,5,445,13,Champions,2010-03-31 15:22:00,2011-10-12 15:01:00,1440,560,516.273333333
13465,447,2,931.12,1,2,3,123,6,Lost,2010-05-02 15:30:00,2010-09-19 15:13:00,584,140,465.56
13466,185,5,1013.35,3,4,3,343,10,Loyal Customers,2010-03-21 13:50:00,2011-06-08 16:39:00,660,444,202.67
13467,11,2,1083.71,5,2,3,523,10,Potential Loyalists,2011-11-03 16:56:00,2011-11-29 10:01:00,584,26,541.855
13468,2,72,12808.28,5,5,5,555,15,Champions,2009-12-03 13:32:00,2011-12-08 10:39:00,5629,735,177.892777778
13469,654,1,82.4,1,1,1,111,3,Lost,2010-02-24 15:03:00,2010-02-24 15:03:00,52,0,82.4
13470,100,2,165,3,2,1,321,6,Need Attention,2011-08-16 17:06:00,2011-09-01 14:57:00,100,16,82.5
13471,2,4,2531.58,5,3,4,534,12,Potential Loyalists,2011-10-23 13:10:00,2011-12-08 15:44:00,1590,46,632.895
13472,464,2,592.24,1,2,2,122,5,Lost,2010-06-02 09:48:00,2010-09-02 09:41:00,310,92,296.12
13473,61,8,2657.76,3,4,4,344,11,Loyal Customers,2009-12-15 19:02:00,2011-10-10 11:20:00,1000,664,332.22
13474,237,3,663.79,2,3,3,233,8,At Risk,2010-08-01 14:40:00,2011-04-17 13:53:00,334,259,221.263333333
13475,192,4,1431.78,2,3,4,234,9,At Risk,2011-02-14 12:36:00,2011-06-01 13:52:00,1012,107,357.945
13476,179,5,2061.47,3,4,4,344,11,Loyal Customers,2010-03-05 09:39:00,2011-06-14 12:00:00,713,466,412.294
13477,38,11,2834.17,4,5,4,454,13,Champions,2010-01-25 11:52:00,2011-11-02 12:04:00,2095,646,257.651818182
13478,470,5,2215.78,1,4,4,144,9,At Risk,2010-01-31 15:51:00,2010-08-27 13:23:00,1189,208,443.156
13479,201,4,851.37,2,3,3,233,8,At Risk,2010-08-19 16:18:00,2011-05-23 10:45:00,716,277,212.8425
13480,417,2,627.82,1,2,3,123,6,Lost,2010-01-29 12:35:00,2010-10-19 11:53:00,362,263,313.91
13481,46,11,3830.84,4,5,5,455,14,Champions,2009-12-04 12:37:00,2011-10-25 09:07:00,2055,690,348.258181818
13482,233,2,336.09,2,2,2,222,6,Hibernating,2010-03-22 10:31:00,2011-04-21 17:03:00,187,395,168.045
13483,66,1,140.34,3,1,1,311,5,Need Attention,2011-10-05 11:53:00,2011-10-05 11:53:00,160,0,140.34
13484,242,3,790.72,2,3,3,233,8,At Risk,2010-03-10 11:46:00,2011-04-12 16:30:00,224,398,263.573333333
13485,234,11,3015.22,2,5,5,255,12,At Risk,2009-12-03 13:46:00,2011-04-20 13:58:00,1797,503,274.110909091
13486,79,3,1122.41,3,3,3,333,9,Promising,2011-07-07 17:19:00,2011-09-22 13:13:00,669,77,374.136666667
13487,58,5,846.87,4,4,3,443,11,Loyal Customers,2009-12-05 10:25:00,2011-10-13 12:07:00,362,677,169.374
13488,18,23,14205.96,5,5,5,555,15,Champions,2010-01-25 10:13:00,2011-11-22 14:41:00,7375,666,617.650434783
13489,106,4,449.52,3,3,2,332,8,Need Attention,2011-02-18 10:42:00,2011-08-26 13:16:00,560,189,112.38
13490,655,1,154.25,1,1,1,111,3,Lost,2010-02-23 14:48:00,2010-02-23 14:48:00,25,0,154.25
13491,52,27,4467.66,4,5,5,455,14,Champions,2009-12-07 08:24:00,2011-10-19 08:32:00,2349,681,165.468888889
13492,137,3,1269.84,3,3,4,334,10,Promising,2011-05-09 10:06:00,2011-07-26 14:25:00,408,78,423.28
13493,276,2,498.63,2,2,2,222,6,Hibernating,2011-02-25 16:42:00,2011-03-09 15:35:00,377,12,249.315
13494,312,1,316.26,2,1,2,212,5,Hibernating,2011-02-01 11:58:00,2011-02-01 11:58:00,162,0,316.26
13495,8,10,4863.31,5,5,5,555,15,Champions,2009-12-07 12:12:00,2011-12-02 11:21:00,2465,725,486.331
13496,11,2,653.33,5,2,3,523,10,Potential Loyalists,2010-12-15 10:17:00,2011-11-29 10:58:00,341,349,326.665
13497,283,6,1166.83,2,4,3,243,9,At Risk,2010-02-08 10:27:00,2011-03-02 09:04:00,525,387,194.471666667
13498,731,1,327.38,1,1,2,112,4,Lost,2009-12-09 15:26:00,2009-12-09 15:26:00,362,0,327.38
13499,18,5,1159.11,5,4,3,543,12,Loyal Customers,2011-03-15 08:52:00,2011-11-22 11:21:00,1365,252,231.822
13500,24,4,1466.3,4,3,4,434,11,Potential Loyalists,2010-11-03 13:16:00,2011-11-16 15:35:00,838,378,366.575
13501,289,3,2885.11,2,3,4,234,9,At Risk,2010-05-18 13:24:00,2011-02-24 18:59:00,1253,282,961.703333333
13502,17,5,780.5,5,4,3,543,12,Loyal Customers,2010-06-09 10:52:00,2011-11-23 10:39:00,490,532,156.1
13503,72,5,1824.19,3,4,4,344,11,Loyal Customers,2010-02-16 13:49:00,2011-09-29 13:23:00,1114,590,364.838
13504,65,1,295.93,3,1,2,312,6,Need Attention,2011-10-06 13:20:00,2011-10-06 13:20:00,178,0,295.93
13505,73,4,3633.63,3,3,5,335,11,Promising,2011-04-21 12:07:00,2011-09-28 11:56:00,2467,160,908.4075
13506,317,5,1338.08,2,4,4,244,10,At Risk,2010-09-05 12:33:00,2011-01-27 13:53:00,942,144,267.616
13507,4,4,2479.16,5,3,4,534,12,Potential Loyalists,2011-07-17 11:50:00,2011-12-06 13:13:00,1597,142,619.79
13508,244,2,287.05,2,2,2,222,6,Hibernating,2010-03-07 11:58:00,2011-04-10 11:58:00,180,399,143.525
13509,9,7,1099.72,5,4,3,543,12,Loyal Customers,2010-07-20 12:10:00,2011-12-01 10:10:00,1213,499,157.102857143
13510,2,11,4558.29,5,5,5,555,15,Champions,2009-12-21 11:53:00,2011-12-08 13:46:00,3044,717,414.39
13511,677,1,282.76,1,1,1,111,3,Lost,2010-02-01 12:10:00,2010-02-01 12:10:00,60,0,282.76
13512,261,4,713.39,2,3,3,233,8,At Risk,2010-05-05 13:22:00,2011-03-24 10:03:00,419,323,178.3475
13513,127,3,824.59,3,3,3,333,9,Promising,2010-02-22 16:36:00,2011-08-05 11:50:00,364,529,274.863333333
13514,74,4,815.9,3,3,3,333,9,Promising,2010-01-26 15:11:00,2011-09-27 09:39:00,288,609,203.975
13515,73,6,1265.82,3,4,4,344,11,Loyal Customers,2010-03-05 11:58:00,2011-09-28 11:26:00,819,572,210.97
13516,22,4,1685.26,4,3,4,434,11,Potential Loyalists,2010-10-18 08:52:00,2011-11-18 13:15:00,1114,396,421.315
13517,60,3,2128.42,3,3,4,334,10,Promising,2011-06-13 08:44:00,2011-10-11 11:43:00,1369,120,709.473333333
13518,86,1,659.44,3,1,3,313,7,Need Attention,2011-09-15 10:29:00,2011-09-15 10:29:00,392,0,659.44
13519,79,2,343.21,3,2,2,322,7,Need Attention,2010-09-23 11:45:00,2011-09-22 18:24:00,133,364,171.605
13520,59,11,5446,4,5,5,455,14,Champions,2009-12-17 11:11:00,2011-10-12 10:20:00,3150,664,495.090909091
13521,2,3,1092.39,5,3,3,533,11,Potential Loyalists,2011-11-29 15:09:00,2011-12-08 13:50:00,733,9,364.13
13522,31,1,125.8,4,1,1,411,6,Promising,2011-11-09 15:11:00,2011-11-09 15:11:00,44,0,125.8
13523,34,6,4534.57,4,4,5,445,13,Champions,2010-11-02 14:55:00,2011-11-06 15:11:00,1989,369,755.761666667
13524,41,5,680.18,4,4,3,443,11,Loyal Customers,2011-05-04 12:26:00,2011-10-30 12:34:00,324,179,136.036
13525,15,2,628.78,5,2,3,523,10,Potential Loyalists,2011-04-05 15:36:00,2011-11-25 12:01:00,394,234,314.39
13526,739,2,1182,1,2,3,123,6,Lost,2009-12-01 12:56:00,2009-12-01 13:13:00,1911,0,591
13527,34,12,4683.74,4,5,5,455,14,Champions,2010-01-21 12:37:00,2011-11-06 12:04:00,2762,654,390.311666667
13529,79,2,307.76,3,2,2,322,7,Need Attention,2011-05-19 11:50:00,2011-09-22 09:15:00,74,126,153.88
13530,635,1,402.98,1,1,2,112,4,Lost,2010-03-15 14:10:00,2010-03-15 14:10:00,272,0,402.98
13531,206,6,1433.07,2,4,4,244,10,At Risk,2009-12-03 15:20:00,2011-05-18 16:56:00,497,531,238.845
13532,34,1,210.31,4,1,1,411,6,Promising,2011-11-06 12:25:00,2011-11-06 12:25:00,129,0,210.31
13533,183,3,270.79,3,3,1,331,7,Need Attention,2011-03-17 12:47:00,2011-06-10 11:54:00,204,85,90.2633333333
13534,3,35,7720.9,5,5,5,555,15,Champions,2010-07-07 15:00:00,2011-12-07 14:52:00,3869,518,220.597142857
13535,403,1,89.5,2,1,1,211,4,Hibernating,2010-11-02 11:49:00,2010-11-02 11:49:00,10,0,89.5
13536,2,7,3448.29,5,4,5,545,14,Champions,2011-09-25 13:30:00,2011-12-08 16:38:00,2136,74,492.612857143
13537,426,2,717.85,1,2,3,123,6,Lost,2010-09-14 10:41:00,2010-10-10 12:45:00,337,26,358.925
13538,44,12,3112.73,4,5,5,455,14,Champions,2010-02-02 12:47:00,2011-10-27 16:34:00,963,632,259.394166667
13539,86,7,1569.36,3,4,4,344,11,Loyal Customers,2010-04-28 12:04:00,2011-09-15 10:18:00,710,505,224.194285714
13540,468,3,632.39,1,3,3,133,7,At Risk,2010-02-22 09:22:00,2010-08-29 14:20:00,189,188,210.796666667
13541,428,2,785.25,1,2,3,123,6,Lost,2010-05-18 16:15:00,2010-10-08 16:37:00,279,143,392.625
13542,377,17,4006.17,2,5,5,255,12,At Risk,2009-12-10 19:53:00,2010-11-28 11:24:00,815,353,235.657058824
13543,635,2,1439.61,1,2,4,124,7,Lost,2010-01-21 14:30:00,2010-03-15 13:34:00,329,53,719.805
13544,40,6,829,4,4,3,443,11,Loyal Customers,2010-03-05 11:31:00,2011-10-31 11:57:00,358,605,138.166666667
13545,391,2,374.64,2,2,2,222,6,Hibernating,2010-06-13 11:49:00,2010-11-14 11:27:00,257,154,187.32
13546,13,5,1092.14,5,4,3,543,12,Loyal Customers,2010-10-11 17:23:00,2011-11-27 14:50:00,589,412,218.428
13547,409,1,172.98,2,1,1,211,4,Hibernating,2010-10-27 14:14:00,2010-10-27 14:14:00,81,0,172.98
13548,97,3,908.99,3,3,3,333,9,Promising,2010-08-25 13:44:00,2011-09-04 14:50:00,565,375,302.996666667
13549,26,8,1005.8,4,4,3,443,11,Loyal Customers,2010-11-17 12:17:00,2011-11-14 09:20:00,554,362,125.725
13550,384,1,349.51,2,1,2,212,5,Hibernating,2010-11-21 15:24:00,2010-11-21 15:24:00,454,0,349.51
13551,320,2,244.2,2,2,1,221,5,Hibernating,2010-02-11 15:01:00,2011-01-24 14:46:00,36,347,122.1
13552,67,22,6978.92,3,5,5,355,13,Loyal Customers,2010-02-19 13:28:00,2011-10-04 15:19:00,2654,592,317.223636364
13553,675,1,517.8,1,1,2,112,4,Lost,2010-02-03 12:21:00,2010-02-03 12:21:00,206,0,517.8
13554,381,7,1638.28,2,4,4,244,10,At Risk,2010-09-19 12:39:00,2010-11-24 15:05:00,581,66,234.04
13555,74,13,8999.19,3,5,5,355,13,Loyal Customers,2010-01-19 13:20:00,2011-09-27 12:36:00,4827,616,692.245384615
13556,430,2,200.82,1,2,1,121,4,Lost,2010-09-30 09:01:00,2010-10-06 16:44:00,134,6,100.41
13557,29,13,3032.26,4,5,5,455,14,Champions,2009-12-08 17:41:00,2011-11-11 15:24:00,2398,703,233.250769231
13558,6,4,605.06,5,3,2,532,10,Potential Loyalists,2011-10-02 13:01:00,2011-12-04 11:24:00,344,63,151.265
13559,513,2,990,1,2,3,123,6,Lost,2010-06-14 11:52:00,2010-07-15 09:52:00,360,31,495
13560,8,1,174.37,5,1,1,511,7,New Customers,2011-12-02 13:11:00,2011-12-02 13:11:00,64,0,174.37
13561,216,11,1820.72,2,5,4,254,11,At Risk,2010-02-28 13:42:00,2011-05-08 12:39:00,1136,434,165.52
13562,82,8,4838.18,3,4,5,345,12,Loyal Customers,2010-01-14 16:33:00,2011-09-19 10:51:00,1603,613,604.7725
13563,85,2,777.53,3,2,3,323,8,Promising,2011-07-22 17:21:00,2011-09-16 14:45:00,209,56,388.765
13564,355,36,16090.8,2,5,5,255,12,At Risk,2009-12-02 11:55:00,2010-12-20 16:50:00,8950,383,446.966666667
13565,20,3,414.8,5,3,2,532,10,Potential Loyalists,2010-10-24 15:51:00,2011-11-20 14:33:00,260,392,138.266666667
13566,41,5,1704.27,4,4,4,444,12,Champions,2010-03-10 12:22:00,2011-10-30 11:59:00,1259,599,340.854
13567,429,4,1083.69,1,3,3,133,7,At Risk,2010-06-16 12:48:00,2010-10-07 12:51:00,645,113,270.9225
13568,174,1,192.85,3,1,1,311,5,Need Attention,2011-06-19 14:42:00,2011-06-19 14:42:00,70,0,192.85
13569,18,4,773.96,5,3,3,533,11,Potential Loyalists,2010-10-07 13:05:00,2011-11-22 13:07:00,357,411,193.49
13570,244,1,239.49,2,1,1,211,4,Hibernating,2011-04-10 13:36:00,2011-04-10 13:36:00,161,0,239.49
13571,13,26,4546.54,5,5,5,555,15,Champions,2009-12-08 13:02:00,2011-11-27 10:47:00,3197,719,174.866923077
13572,206,1,1384.25,2,1,4,214,7,Hibernating,2011-05-18 11:59:00,2011-05-18 11:59:00,534,0,1384.25
13573,51,6,915.02,4,4,3,443,11,Loyal Customers,2010-03-12 16:06:00,2011-10-20 14:33:00,659,587,152.503333333
13574,412,1,421.25,1,1,2,112,4,Lost,2010-10-24 13:28:00,2010-10-24 13:28:00,316,0,421.25
13575,24,5,732.07,4,4,3,443,11,Loyal Customers,2011-06-16 14:24:00,2011-11-16 13:14:00,449,153,146.414
13576,11,28,11202.59,5,5,5,555,15,Champions,2009-12-08 15:12:00,2011-11-29 15:34:00,4506,721,400.0925
13577,26,11,3484.28,4,5,5,455,14,Champions,2009-12-14 16:10:00,2011-11-14 15:19:00,1660,700,316.752727273
13578,410,1,147.66,1,1,1,111,3,Lost,2010-10-26 13:44:00,2010-10-26 13:44:00,127,0,147.66
13579,15,5,1374.34,5,4,4,544,13,Champions,2010-02-18 13:53:00,2011-11-25 08:41:00,718,645,274.868
13580,407,1,107.75,2,1,1,211,4,Hibernating,2010-10-29 15:01:00,2010-10-29 15:01:00,45,0,107.75
13581,310,2,280.53,2,2,1,221,5,Hibernating,2010-10-21 16:30:00,2011-02-03 14:41:00,119,105,140.265
13582,390,2,241.68,2,2,1,221,5,Hibernating,2010-04-01 11:38:00,2010-11-15 11:34:00,106,228,120.84
13583,156,2,1445.031,3,2,4,324,9,Promising,2010-01-29 13:53:00,2011-07-07 10:40:00,1097,524,722.5155
13584,307,3,392.45,2,3,2,232,7,At Risk,2010-02-02 08:40:00,2011-02-06 12:49:00,363,369,130.816666667
13585,531,3,684.54,1,3,3,133,7,At Risk,2009-12-01 14:56:00,2010-06-27 12:33:00,1386,208,228.18
13586,542,1,131.53,1,1,1,111,3,Lost,2010-06-16 13:47:00,2010-06-16 13:47:00,39,0,131.53
13587,64,4,1673.5,3,3,4,334,10,Promising,2010-02-14 13:17:00,2011-10-07 12:31:00,664,600,418.375
13588,16,9,2478.95,5,5,4,554,14,Champions,2011-03-29 15:53:00,2011-11-24 10:42:00,2606,240,275.438888889
13589,15,6,1120.74,5,4,3,543,12,Loyal Customers,2009-12-06 10:26:00,2011-11-25 12:10:00,293,719,186.79
13590,12,18,6349.59,5,5,5,555,15,Champions,2009-12-01 13:37:00,2011-11-28 12:54:00,5276,727,352.755
13591,65,7,2093.94,3,4,4,344,11,Loyal Customers,2009-12-14 15:44:00,2011-10-06 12:26:00,850,661,299.134285714
13592,36,4,247.96,4,3,1,431,8,Potential Loyalists,2011-03-20 14:01:00,2011-11-04 09:49:00,84,229,61.99
13593,109,14,5523.69,3,5,5,355,13,Loyal Customers,2010-03-02 16:36:00,2011-08-23 13:35:00,2190,539,394.549285714
13594,53,2,533.32,4,2,2,422,8,Potential Loyalists,2010-08-11 10:23:00,2011-10-18 10:19:00,396,433,266.66
13595,517,3,818.22,1,3,3,133,7,At Risk,2010-03-03 14:42:00,2010-07-11 12:36:00,353,130,272.74
13596,6,2,697.04,5,2,3,523,10,Potential Loyalists,2011-11-27 11:57:00,2011-12-04 12:01:00,406,7,348.52
13597,401,2,396.71,2,2,2,222,6,Hibernating,2010-11-02 09:30:00,2010-11-04 14:54:00,231,2,198.355
13598,48,5,789.59,4,4,3,443,11,Loyal Customers,2010-02-26 11:22:00,2011-10-23 14:28:00,401,604,157.918
13599,2,33,9814.79,5,5,5,555,15,Champions,2009-12-01 12:30:00,2011-12-08 16:10:00,6249,737,297.417878788
13600,313,2,518.42,2,2,2,222,6,Hibernating,2010-03-15 17:16:00,2011-01-31 15:27:00,599,322,259.21
13601,46,4,1185.14,4,3,3,433,10,Potential Loyalists,2010-06-11 15:03:00,2011-10-25 17:31:00,972,501,296.285
13602,65,4,1025.17,3,3,3,333,9,Promising,2010-05-28 11:49:00,2011-10-06 11:47:00,538,496,256.2925
13603,27,1,164.34,4,1,1,411,6,Promising,2011-11-13 15:57:00,2011-11-13 15:57:00,164,0,164.34
13604,659,1,717.62,1,1,3,113,5,Lost,2010-02-19 12:02:00,2010-02-19 12:02:00,242,0,717.62
13605,388,2,522.67,2,2,2,222,6,Hibernating,2010-05-17 15:46:00,2010-11-17 17:16:00,425,184,261.335
13606,30,3,280.54,4,3,1,431,8,Potential Loyalists,2011-02-01 11:42:00,2011-11-10 17:46:00,279,282,93.5133333333
13607,41,2,1078.31,4,2,3,423,9,Potential Loyalists,2010-11-02 11:48:00,2011-10-30 16:17:00,468,362,539.155
13608,541,1,236.2,1,1,1,111,3,Lost,2010-06-17 12:28:00,2010-06-17 12:28:00,113,0,236.2
13609,594,1,167.35,1,1,1,111,3,Lost,2010-04-25 13:26:00,2010-04-25 13:26:00,19,0,167.35
13610,13,14,2174.63,5,5,4,554,14,Champions,2010-01-05 14:12:00,2011-11-27 15:38:00,908,691,155.330714286
13611,90,10,3319.53,3,5,5,355,13,Loyal Customers,2009-12-03 07:57:00,2011-09-11 14:51:00,2002,647,331.953
13612,633,1,818.29,1,1,3,113,5,Lost,2010-03-17 12:14:00,2010-03-17 12:14:00,444,0,818.29
13613,453,5,1039.85,1,4,3,143,8,At Risk,2010-02-17 12:40:00,2010-09-13 12:01:00,445,208,207.97
13614,25,6,2359.19,4,4,4,444,12,Champions,2010-06-06 13:42:00,2011-11-15 14:47:00,828,527,393.198333333
13615,319,8,6272.53,2,4,5,245,11,At Risk,2010-01-28 15:43:00,2011-01-25 08:21:00,2910,362,784.06625
13616,569,2,288.1,1,2,2,122,5,Lost,2010-01-17 14:56:00,2010-05-20 12:59:00,175,123,144.05
13617,41,8,1278.75,4,4,4,444,12,Champions,2010-08-01 15:23:00,2011-10-30 13:50:00,593,455,159.84375
13618,174,1,177.34,3,1,1,311,5,Need Attention,2011-06-19 11:09:00,2011-06-19 11:09:00,246,0,177.34
13619,545,2,230.19,1,2,1,121,4,Lost,2010-02-03 14:16:00,2010-06-13 11:39:00,83,130,115.095
13620,529,1,112.34,1,1,1,111,3,Lost,2010-06-29 15:02:00,2010-06-29 15:02:00,74,0,112.34
13621,117,1,213.85,3,1,1,311,5,Need Attention,2011-08-15 08:26:00,2011-08-15 08:26:00,343,0,213.85
13622,697,1,658.95,1,1,3,113,5,Lost,2010-01-12 13:22:00,2010-01-12 13:22:00,379,0,658.95
13623,31,10,2566.49,4,5,4,454,13,Champions,2009-12-02 13:57:00,2011-11-09 12:00:00,1023,707,256.649
13624,389,1,462.08,2,1,2,212,5,Hibernating,2010-11-16 13:43:00,2010-11-16 13:43:00,820,0,462.08
13625,597,1,301.26,1,1,2,112,4,Lost,2010-04-22 10:50:00,2010-04-22 10:50:00,144,0,301.26
13626,253,2,707.04,2,2,3,223,7,Hibernating,2010-11-25 16:12:00,2011-04-01 10:05:00,398,127,353.52
13627,60,7,2245.9,3,4,4,344,11,Loyal Customers,2010-03-09 14:03:00,2011-10-11 14:20:00,1632,581,320.842857143
13628,677,1,310.14,1,1,2,112,4,Lost,2010-02-01 14:44:00,2010-02-01 14:44:00,106,0,310.14
13629,24,19,13370.86,4,5,5,455,14,Champions,2010-02-11 17:34:00,2011-11-16 13:21:00,7722,643,703.729473684
13630,6,7,2031.78,5,4,4,544,13,Champions,2011-02-27 12:49:00,2011-12-04 15:16:00,1391,280,290.254285714
13631,100,11,3070.42,3,5,5,355,13,Loyal Customers,2011-03-17 17:13:00,2011-09-01 09:57:00,467,168,279.129090909
13632,25,8,3648.15,4,4,5,445,13,Champions,2010-04-07 10:59:00,2011-11-15 10:51:00,1639,587,456.01875
13634,34,15,5027.78,4,5,5,455,14,Champions,2010-01-10 14:26:00,2011-11-06 13:40:00,2091,665,335.185333333
13635,68,4,2999.16,3,3,5,335,11,Promising,2009-12-01 09:46:00,2011-10-03 10:55:00,1884,671,749.79
13636,37,5,949.12,4,4,3,443,11,Loyal Customers,2011-02-27 14:29:00,2011-11-03 10:30:00,592,249,189.824
13637,53,3,809.25,4,3,3,433,10,Potential Loyalists,2011-04-27 13:06:00,2011-10-18 13:32:00,408,174,269.75
13638,16,1,122.64,5,1,1,511,7,New Customers,2011-11-24 10:38:00,2011-11-24 10:38:00,93,0,122.64
13639,75,2,1346.27,3,2,4,324,9,Promising,2010-09-29 10:05:00,2011-09-26 13:36:00,997,362,673.135
13640,612,1,405,1,1,2,112,4,Lost,2010-04-07 15:33:00,2010-04-07 15:33:00,108,0,405
13641,641,4,942.37,1,3,3,133,7,At Risk,2009-12-05 13:17:00,2010-03-09 07:37:00,1097,94,235.5925
13642,216,4,514.72,2,3,2,232,7,At Risk,2010-10-03 12:23:00,2011-05-08 12:34:00,253,217,128.68
13643,32,10,2156.77,4,5,4,454,13,Champions,2009-12-08 12:48:00,2011-11-08 15:37:00,902,700,215.677
13644,17,4,2624.26,5,3,4,534,12,Potential Loyalists,2011-08-26 11:53:00,2011-11-23 14:07:00,2067,89,656.065
13645,121,1,252.1,3,1,1,311,5,Need Attention,2011-08-11 16:11:00,2011-08-11 16:11:00,158,0,252.1
13646,400,2,326.25,2,2,2,222,6,Hibernating,2010-11-05 12:00:00,2010-11-05 12:13:00,79,0,163.125
13647,10,8,3071.68,5,4,5,545,14,Champions,2010-04-15 12:55:00,2011-11-30 12:00:00,1803,594,383.96
13648,401,8,1759.07,2,4,4,244,10,At Risk,2009-12-01 18:13:00,2010-11-04 14:46:00,959,338,219.88375
13649,257,6,1481.08,2,4,4,244,10,At Risk,2010-06-30 16:35:00,2011-03-28 11:51:00,796,271,246.846666667
13650,17,10,3288,5,5,5,555,15,Champions,2010-01-26 08:44:00,2011-11-23 12:22:00,1746,666,328.8
13651,40,2,211.85,4,2,1,421,7,Potential Loyalists,2010-11-23 09:44:00,2011-10-31 12:11:00,61,342,105.925
13652,46,5,2262.05,4,4,4,444,12,Champions,2010-02-25 17:37:00,2011-10-25 08:51:00,1458,607,452.41
13653,488,1,152.2,1,1,1,111,3,Lost,2010-08-09 08:19:00,2010-08-09 08:19:00,72,0,152.2
13654,44,11,6308,4,5,5,455,14,Champions,2009-12-02 11:43:00,2011-10-27 16:24:00,4762,694,573.454545455
13655,115,6,2280.51,3,4,4,344,11,Loyal Customers,2010-04-27 09:59:00,2011-08-17 14:25:00,1225,477,380.085
13656,165,4,1078.85,3,3,3,333,9,Promising,2010-04-23 12:50:00,2011-06-28 10:31:00,862,431,269.7125
13657,11,2,382.14,5,2,2,522,9,Potential Loyalists,2011-05-22 12:35:00,2011-11-29 12:32:00,209,191,191.07
13658,10,9,6025.5,5,5,5,555,15,Champions,2010-02-05 13:17:00,2011-11-30 10:13:00,2171,663,669.5
13659,206,12,4894.88,2,5,5,255,12,At Risk,2010-02-17 09:05:00,2011-05-18 12:37:00,2539,455,407.906666667
13660,401,1,314.59,2,1,2,212,5,Hibernating,2010-11-04 16:10:00,2010-11-04 16:10:00,137,0,314.59
13661,604,1,325.24,1,1,2,112,4,Lost,2010-04-15 14:58:00,2010-04-15 14:58:00,118,0,325.24
13662,86,11,2250.11,3,5,4,354,12,Loyal Customers,2010-02-19 13:21:00,2011-09-15 12:04:00,1179,573,204.555454545
13663,180,5,2047.51,3,4,4,344,11,Loyal Customers,2010-03-03 10:11:00,2011-06-13 15:44:00,893,467,409.502
13665,387,3,1711.66,2,3,4,234,9,At Risk,2010-07-23 13:29:00,2010-11-18 13:06:00,1652,118,570.553333333
13666,61,5,127.05,3,4,1,341,8,Loyal Customers,2009-12-04 10:48:00,2011-10-10 15:39:00,53,675,25.41
13667,150,1,305.02,3,1,2,312,6,Need Attention,2011-07-13 15:42:00,2011-07-13 15:42:00,154,0,305.02
13668,3,35,13089.94,5,5,5,555,15,Champions,2009-12-11 14:28:00,2011-12-07 12:11:00,6133,726,373.998285714
13669,51,3,413.55,4,3,2,432,9,Potential Loyalists,2010-10-28 15:05:00,2011-10-20 09:32:00,393,357,137.85
13670,76,1,349.7,3,1,2,312,6,Need Attention,2011-09-25 15:25:00,2011-09-25 15:25:00,282,0,349.7
13671,395,1,194.95,2,1,1,211,4,Hibernating,2010-11-10 10:50:00,2010-11-10 10:50:00,107,0,194.95
13672,302,3,419.92,2,3,2,232,7,At Risk,2009-12-09 11:40:00,2011-02-11 13:53:00,138,429,139.973333333
13673,19,2,396.92,5,2,2,522,9,Potential Loyalists,2011-11-07 15:40:00,2011-11-21 12:11:00,119,14,198.46
13674,433,1,240.68,1,1,1,111,3,Lost,2010-10-03 10:41:00,2010-10-03 10:41:00,102,0,240.68
13675,152,2,486.82,3,2,2,322,7,Need Attention,2011-02-28 12:14:00,2011-07-11 12:57:00,330,133,243.41
13676,540,2,243.9,1,2,1,121,4,Lost,2010-03-30 16:53:00,2010-06-18 17:30:00,104,80,121.95
13677,405,2,556.19,2,2,2,222,6,Hibernating,2010-07-07 17:25:00,2010-10-31 11:32:00,218,116,278.095
13678,152,1,232.6,3,1,1,311,5,Need Attention,2011-07-11 10:14:00,2011-07-11 10:14:00,924,0,232.6
13679,494,3,281.26,1,3,1,131,5,At Risk,2009-12-04 16:52:00,2010-08-03 12:13:00,102,242,93.7533333333
13680,2,12,11435.67,5,5,5,555,15,Champions,2009-12-04 14:14:00,2011-12-08 13:47:00,5252,734,952.9725
13681,18,4,827.83,5,3,3,533,11,Potential Loyalists,2011-07-07 15:21:00,2011-11-22 11:13:00,360,138,206.9575
13682,188,1,59.5,2,1,1,211,4,Hibernating,2011-06-05 14:06:00,2011-06-05 14:06:00,10,0,59.5
13683,458,1,258.6,1,1,1,111,3,Lost,2010-09-08 10:00:00,2010-09-08 10:00:00,180,0,258.6
13684,286,4,596.98,2,3,2,232,7,At Risk,2010-03-28 14:48:00,2011-02-27 10:13:00,235,336,149.245
13685,3,7,3119.44,5,4,5,545,14,Champions,2011-10-10 12:59:00,2011-12-07 11:41:00,5056,58,445.634285714
13686,183,3,409.04,3,3,2,332,8,Need Attention,2010-11-03 13:44:00,2011-06-10 09:10:00,378,219,136.346666667
13687,439,1,11880.84,1,1,5,115,7,Lost,2010-09-27 16:30:00,2010-09-27 16:30:00,87167,0,11880.84
13688,636,1,375.5,1,1,2,112,4,Lost,2010-03-14 14:11:00,2010-03-14 14:11:00,130,0,375.5
13689,64,2,1259.5,3,2,4,324,9,Promising,2010-09-21 10:27:00,2011-10-07 13:21:00,722,381,629.75
13690,60,1,172.25,3,1,1,311,5,Need Attention,2011-10-11 15:03:00,2011-10-11 15:03:00,67,0,172.25
13691,397,1,210.78,2,1,1,211,4,Hibernating,2010-11-08 17:34:00,2010-11-08 17:34:00,144,0,210.78
13692,25,5,3114.4,4,4,5,445,13,Champions,2010-10-15 13:28:00,2011-11-15 11:17:00,2101,396,622.88
13693,375,9,2011.82,2,5,4,254,11,At Risk,2009-12-07 11:29:00,2010-11-30 18:21:00,880,358,223.535555556
13694,4,143,195640.69,5,5,5,555,15,Champions,2009-12-04 15:26:00,2011-12-06 09:32:00,188201,732,1368.11671329
13695,32,16,2770.73,4,5,4,454,13,Champions,2010-05-11 11:07:00,2011-11-08 14:26:00,1791,546,173.170625
13696,422,3,2020.4,1,3,4,134,8,At Risk,2010-02-11 14:17:00,2010-10-14 09:44:00,552,245,673.466666667
13697,39,1,151.3,4,1,1,411,6,Promising,2011-11-01 09:14:00,2011-11-01 09:14:00,177,0,151.3
13698,597,2,465.53,1,2,2,122,5,Lost,2010-01-27 09:02:00,2010-04-22 11:52:00,231,85,232.765
13699,156,2,764.15,3,2,3,323,8,Promising,2010-06-07 13:03:00,2011-07-07 16:51:00,219,395,382.075
13700,27,13,2613.46,4,5,4,454,13,Champions,2010-02-07 10:53:00,2011-11-13 13:00:00,2809,644,201.035384615
13701,447,1,161,1,1,1,111,3,Lost,2010-09-19 12:39:00,2010-09-19 12:39:00,80,0,161
13702,446,1,135.18,1,1,1,111,3,Lost,2010-09-20 11:40:00,2010-09-20 11:40:00,74,0,135.18
13703,319,2,425.56,2,2,2,222,6,Hibernating,2010-10-20 13:11:00,2011-01-25 13:10:00,128,97,212.78
13704,6,9,2308.06,5,5,4,554,14,Champions,2011-09-12 14:40:00,2011-12-04 15:13:00,1531,83,256.451111111
13705,8,7,1717.19,5,4,4,544,13,Champions,2010-03-25 17:19:00,2011-12-02 12:32:00,906,617,245.312857143
13706,303,2,631.17,2,2,3,223,7,Hibernating,2010-03-23 09:18:00,2011-02-10 09:21:00,301,324,315.585
13707,268,5,3365.86,2,4,5,245,11,At Risk,2010-06-21 11:57:00,2011-03-17 18:03:00,2210,269,673.172
13708,272,1,294.88,2,1,2,212,5,Hibernating,2011-03-13 13:46:00,2011-03-13 13:46:00,305,0,294.88
13709,4,18,7591.75,5,5,5,555,15,Champions,2010-01-11 10:40:00,2011-12-06 10:28:00,4130,694,421.763888889
13710,32,3,509.52,4,3,2,432,9,Potential Loyalists,2010-04-06 12:54:00,2011-11-08 08:16:00,336,581,169.84
13711,219,9,1792.26,2,5,4,254,11,At Risk,2009-12-15 19:04:00,2011-05-05 10:31:00,819,506,199.14
13712,247,2,766.42,2,2,3,223,7,Hibernating,2010-04-08 11:16:00,2011-04-07 12:33:00,1128,364,383.21
13713,409,3,743.26,2,3,3,233,8,At Risk,2010-05-05 16:48:00,2010-10-27 16:18:00,286,175,247.753333333
13714,466,1,161.35,1,1,1,111,3,Lost,2010-08-31 13:57:00,2010-08-31 13:57:00,50,0,161.35
13715,282,17,8210.64,2,5,5,255,12,At Risk,2010-03-11 15:33:00,2011-03-03 19:21:00,4827,357,482.978823529
13716,270,1,138.28,2,1,1,211,4,Hibernating,2011-03-15 13:49:00,2011-03-15 13:49:00,138,0,138.28
13717,33,8,1763.3,4,4,4,444,12,Champions,2010-08-11 09:40:00,2011-11-07 14:13:00,2144,453,220.4125
13718,247,2,306.55,2,2,2,222,6,Hibernating,2011-02-17 11:58:00,2011-04-07 13:24:00,173,49,153.275
13719,16,11,2814.27,5,5,4,554,14,Champions,2010-05-17 14:36:00,2011-11-24 15:26:00,1597,556,255.842727273
13720,117,4,799.9,3,3,3,333,9,Promising,2011-03-30 09:17:00,2011-08-15 12:46:00,501,138,199.975
13721,37,2,741.54,4,2,3,423,9,Potential Loyalists,2010-11-09 17:59:00,2011-11-03 14:05:00,512,359,370.77
13722,132,10,5635.41,3,5,5,355,13,Loyal Customers,2010-03-03 14:13:00,2011-07-31 12:44:00,3059,515,563.541
13723,218,6,1209.2,2,4,3,243,9,At Risk,2010-04-07 14:32:00,2011-05-06 17:04:00,629,394,201.533333333
13724,638,1,213.01,1,1,1,111,3,Lost,2010-03-12 15:28:00,2010-03-12 15:28:00,130,0,213.01
13725,50,8,1980.56,4,4,4,444,12,Champions,2011-02-04 12:18:00,2011-10-21 10:03:00,806,259,247.57
13726,39,2,1079.66,4,2,3,423,9,Potential Loyalists,2011-08-31 11:06:00,2011-11-01 10:49:00,1054,62,539.83
13727,29,8,1080.05,4,4,3,443,11,Loyal Customers,2009-12-09 13:25:00,2011-11-11 09:46:00,370,702,135.00625
13728,37,16,2855.17,4,5,4,454,13,Champions,2009-12-09 17:13:00,2011-11-03 10:49:00,1269,694,178.448125
13729,436,3,724.73,1,3,3,133,7,At Risk,2010-01-24 14:57:00,2010-09-30 10:44:00,419,249,241.576666667
13730,136,2,752.6,3,2,3,323,8,Promising,2011-07-01 12:47:00,2011-07-27 08:35:00,488,26,376.3
13731,220,2,610.59,2,2,3,223,7,Hibernating,2011-04-07 10:10:00,2011-05-04 14:33:00,278,27,305.295
13732,29,1,491.86,4,1,2,412,7,Promising,2011-11-11 15:49:00,2011-11-11 15:49:00,498,0,491.86
13733,411,2,487.03,1,2,2,122,5,Lost,2009-12-04 15:28:00,2010-10-25 12:18:00,335,325,243.515
13734,509,4,6701.64,1,3,5,135,9,At Risk,2010-04-16 08:42:00,2010-07-19 12:04:00,303,94,1675.41
13735,25,13,9813.22,4,5,5,455,14,Champions,2009-12-13 13:31:00,2011-11-15 11:14:00,4158,702,754.863076923
13736,6,7,2766.21,5,4,4,544,13,Champions,2009-12-06 12:07:00,2011-12-04 15:19:00,1552,728,395.172857143
13737,201,1,339.6,2,1,2,212,5,Hibernating,2011-05-23 16:32:00,2011-05-23 16:32:00,125,0,339.6
13738,397,1,440.93,2,1,2,212,5,Hibernating,2010-11-08 15:23:00,2010-11-08 15:23:00,240,0,440.93
13739,19,2,292.2,5,2,2,522,9,Potential Loyalists,2010-06-30 10:25:00,2011-11-21 13:35:00,76,509,146.1
13740,241,5,1597.77,2,4,4,244,10,At Risk,2009-12-02 12:22:00,2011-04-13 10:32:00,991,497,319.554
13741,72,3,668.43,3,3,3,333,9,Promising,2011-05-06 13:43:00,2011-09-29 09:19:00,218,146,222.81
13742,17,12,3131.02,5,5,5,555,15,Champions,2011-01-23 14:59:00,2011-11-23 11:07:00,1124,304,260.918333333
13743,3,7,1341.6,5,4,4,544,13,Champions,2011-03-25 14:46:00,2011-12-07 10:09:00,1776,257,191.657142857
13744,96,2,1156.36,3,2,3,323,8,Promising,2011-02-20 14:08:00,2011-09-05 15:19:00,1249,197,578.18
13745,163,2,777.36,3,2,3,323,8,Promising,2010-06-11 17:19:00,2011-06-30 16:43:00,1146,384,388.68
13746,414,1,176.69,1,1,1,111,3,Lost,2010-10-22 11:55:00,2010-10-22 11:55:00,83,0,176.69
13747,374,2,169.8,2,2,1,221,5,Hibernating,2010-10-11 09:15:00,2010-12-01 10:37:00,60,51,84.9
13748,96,9,2064.35,3,5,4,354,12,Loyal Customers,2009-12-01 16:44:00,2011-09-05 09:45:00,1028,643,229.372222222
13750,54,11,3602.18,4,5,5,455,14,Champions,2010-04-01 14:49:00,2011-10-17 12:16:00,1370,564,327.470909091
13751,289,1,296.25,2,1,2,212,5,Hibernating,2011-02-24 15:56:00,2011-02-24 15:56:00,152,0,296.25
13752,125,7,1590.73,3,4,4,344,11,Loyal Customers,2010-06-30 10:23:00,2011-08-07 14:16:00,1007,403,227.247142857
13753,288,4,2094.57,2,3,4,234,9,At Risk,2009-12-03 10:20:00,2011-02-25 12:48:00,1450,449,523.6425
13754,152,3,447.05,3,3,2,332,8,Need Attention,2010-09-28 15:29:00,2011-07-11 11:51:00,315,286,149.016666667
13755,4,9,2161.35,5,5,4,554,14,Champions,2011-10-07 15:45:00,2011-12-06 12:26:00,1264,60,240.15
13756,3,23,8674.7,5,5,5,555,15,Champions,2009-12-15 15:18:00,2011-12-07 16:44:00,5153,722,377.160869565
13757,675,1,195.55,1,1,1,111,3,Lost,2010-02-03 12:37:00,2010-02-03 12:37:00,54,0,195.55
13758,12,14,8595.29,5,5,5,555,15,Champions,2009-12-01 10:06:00,2011-11-28 11:11:00,4666,727,613.949285714
13759,34,2,659.41,4,2,3,423,9,Potential Loyalists,2011-09-29 15:40:00,2011-11-06 14:47:00,287,38,329.705
13760,55,5,1363.64,4,4,4,444,12,Champions,2010-04-25 13:10:00,2011-10-16 16:13:00,623,539,272.728
13761,51,6,1952.17,4,4,4,444,12,Champions,2010-02-21 11:08:00,2011-10-20 14:01:00,1079,606,325.361666667
13762,219,5,2472.48,2,4,4,244,10,At Risk,2010-01-10 12:13:00,2011-05-05 09:15:00,2608,480,494.496
13763,64,3,5217.44,3,3,5,335,11,Promising,2010-09-30 17:39:00,2011-10-07 15:13:00,3224,372,1739.14666667
13764,71,6,2942.31,3,4,5,345,12,Loyal Customers,2010-03-07 12:56:00,2011-09-30 12:03:00,2095,572,490.385
13765,654,1,352.821,1,1,2,112,4,Lost,2010-02-24 13:46:00,2010-02-24 13:46:00,297,0,352.821
13766,496,1,190.35,1,1,1,111,3,Lost,2010-08-01 14:25:00,2010-08-01 14:25:00,137,0,190.35
13767,3,73,33903.57,5,5,5,555,15,Champions,2009-12-01 10:52:00,2011-12-07 15:00:00,14595,736,464.432465753
13768,727,2,875.97,1,2,3,123,6,Lost,2009-12-09 10:25:00,2009-12-13 10:41:00,373,4,437.985
13769,3,20,5478.12,5,5,5,555,15,Champions,2009-12-16 11:59:00,2011-12-07 15:08:00,2452,721,273.906
13770,423,4,785.37,1,3,3,133,7,At Risk,2009-12-09 14:44:00,2010-10-13 15:10:00,468,308,196.3425
13771,65,9,5728.82,3,5,5,355,13,Loyal Customers,2010-02-25 12:37:00,2011-10-06 14:18:00,3140,588,636.535555556
13772,34,8,3114.22,4,4,5,445,13,Champions,2010-02-23 13:55:00,2011-11-06 11:43:00,1456,621,389.2775
13773,397,2,301.54,2,2,2,222,6,Hibernating,2010-02-18 10:27:00,2010-11-08 11:49:00,174,263,150.77
13774,82,1,345,3,1,2,312,6,Need Attention,2011-09-19 12:06:00,2011-09-19 12:06:00,192,0,345
13775,591,1,1049.66,1,1,3,113,5,Lost,2010-04-28 12:15:00,2010-04-28 12:15:00,455,0,1049.66
13777,1,61,49638.26,5,5,5,555,15,Champions,2009-12-02 09:47:00,2011-12-09 12:25:00,23190,737,813.741967213
13778,104,4,1124.49,3,3,3,333,9,Promising,2010-05-23 13:34:00,2011-08-28 15:25:00,511,462,281.1225
13779,516,1,161.13,1,1,1,111,3,Lost,2010-07-12 11:24:00,2010-07-12 11:24:00,53,0,161.13
13780,8,3,735.82,5,3,3,533,11,Potential Loyalists,2010-10-28 19:51:00,2011-12-02 13:49:00,481,400,245.273333333
13781,251,3,778.83,2,3,3,233,8,At Risk,2009-12-18 15:46:00,2011-04-03 12:08:00,300,471,259.61
13782,13,13,1793.72,5,5,4,554,14,Champions,2009-12-06 12:52:00,2011-11-27 11:54:00,649,721,137.978461538
13783,488,4,1542.09,1,3,4,134,8,At Risk,2010-02-04 13:47:00,2010-08-09 09:23:00,3437,186,385.5225
13784,10,14,2910.23,5,5,5,555,15,Champions,2010-09-15 12:27:00,2011-11-30 09:33:00,2827,441,207.873571429
13785,429,4,542.49,1,3,2,132,6,At Risk,2010-09-05 16:01:00,2010-10-07 09:25:00,151,32,135.6225
13786,368,6,3128.54,2,4,5,245,11,At Risk,2009-12-03 15:32:00,2010-12-07 13:53:00,1516,369,521.423333333
13787,76,6,1222.5,3,4,4,344,11,Loyal Customers,2010-01-14 10:13:00,2011-09-25 12:06:00,998,619,203.75
13788,506,1,3.75,1,1,1,111,3,Lost,2010-07-22 15:50:00,2010-07-22 15:50:00,1,0,3.75
13789,389,1,239.46,2,1,1,211,4,Hibernating,2010-11-16 15:31:00,2010-11-16 15:31:00,258,0,239.46
13790,5,1,348.8,5,1,2,512,8,New Customers,2011-12-05 15:48:00,2011-12-05 15:48:00,748,0,348.8
13791,128,2,1516,3,2,4,324,9,Promising,2011-06-24 16:38:00,2011-08-04 11:44:00,1200,41,758
13792,67,3,383.95,3,3,2,332,8,Need Attention,2010-10-13 11:05:00,2011-10-04 14:31:00,156,356,127.983333333
13793,647,1,96,1,1,1,111,3,Lost,2010-03-03 08:25:00,2010-03-03 08:25:00,52,0,96
13794,547,1,126.03,1,1,1,111,3,Lost,2010-06-11 12:30:00,2010-06-11 12:30:00,63,0,126.03
13795,389,4,836.3,2,3,3,233,8,At Risk,2010-03-12 12:44:00,2010-11-16 17:25:00,1250,249,209.075
13796,500,1,289.7,1,1,2,112,4,Lost,2010-07-28 14:45:00,2010-07-28 14:45:00,218,0,289.7
13797,437,3,1179.45,1,3,3,133,7,At Risk,2010-03-02 12:17:00,2010-09-29 10:34:00,573,211,393.15
13798,2,110,75428.87,5,5,5,555,15,Champions,2009-12-08 16:21:00,2011-12-08 15:51:00,48187,730,685.717
13799,117,9,2803.57,3,5,4,354,12,Loyal Customers,2010-03-05 16:39:00,2011-08-15 12:07:00,1539,528,311.507777778
13800,310,3,1679.56,2,3,4,234,9,At Risk,2009-12-03 10:03:00,2011-02-03 12:27:00,891,427,559.853333333
13801,67,1,324.8,3,1,2,312,6,Need Attention,2011-10-04 10:15:00,2011-10-04 10:15:00,168,0,324.8
13802,139,19,26259.11,3,5,5,355,13,Loyal Customers,2010-02-16 10:11:00,2011-07-24 10:54:00,14129,523,1382.05842105
13803,256,3,1338.91,2,3,4,234,9,At Risk,2010-03-31 10:00:00,2011-03-29 12:57:00,831,363,446.303333333
13804,31,9,3208.52,4,5,5,455,14,Champions,2010-09-29 10:26:00,2011-11-09 12:32:00,1833,406,356.502222222
13805,53,2,924.6,4,2,3,423,9,Potential Loyalists,2011-08-02 15:29:00,2011-10-18 14:50:00,1900,77,462.3
13806,64,1,256.38,3,1,1,311,5,Need Attention,2011-10-07 11:43:00,2011-10-07 11:43:00,56,0,256.38
13807,368,3,422.2,2,3,2,232,7,At Risk,2009-12-04 12:41:00,2010-12-07 15:48:00,116,368,140.733333333
13808,6,5,1747.66,5,4,4,544,13,Champions,2011-09-04 12:07:00,2011-12-04 12:18:00,782,91,349.532
13809,306,3,679.7,2,3,3,233,8,At Risk,2010-09-05 11:42:00,2011-02-07 13:15:00,281,155,226.566666667
13810,29,2,827.51,4,2,3,423,9,Potential Loyalists,2011-10-14 12:57:00,2011-11-11 08:33:00,307,28,413.755
13811,184,2,519.75,3,2,2,322,7,Need Attention,2011-04-14 18:40:00,2011-06-09 09:54:00,63,56,259.875
13812,43,3,485,4,3,2,432,9,Potential Loyalists,2011-08-26 12:54:00,2011-10-28 14:27:00,330,63,161.666666667
13813,40,8,2387.47,4,4,4,444,12,Champions,2009-12-06 10:16:00,2011-10-31 10:38:00,1271,694,298.43375
13814,93,3,2257.32,3,3,4,334,10,Promising,2010-06-30 14:12:00,2011-09-08 13:48:00,1214,435,752.44
13815,23,8,6737.74,4,4,5,445,13,Champions,2010-02-12 10:26:00,2011-11-17 14:19:00,5340,643,842.2175
13816,24,2,499.67,4,2,2,422,8,Potential Loyalists,2011-10-06 14:37:00,2011-11-16 08:38:00,265,41,249.835
13817,30,2,328.98,4,2,2,422,8,Potential Loyalists,2010-12-23 11:46:00,2011-11-10 17:49:00,208,322,164.49
13818,430,1,61.28,1,1,1,111,3,Lost,2010-10-06 12:35:00,2010-10-06 12:35:00,60,0,61.28
13819,302,6,2642.35,2,4,4,244,10,At Risk,2009-12-01 16:18:00,2011-02-11 10:38:00,2309,437,440.391666667
13820,419,3,660.65,1,3,3,133,7,At Risk,2010-01-28 12:26:00,2010-10-17 13:46:00,287,262,220.216666667
13821,145,6,1410.73,3,4,4,344,11,Loyal Customers,2010-01-04 13:36:00,2011-07-18 09:49:00,483,560,235.121666667
13822,6,2,632,5,2,3,523,10,Potential Loyalists,2011-10-30 15:55:00,2011-12-04 12:13:00,611,35,316
13823,19,7,3403.45,5,4,5,545,14,Champions,2009-12-15 14:34:00,2011-11-21 10:22:00,1564,706,486.207142857
13824,33,12,3314.76,4,5,5,455,14,Champions,2010-03-12 15:17:00,2011-11-07 12:41:00,1442,605,276.23
13825,622,2,255.59,1,2,1,121,4,Lost,2009-12-09 14:30:00,2010-03-28 11:02:00,182,109,127.795
13826,177,1,189.5,3,1,1,311,5,Need Attention,2011-06-16 13:48:00,2011-06-16 13:48:00,82,0,189.5
13827,58,3,412.05,4,3,2,432,9,Potential Loyalists,2011-07-19 15:38:00,2011-10-13 12:38:00,141,86,137.35
13828,23,1,209.49,4,1,1,411,6,Promising,2011-11-17 16:02:00,2011-11-17 16:02:00,311,0,209.49
13829,422,1,102,1,1,1,111,3,Lost,2010-10-14 18:19:00,2010-10-14 18:19:00,12,0,102
13830,582,1,156.85,1,1,1,111,3,Lost,2010-05-07 12:24:00,2010-05-07 12:24:00,47,0,156.85
13831,17,18,6615.58,5,5,5,555,15,Champions,2009-12-10 14:50:00,2011-11-23 15:41:00,2397,713,367.532222222
13832,20,2,613.69,5,2,3,523,10,Potential Loyalists,2010-10-13 14:41:00,2011-11-20 15:36:00,422,403,306.845
13833,160,2,701.36,3,2,3,323,8,Promising,2010-10-31 14:11:00,2011-07-03 13:27:00,244,245,350.68
13834,577,2,324.19,1,2,2,122,5,Lost,2010-02-08 12:52:00,2010-05-12 10:27:00,221,93,162.095
13835,26,7,1095.27,4,4,3,443,11,Loyal Customers,2010-03-04 08:26:00,2011-11-14 15:37:00,520,620,156.467142857
13836,400,2,620.37,2,2,3,223,7,Hibernating,2010-10-21 13:27:00,2010-11-05 13:31:00,273,15,310.185
13837,212,2,271.24,2,2,1,221,5,Hibernating,2011-01-26 12:15:00,2011-05-12 12:10:00,183,106,135.62
13838,6,10,1727.98,5,5,4,554,14,Champions,2010-05-09 11:40:00,2011-12-04 11:00:00,711,574,172.798
13839,487,1,139.95,1,1,1,111,3,Lost,2010-08-10 13:52:00,2010-08-10 13:52:00,25,0,139.95
13840,417,1,651.4,1,1,3,113,5,Lost,2010-10-19 13:34:00,2010-10-19 13:34:00,358,0,651.4
13841,253,1,85,2,1,1,211,4,Hibernating,2011-04-01 12:10:00,2011-04-01 12:10:00,100,0,85
13842,59,18,5319.34,4,5,5,455,14,Champions,2010-02-16 15:54:00,2011-10-12 10:51:00,2716,603,295.518888889
13843,382,1,319.75,2,1,2,212,5,Hibernating,2010-11-23 17:48:00,2010-11-23 17:48:00,145,0,319.75
13844,12,1,361.62,5,1,2,512,8,New Customers,2011-11-28 13:21:00,2011-11-28 13:21:00,196,0,361.62
13845,65,1,312.98,3,1,2,312,6,Need Attention,2011-10-06 08:25:00,2011-10-06 08:25:00,182,0,312.98
13846,25,4,1307.79,4,3,4,434,11,Potential Loyalists,2010-11-05 09:47:00,2011-11-15 12:07:00,705,375,326.9475
13847,720,1,310.72,1,1,2,112,4,Lost,2009-12-20 10:41:00,2009-12-20 10:41:00,96,0,310.72
13848,93,8,3015,3,4,5,345,12,Loyal Customers,2009-12-09 16:17:00,2011-09-08 12:58:00,9200,638,376.875
13849,52,5,3469.3,4,4,5,445,13,Champions,2010-03-25 12:03:00,2011-10-19 10:59:00,1883,573,693.86
13850,130,1,1595.48,3,1,4,314,8,Need Attention,2011-08-02 14:04:00,2011-08-02 14:04:00,944,0,1595.48
13851,96,8,4606.46,3,4,5,345,12,Loyal Customers,2010-01-29 11:54:00,2011-09-05 12:36:00,2525,584,575.8075
13852,611,1,187.35,1,1,1,111,3,Lost,2010-04-08 09:06:00,2010-04-08 09:06:00,85,0,187.35
13853,58,1,1090.14,4,1,3,413,8,Promising,2011-10-13 14:18:00,2011-10-13 14:18:00,312,0,1090.14
13854,9,39,11944.56,5,5,5,555,15,Champions,2010-01-08 11:28:00,2011-12-01 09:06:00,3642,692,306.270769231
13855,501,4,1310.34,1,3,4,134,8,At Risk,2009-12-08 16:56:00,2010-07-27 09:53:00,575,231,327.585
13856,169,11,1142.03,3,5,3,353,11,Loyal Customers,2010-03-30 15:40:00,2011-06-24 10:03:00,1105,451,103.820909091
13857,394,6,1000.91,2,4,3,243,9,At Risk,2010-05-17 14:21:00,2010-11-11 12:54:00,781,178,166.818333333
13858,58,1,216.17,4,1,1,411,6,Promising,2011-10-13 16:17:00,2011-10-13 16:17:00,75,0,216.17
13859,327,2,515.86,2,2,2,222,6,Hibernating,2010-06-28 15:36:00,2011-01-17 16:14:00,167,203,257.93
13860,2,5,1245.9,5,4,4,544,13,Champions,2011-09-14 09:27:00,2011-12-08 12:57:00,591,85,249.18
13861,430,2,273.26,1,2,1,121,4,Lost,2010-06-27 11:37:00,2010-10-06 14:20:00,225,101,136.63
13862,19,9,2556.09,5,5,4,554,14,Champions,2010-11-15 13:43:00,2011-11-21 16:24:00,1927,371,284.01
13863,248,4,1239.55,2,3,4,234,9,At Risk,2010-04-25 13:09:00,2011-04-06 10:20:00,553,346,309.8875
13864,387,1,662.4,2,1,3,213,6,Hibernating,2010-11-18 12:50:00,2010-11-18 12:50:00,192,0,662.4
13865,59,4,501.56,4,3,2,432,9,Potential Loyalists,2011-02-23 12:04:00,2011-10-12 13:31:00,204,231,125.39
13866,75,1,145.67,3,1,1,311,5,Need Attention,2011-09-26 14:54:00,2011-09-26 14:54:00,57,0,145.67
13867,32,3,1015.29,4,3,3,433,10,Potential Loyalists,2011-05-05 17:28:00,2011-11-08 15:48:00,513,187,338.43
13868,8,2,3192.54,5,2,5,525,12,Potential Loyalists,2011-11-01 12:45:00,2011-12-02 16:32:00,1964,31,1596.27
13869,124,10,8111.57,3,5,5,355,13,Loyal Customers,2010-01-17 14:53:00,2011-08-08 13:53:00,4358,568,811.157
13870,3,15,5712.08,5,5,5,555,15,Champions,2010-02-08 12:08:00,2011-12-07 13:23:00,3449,667,380.805333333
13871,23,17,7885.85,4,5,5,455,14,Champions,2009-12-20 13:09:00,2011-11-17 10:49:00,3502,697,463.873529412
13872,528,3,919.57,1,3,3,133,7,At Risk,2009-12-14 09:56:00,2010-06-30 15:35:00,339,198,306.523333333
13873,120,8,1038.92,3,4,3,343,10,Loyal Customers,2010-03-03 12:31:00,2011-08-12 10:08:00,472,527,129.865
13874,359,7,2049.15,2,4,4,244,10,At Risk,2010-02-04 18:39:00,2010-12-16 18:20:00,864,315,292.735714286
13875,54,14,4814.37,4,5,5,455,14,Champions,2009-12-17 10:30:00,2011-10-17 09:36:00,3072,669,343.883571429
13876,64,1,122.7,3,1,1,311,5,Need Attention,2011-10-07 10:22:00,2011-10-07 10:22:00,36,0,122.7
13877,87,3,449.68,3,3,2,332,8,Need Attention,2010-01-19 10:53:00,2011-09-14 15:49:00,478,603,149.893333333
13878,55,4,2473.06,4,3,4,434,11,Potential Loyalists,2010-04-14 13:50:00,2011-10-16 12:19:00,959,550,618.265
13879,646,1,395.5,1,1,2,112,4,Lost,2010-03-04 10:49:00,2010-03-04 10:49:00,204,0,395.5
13880,22,17,4293.86,4,5,5,455,14,Champions,2010-05-26 14:29:00,2011-11-18 13:44:00,2535,541,252.58
13881,4,43,45179.1,5,5,5,555,15,Champions,2010-03-04 14:41:00,2011-12-06 12:50:00,29760,642,1050.67674419
13882,3,5,1191.13,5,4,3,543,12,Loyal Customers,2011-10-06 15:28:00,2011-12-07 11:16:00,953,62,238.226
13883,11,14,6535.37,5,5,5,555,15,Champions,2010-02-28 12:53:00,2011-11-29 10:45:00,3582,639,466.812142857
13884,8,10,1888.48,5,5,4,554,14,Champions,2010-08-26 19:57:00,2011-12-02 16:30:00,797,463,188.848
13885,190,2,506.8,2,2,2,222,6,Hibernating,2011-05-23 08:52:00,2011-06-03 15:07:00,182,11,253.4
13886,72,1,243.56,3,1,1,311,5,Need Attention,2011-09-29 13:17:00,2011-09-29 13:17:00,126,0,243.56
13887,205,1,349.55,2,1,2,212,5,Hibernating,2011-05-19 17:22:00,2011-05-19 17:22:00,147,0,349.55
13888,120,7,2169.05,3,4,4,344,11,Loyal Customers,2010-05-13 11:57:00,2011-08-12 10:13:00,903,456,309.864285714
13889,93,6,1991.23,3,4,4,344,11,Loyal Customers,2010-01-22 14:32:00,2011-09-08 09:13:00,979,594,331.871666667
13890,2,14,2927.38,5,5,5,555,15,Champions,2009-12-06 15:15:00,2011-12-08 15:36:00,1392,732,209.098571429
13891,379,3,863.56,2,3,3,233,8,At Risk,2010-05-06 16:02:00,2010-11-26 15:57:00,479,204,287.853333333
13892,27,6,1267.65,4,4,4,444,12,Champions,2010-05-13 10:32:00,2011-11-13 11:50:00,3125,549,211.275
13893,298,1,821.1,2,1,3,213,6,Hibernating,2011-02-15 11:30:00,2011-02-15 11:30:00,190,0,821.1
13894,24,3,564.62,4,3,2,432,9,Potential Loyalists,2011-02-02 12:54:00,2011-11-16 09:44:00,354,287,188.206666667
13895,29,6,4008.52,4,4,5,445,13,Champions,2009-12-03 13:09:00,2011-11-11 16:57:00,2060,708,668.086666667
13896,626,1,388.55,1,1,2,112,4,Lost,2010-03-24 08:55:00,2010-03-24 08:55:00,149,0,388.55
13897,51,3,1160.72,4,3,3,433,10,Potential Loyalists,2010-01-31 13:48:00,2011-10-20 14:30:00,820,627,386.906666667
13898,326,2,686.4,2,2,3,223,7,Hibernating,2010-10-24 15:42:00,2011-01-18 10:28:00,544,86,343.2
13899,17,2,388.52,5,2,2,522,9,Potential Loyalists,2011-03-10 09:30:00,2011-11-23 13:40:00,156,258,194.26
13900,184,6,1610.59,3,4,4,344,11,Loyal Customers,2010-03-25 13:46:00,2011-06-09 19:26:00,938,441,268.431666667
13901,73,15,5676.34,3,5,5,355,13,Loyal Customers,2010-01-05 09:29:00,2011-09-28 14:48:00,3344,631,378.422666667
13902,633,5,34023.26,1,4,5,145,10,At Risk,2009-12-15 10:02:00,2010-03-17 13:09:00,220596,92,6804.652
13903,401,1,165.45,2,1,1,211,4,Hibernating,2010-11-04 17:44:00,2010-11-04 17:44:00,103,0,165.45
13904,38,2,332.64,4,2,2,422,8,Potential Loyalists,2011-02-18 11:18:00,2011-11-02 13:41:00,332,257,166.32
13905,733,1,312.65,1,1,2,112,4,Lost,2009-12-07 11:41:00,2009-12-07 11:41:00,135,0,312.65
13906,410,1,42,1,1,1,111,3,Lost,2010-10-26 15:00:00,2010-10-26 15:00:00,100,0,42
13907,692,1,136.8,1,1,1,111,3,Lost,2010-01-17 12:22:00,2010-01-17 12:22:00,68,0,136.8
13908,80,4,2319.55,3,3,4,334,10,Promising,2011-03-08 12:04:00,2011-09-21 11:49:00,1477,197,579.8875
13909,424,2,286.6,1,2,1,121,4,Lost,2010-07-06 16:52:00,2010-10-12 17:22:00,302,98,143.3
13911,58,20,4234.99,4,5,5,455,14,Champions,2010-03-01 16:31:00,2011-10-13 15:43:00,4487,591,211.7495
13912,424,1,124.95,1,1,1,111,3,Lost,2010-10-12 08:43:00,2010-10-12 08:43:00,29,0,124.95
13913,507,1,42.22,1,1,1,111,3,Lost,2010-07-21 10:11:00,2010-07-21 10:11:00,10,0,42.22
13914,12,2,626.45,5,2,3,523,10,Potential Loyalists,2011-11-03 16:28:00,2011-11-28 10:35:00,380,25,313.225
13915,395,1,70.8,2,1,1,211,4,Hibernating,2010-11-10 15:17:00,2010-11-10 15:17:00,24,0,70.8
13916,464,4,1275.81,1,3,4,134,8,At Risk,2010-02-02 10:06:00,2010-09-02 10:04:00,673,212,318.9525
13917,50,2,272.04,4,2,1,421,7,Potential Loyalists,2011-06-01 12:46:00,2011-10-21 09:56:00,228,142,136.02
13918,50,2,1212.84,4,2,3,423,9,Potential Loyalists,2011-03-31 18:05:00,2011-10-21 12:25:00,1140,204,606.42
13919,60,4,1252.68,3,3,4,334,10,Promising,2010-06-17 09:30:00,2011-10-11 14:24:00,1127,481,313.17
13920,432,4,1774.68,1,3,4,134,8,At Risk,2010-05-26 15:48:00,2010-10-04 12:37:00,1772,131,443.67
13921,403,4,730.7,2,3,3,233,8,At Risk,2009-12-18 12:19:00,2010-11-02 16:32:00,210,319,182.675
13922,352,3,865.2,2,3,3,233,8,At Risk,2010-08-29 14:36:00,2010-12-23 10:38:00,467,116,288.4
13923,54,1,351.13,4,1,2,412,7,Promising,2011-10-17 12:33:00,2011-10-17 12:33:00,185,0,351.13
13924,2,6,1838.85,5,4,4,544,13,Champions,2011-09-28 15:07:00,2011-12-08 09:39:00,1575,71,306.475
13925,93,4,678.25,3,3,3,333,9,Promising,2011-07-28 12:09:00,2011-09-08 12:47:00,331,42,169.5625
13926,24,1,223.85,4,1,1,411,6,Promising,2011-11-16 13:16:00,2011-11-16 13:16:00,104,0,223.85
13927,75,2,708.26,3,2,3,323,8,Promising,2010-09-28 16:12:00,2011-09-26 12:00:00,463,363,354.13
13928,11,4,464.57,5,3,2,532,10,Potential Loyalists,2011-07-29 15:59:00,2011-11-29 10:33:00,129,123,116.1425
13929,170,11,3494.1,3,5,5,355,13,Loyal Customers,2010-01-14 07:25:00,2011-06-23 15:26:00,1566,525,317.645454545
13930,58,2,337.34,4,2,2,422,8,Potential Loyalists,2011-07-26 11:00:00,2011-10-13 09:45:00,274,79,168.67
13931,96,11,5257.38,3,5,5,355,13,Loyal Customers,2009-12-03 10:26:00,2011-09-05 10:12:00,3488,641,477.943636364
13932,295,1,307.4,2,1,2,212,5,Hibernating,2011-02-18 12:02:00,2011-02-18 12:02:00,72,0,307.4
13933,110,2,608.79,3,2,3,323,8,Promising,2011-07-14 13:35:00,2011-08-22 14:03:00,205,39,304.395
13934,264,1,922.1,2,1,3,213,6,Hibernating,2011-03-21 08:39:00,2011-03-21 08:39:00,390,0,922.1
13935,597,3,6116.92,1,3,5,135,9,At Risk,2010-02-25 16:01:00,2010-04-22 11:21:00,2252,56,2038.97333333
13936,180,3,939.66,3,3,3,333,9,Promising,2010-10-21 14:21:00,2011-06-13 08:47:00,661,235,313.22
13937,170,2,880.13,3,2,3,323,8,Promising,2010-11-02 12:37:00,2011-06-23 16:35:00,587,233,440.065
13938,36,1,71.66,4,1,1,411,6,Promising,2011-11-04 14:37:00,2011-11-04 14:37:00,70,0,71.66
13939,24,7,1560.96,4,4,4,444,12,Champions,2010-04-06 12:43:00,2011-11-16 13:33:00,1608,589,222.994285714
13940,18,4,839.14,5,3,3,533,11,Potential Loyalists,2011-07-18 16:05:00,2011-11-22 15:15:00,516,127,209.785
13941,22,15,10027.18,4,5,5,455,14,Champions,2009-12-16 16:10:00,2011-11-18 09:43:00,4782,702,668.478666667
13942,535,1,320,1,1,2,112,4,Lost,2010-06-23 12:35:00,2010-06-23 12:35:00,1000,0,320
13943,578,1,246.54,1,1,1,111,3,Lost,2010-05-11 11:30:00,2010-05-11 11:30:00,94,0,246.54
13944,654,1,200.43,1,1,1,111,3,Lost,2010-02-24 15:02:00,2010-02-24 15:02:00,153,0,200.43
13945,395,2,854.15,2,2,3,223,7,Hibernating,2010-08-17 09:59:00,2010-11-10 10:00:00,413,85,427.075
13946,80,6,1876.23,3,4,4,344,11,Loyal Customers,2009-12-04 11:07:00,2011-09-21 13:33:00,2847,656,312.705
13947,66,1,90.6,3,1,1,311,5,Need Attention,2011-10-05 14:42:00,2011-10-05 14:42:00,44,0,90.6
13948,361,4,548.76,2,3,2,232,7,At Risk,2009-12-04 12:14:00,2010-12-14 10:18:00,248,375,137.19
13949,3,6,2427.32,5,4,4,544,13,Champions,2011-09-06 11:55:00,2011-12-07 09:35:00,2474,92,404.553333333
13950,12,4,745.06,5,3,3,533,11,Potential Loyalists,2011-04-07 11:29:00,2011-11-28 14:44:00,323,235,186.265
13951,177,3,674.45,3,3,3,333,9,Promising,2011-02-18 15:21:00,2011-06-16 16:43:00,459,118,224.816666667
13952,218,14,12823.521,2,5,5,255,12,At Risk,2009-12-16 09:41:00,2011-05-06 09:00:00,5947,506,915.965785714
13953,8,12,6640.68,5,5,5,555,15,Champions,2009-12-11 12:58:00,2011-12-02 16:04:00,5224,721,553.39
13954,2,2,439.92,5,2,2,522,9,Potential Loyalists,2011-09-30 10:52:00,2011-12-08 12:50:00,150,69,219.96
13955,155,3,545.17,3,3,2,332,8,Need Attention,2010-11-29 17:35:00,2011-07-08 17:19:00,274,221,181.723333333
13956,6,5,1026.42,5,4,3,543,12,Loyal Customers,2011-03-13 12:51:00,2011-12-04 13:20:00,491,266,205.284
13957,418,3,458.25,1,3,2,132,6,At Risk,2010-02-19 10:32:00,2010-10-18 10:02:00,157,241,152.75
13958,380,8,4709.23,2,4,5,245,11,At Risk,2009-12-05 13:12:00,2010-11-25 10:11:00,2264,355,588.65375
13959,80,6,1076.18,3,4,3,343,10,Loyal Customers,2010-07-16 15:11:00,2011-09-21 15:06:00,700,432,179.363333333
13960,22,2,230.22,4,2,1,421,7,Potential Loyalists,2011-09-29 12:39:00,2011-11-18 15:27:00,142,50,115.11
13961,393,1,538.4,2,1,2,212,5,Hibernating,2010-11-12 14:40:00,2010-11-12 14:40:00,226,0,538.4
13962,22,3,362.8,4,3,2,432,9,Potential Loyalists,2010-09-30 10:35:00,2011-11-18 08:47:00,160,414,120.933333333
13963,309,17,2860.57,2,5,4,254,11,At Risk,2010-04-21 16:20:00,2011-02-04 14:43:00,2007,289,168.268823529
13964,388,2,438.9,2,2,2,222,6,Hibernating,2010-10-05 12:38:00,2010-11-17 13:53:00,228,43,219.45
13965,477,3,996.61,1,3,3,133,7,At Risk,2010-01-05 15:21:00,2010-08-20 10:40:00,425,227,332.203333333
13966,436,1,390.86,1,1,2,112,4,Lost,2010-09-30 13:08:00,2010-09-30 13:08:00,772,0,390.86
13967,146,2,166.3,3,2,1,321,6,Need Attention,2010-11-08 13:24:00,2011-07-17 12:02:00,66,251,83.15
13968,424,1,123.66,1,1,1,111,3,Lost,2010-10-12 13:22:00,2010-10-12 13:22:00,174,0,123.66
13969,8,35,13048.28,5,5,5,555,15,Champions,2010-03-25 13:15:00,2011-12-02 15:11:00,6684,617,372.808
13970,387,2,846.55,2,2,3,223,7,Hibernating,2010-09-28 11:53:00,2010-11-18 13:21:00,469,51,423.275
13971,19,14,4667.57,5,5,5,555,15,Champions,2010-01-26 09:51:00,2011-11-21 12:06:00,3084,664,333.397857143
13972,71,2,190.25,3,2,1,321,6,Need Attention,2011-05-22 11:34:00,2011-09-30 11:54:00,187,131,95.125
13973,288,1,264.7,2,1,1,211,4,Hibernating,2011-02-25 15:21:00,2011-02-25 15:21:00,109,0,264.7
13974,50,2,677.72,4,2,3,423,9,Potential Loyalists,2010-05-06 17:55:00,2011-10-21 14:41:00,356,533,338.86
13975,32,12,5358.84,4,5,5,455,14,Champions,2010-02-02 13:13:00,2011-11-08 13:19:00,3934,644,446.57
13976,207,4,1192.36,2,3,3,233,8,At Risk,2010-02-09 13:08:00,2011-05-17 09:13:00,452,462,298.09
13977,412,1,519.81,1,1,2,112,4,Lost,2010-10-24 14:08:00,2010-10-24 14:08:00,303,0,519.81
13978,15,2,196.79,5,2,1,521,8,Potential Loyalists,2011-10-25 15:04:00,2011-11-25 11:36:00,315,31,98.395
13979,74,7,3409.93,3,4,5,345,12,Loyal Customers,2009-12-03 10:02:00,2011-09-27 13:32:00,2267,663,487.132857143
13980,61,5,799.92,3,4,3,343,10,Loyal Customers,2010-02-21 14:18:00,2011-10-10 13:34:00,477,596,159.984
13981,416,1,331.14,1,1,2,112,4,Lost,2010-10-20 10:03:00,2010-10-20 10:03:00,234,0,331.14
13982,40,9,4016.99,4,5,5,455,14,Champions,2010-01-20 14:04:00,2011-10-31 16:24:00,2528,649,446.332222222
13983,30,21,6779.09,4,5,5,455,14,Champions,2009-12-09 13:53:00,2011-11-10 11:06:00,3937,701,322.813809524
13984,27,12,1893.8,4,5,4,454,13,Champions,2009-12-07 11:51:00,2011-11-13 12:38:00,1301,706,157.816666667
13985,5,22,10020.86,5,5,5,555,15,Champions,2010-02-09 13:56:00,2011-12-05 17:06:00,4936,664,455.493636364
13986,18,1,320.46,5,1,2,512,8,New Customers,2011-11-22 15:00:00,2011-11-22 15:00:00,430,0,320.46
13987,380,2,682.54,2,2,3,223,7,Hibernating,2010-11-04 09:54:00,2010-11-25 10:20:00,492,21,341.27
13988,20,8,4757.8,5,4,5,545,14,Champions,2010-03-24 11:05:00,2011-11-20 10:15:00,3385,606,594.725
13989,66,5,2026.06,3,4,4,344,11,Loyal Customers,2010-05-25 12:13:00,2011-10-05 09:47:00,2207,498,405.212
13990,214,1,311.3,2,1,2,212,5,Hibernating,2011-05-10 15:19:00,2011-05-10 15:19:00,190,0,311.3
13991,13,6,854.97,5,4,3,543,12,Loyal Customers,2011-07-19 12:58:00,2011-11-27 16:18:00,997,131,142.495
13992,31,3,219.5,4,3,1,431,8,Potential Loyalists,2010-09-02 17:04:00,2011-11-09 15:23:00,154,433,73.1666666667
13993,43,19,6775.71,4,5,5,455,14,Champions,2009-12-03 11:57:00,2011-10-28 09:06:00,2135,694,356.616315789
13994,4,6,2313.14,5,4,4,544,13,Champions,2011-07-14 18:28:00,2011-12-06 11:05:00,940,145,385.523333333
13995,16,14,3902.01,5,5,5,555,15,Champions,2009-12-18 12:43:00,2011-11-24 14:22:00,2359,706,278.715
13996,387,2,845.76,2,2,3,223,7,Hibernating,2010-11-05 15:07:00,2010-11-18 16:27:00,612,13,422.88
13997,520,3,382.31,1,3,2,132,6,At Risk,2010-06-07 17:33:00,2010-07-08 18:06:00,146,31,127.436666667
13998,447,3,566.7,1,3,2,132,6,At Risk,2010-05-12 13:18:00,2010-09-19 10:20:00,204,130,188.9
13999,11,29,9502.26,5,5,5,555,15,Champions,2009-12-05 12:42:00,2011-11-29 13:40:00,5043,724,327.664137931
14000,212,5,2046.34,2,4,4,244,10,At Risk,2009-12-02 09:50:00,2011-05-12 16:50:00,1838,526,409.268
14001,46,9,4228.85,4,5,5,455,14,Champions,2010-08-03 12:49:00,2011-10-25 10:31:00,1779,448,469.872222222
14002,135,2,529.73,3,2,2,322,7,Need Attention,2011-07-06 14:59:00,2011-07-28 15:55:00,877,22,264.865
14003,733,1,209.41,1,1,1,111,3,Lost,2009-12-07 08:53:00,2009-12-07 08:53:00,149,0,209.41
14004,44,11,6258.45,4,5,5,455,14,Champions,2010-09-30 09:39:00,2011-10-27 14:40:00,3425,392,568.95
14005,10,5,2874.72,5,4,4,544,13,Champions,2011-05-08 10:33:00,2011-11-30 12:41:00,2478,206,574.944
14006,116,7,2196.67,3,4,4,344,11,Loyal Customers,2010-02-25 09:45:00,2011-08-16 09:39:00,2181,537,313.81
14007,513,1,79.48,1,1,1,111,3,Lost,2010-07-15 09:06:00,2010-07-15 09:06:00,16,0,79.48
14008,433,1,509.04,1,1,2,112,4,Lost,2010-10-03 13:09:00,2010-10-03 13:09:00,326,0,509.04
14009,199,3,1099.91,2,3,3,233,8,At Risk,2010-09-03 12:08:00,2011-05-25 15:47:00,951,264,366.636666667
14010,566,2,445.15,1,2,2,122,5,Lost,2010-05-23 12:46:00,2010-05-23 13:00:00,177,0,222.575
14011,481,2,457.82,1,2,2,122,5,Lost,2010-04-11 13:40:00,2010-08-16 15:31:00,644,127,228.91
14012,278,1,328.8,2,1,2,212,5,Hibernating,2011-03-07 12:26:00,2011-03-07 12:26:00,160,0,328.8
14013,111,5,1084.57,3,4,3,343,10,Loyal Customers,2010-03-26 10:02:00,2011-08-21 15:01:00,775,513,216.914
14014,78,3,1948.21,3,3,4,334,10,Promising,2010-05-12 09:04:00,2011-09-23 13:18:00,2004,499,649.403333333
14015,53,1,917.34,4,1,3,413,8,Promising,2011-10-18 10:02:00,2011-10-18 10:02:00,378,0,917.34
14016,162,11,11303.41,3,5,5,355,13,Loyal Customers,2010-01-08 14:12:00,2011-07-01 11:29:00,5720,539,1027.58272727
14017,572,1,229.75,1,1,1,111,3,Lost,2010-05-17 14:52:00,2010-05-17 14:52:00,73,0,229.75
14018,646,1,367.15,1,1,2,112,4,Lost,2010-03-04 14:23:00,2010-03-04 14:23:00,224,0,367.15
14019,47,3,1421.61,4,3,4,434,11,Potential Loyalists,2011-07-24 15:39:00,2011-10-24 10:13:00,1037,92,473.87
14020,17,4,1249.01,5,3,4,534,12,Potential Loyalists,2010-06-28 15:29:00,2011-11-23 09:22:00,648,513,312.2525
14021,156,7,1716.58,3,4,4,344,11,Loyal Customers,2010-04-26 11:22:00,2011-07-07 15:46:00,878,437,245.225714286
14022,226,2,792.15,2,2,3,223,7,Hibernating,2010-08-10 09:38:00,2011-04-28 14:39:00,681,261,396.075
14023,8,2,584.07,5,2,2,522,9,Potential Loyalists,2011-04-03 15:50:00,2011-12-02 13:58:00,345,243,292.035
14024,122,3,645.74,3,3,3,333,9,Promising,2010-11-14 10:51:00,2011-08-10 11:30:00,238,269,215.246666667
14025,465,8,4057.9,1,4,5,145,10,At Risk,2010-05-05 09:56:00,2010-09-01 10:11:00,1914,119,507.2375
14026,471,2,713.11,1,2,3,123,6,Lost,2010-03-24 14:10:00,2010-08-26 10:31:00,427,155,356.555
14027,61,1,104.82,3,1,1,311,5,Need Attention,2011-10-10 09:01:00,2011-10-10 09:01:00,62,0,104.82
14028,551,3,10396.5,1,3,5,135,9,At Risk,2010-06-07 12:02:00,2010-06-07 13:33:00,7170,0,3465.5
14029,64,2,467.66,3,2,2,322,7,Need Attention,2011-07-18 16:57:00,2011-10-07 14:46:00,198,81,233.83
14030,19,20,7585.79,5,5,5,555,15,Champions,2009-12-10 17:27:00,2011-11-21 16:48:00,4253,711,379.2895
14031,8,44,39099.1,5,5,5,555,15,Champions,2009-12-03 15:35:00,2011-12-02 17:13:00,13822,729,888.615909091
14032,3,16,4546.41,5,5,5,555,15,Champions,2009-12-14 12:02:00,2011-12-07 15:23:00,3740,723,284.150625
14033,556,1,109.44,1,1,1,111,3,Lost,2010-06-02 15:10:00,2010-06-02 15:10:00,576,0,109.44
14034,23,3,651.82,4,3,3,433,10,Potential Loyalists,2011-07-05 13:06:00,2011-11-17 14:02:00,423,135,217.273333333
14035,29,9,2856.72,4,5,4,454,13,Champions,2010-04-06 12:39:00,2011-11-11 10:03:00,1419,584,317.413333333
14036,285,1,626.65,2,1,3,213,6,Hibernating,2011-02-28 09:26:00,2011-02-28 09:26:00,268,0,626.65
14037,177,6,836.95,3,4,3,343,10,Loyal Customers,2009-12-07 11:39:00,2011-06-16 13:57:00,590,556,139.491666667
14038,79,5,3069.88,3,4,5,345,12,Loyal Customers,2010-02-04 08:56:00,2011-09-22 13:37:00,1708,595,613.976
14039,34,2,267.28,4,2,1,421,7,Potential Loyalists,2010-05-13 10:15:00,2011-11-06 13:48:00,192,542,133.64
14040,41,35,12645.57,4,5,5,455,14,Champions,2009-12-01 12:14:00,2011-10-30 12:42:00,5044,698,361.302
14041,267,1,141.41,2,1,1,211,4,Hibernating,2011-03-18 13:25:00,2011-03-18 13:25:00,94,0,141.41
14042,726,1,431.98,1,1,2,112,4,Lost,2009-12-14 15:07:00,2009-12-14 15:07:00,180,0,431.98
14043,492,2,304.25,1,2,2,122,5,Lost,2009-12-10 15:56:00,2010-08-05 18:18:00,153,238,152.125
14044,27,10,3119.35,4,5,5,455,14,Champions,2010-01-24 15:14:00,2011-11-13 12:05:00,2125,658,311.935
14045,110,16,10986.63,3,5,5,355,13,Loyal Customers,2010-01-08 10:08:00,2011-08-22 15:27:00,4459,591,686.664375
14046,285,1,151.59,2,1,1,211,4,Hibernating,2011-02-28 14:48:00,2011-02-28 14:48:00,443,0,151.59
14047,9,14,3968.11,5,5,5,555,15,Champions,2010-02-01 10:05:00,2011-12-01 11:43:00,1541,668,283.436428571
14048,306,3,748.69,2,3,3,233,8,At Risk,2010-11-22 14:08:00,2011-02-07 14:53:00,467,77,249.563333333
14049,17,13,13239.03,5,5,5,555,15,Champions,2010-04-01 14:52:00,2011-11-23 12:20:00,8609,601,1018.38692308
14050,32,2,746.36,4,2,3,423,9,Potential Loyalists,2011-08-25 13:46:00,2011-11-08 10:00:00,689,75,373.18
14051,1,37,21810.58,5,5,5,555,15,Champions,2009-12-03 11:53:00,2011-12-09 10:20:00,5733,736,589.475135135
14052,20,2,480.81,5,2,2,522,9,Potential Loyalists,2010-11-14 11:37:00,2011-11-20 12:30:00,187,371,240.405
14053,125,4,572.3,3,3,2,332,8,Need Attention,2010-08-10 11:02:00,2011-08-07 14:27:00,490,362,143.075
14054,66,1,92.46,3,1,1,311,5,Need Attention,2011-10-05 15:49:00,2011-10-05 15:49:00,62,0,92.46
14055,107,3,1520.96,3,3,4,334,10,Promising,2009-12-16 15:11:00,2011-08-25 15:04:00,720,617,506.986666667
14056,2,23,8214.65,5,5,5,555,15,Champions,2011-02-28 15:19:00,2011-12-08 13:36:00,4273,283,357.158695652
14057,24,22,8408.84,4,5,5,455,14,Champions,2009-12-03 13:17:00,2011-11-16 10:32:00,6485,713,382.22
14058,463,2,469.19,1,2,2,122,5,Lost,2010-06-27 11:29:00,2010-09-03 09:31:00,211,68,234.595
14059,267,1,183.6,2,1,1,211,4,Hibernating,2011-03-18 10:06:00,2011-03-18 10:06:00,128,0,183.6
14060,5,30,8898.24,5,5,5,555,15,Champions,2010-03-11 09:47:00,2011-12-05 12:29:00,7419,634,296.608
14061,508,3,917.43,1,3,3,133,7,At Risk,2009-12-01 18:03:00,2010-07-20 17:22:00,133,231,305.81
14062,10,24,25604.2,5,5,5,555,15,Champions,2009-12-10 14:28:00,2011-11-30 10:04:00,12799,720,1066.84166667
14063,687,7,9471.5,1,4,5,145,10,At Risk,2009-12-08 13:46:00,2010-01-22 11:28:00,3848,45,1353.07142857
14064,30,15,3332.42,4,5,5,455,14,Champions,2010-01-21 13:22:00,2011-11-10 13:14:00,3977,658,222.161333333
14065,390,3,891.02,2,3,3,233,8,At Risk,2010-10-04 12:03:00,2010-11-15 16:13:00,582,42,297.006666667
14066,267,1,152.55,2,1,1,211,4,Hibernating,2011-03-18 12:21:00,2011-03-18 12:21:00,45,0,152.55
14067,64,2,374.7,3,2,2,322,7,Need Attention,2011-09-04 12:00:00,2011-10-07 10:21:00,361,33,187.35
14068,321,4,1528.37,2,3,4,234,9,At Risk,2010-01-31 10:10:00,2011-01-23 16:02:00,513,357,382.0925
14069,515,2,230.06,1,2,1,121,4,Lost,2010-05-27 12:30:00,2010-07-13 12:12:00,59,47,115.03
14070,685,1,326.55,1,1,2,112,4,Lost,2010-01-24 12:27:00,2010-01-24 12:27:00,86,0,326.55
14071,4,8,1424,5,4,4,544,13,Champions,2011-03-20 11:33:00,2011-12-06 12:27:00,957,261,178
14072,667,1,390.85,1,1,2,112,4,Lost,2010-02-11 12:31:00,2010-02-11 12:31:00,65,0,390.85
14073,33,1,151.04,4,1,1,411,6,Promising,2011-11-07 15:49:00,2011-11-07 15:49:00,130,0,151.04
14074,624,1,219.4,1,1,1,111,3,Lost,2010-03-26 13:55:00,2010-03-26 13:55:00,228,0,219.4
14075,5,5,1724.87,5,4,4,544,13,Champions,2010-08-26 13:42:00,2011-12-05 08:38:00,1493,466,344.974
14076,130,1,122.47,3,1,1,311,5,Need Attention,2011-08-02 15:19:00,2011-08-02 15:19:00,81,0,122.47
14077,41,6,615.08,4,4,3,443,11,Loyal Customers,2010-11-09 16:01:00,2011-10-30 12:35:00,376,355,102.513333333
14078,102,9,1554.74,3,5,4,354,12,Loyal Customers,2010-03-28 15:05:00,2011-08-30 12:16:00,588,520,172.748888889
14079,125,1,375.1,3,1,2,312,6,Need Attention,2011-08-07 12:10:00,2011-08-07 12:10:00,301,0,375.1
14080,33,5,1115.68,4,4,3,443,11,Loyal Customers,2009-12-02 15:01:00,2011-11-07 11:09:00,268,705,223.136
14081,303,10,4946.58,2,5,5,255,12,At Risk,2009-12-10 18:27:00,2011-02-10 16:17:00,3460,427,494.658
14082,365,2,413.36,2,2,2,222,6,Hibernating,2010-11-12 11:47:00,2010-12-10 11:02:00,246,28,206.68
14083,5,11,1097.72,5,5,3,553,13,Loyal Customers,2009-12-18 11:34:00,2011-12-05 13:14:00,787,717,99.7927272727
14084,513,1,150.5,1,1,1,111,3,Lost,2010-07-15 14:36:00,2010-07-15 14:36:00,306,0,150.5
14085,3,32,9781.92,5,5,5,555,15,Champions,2009-12-08 13:41:00,2011-12-07 13:46:00,6457,729,305.685
14086,463,1,39.95,1,1,1,111,3,Lost,2010-09-03 10:52:00,2010-09-03 10:52:00,1,0,39.95
14087,3,3,846.22,5,3,3,533,11,Potential Loyalists,2009-12-04 15:27:00,2011-12-07 12:41:00,727,733,282.073333333
14088,11,16,64036.8,5,5,5,555,15,Champions,2010-10-14 19:46:00,2011-11-29 16:16:00,15276,411,4002.3
14089,57,1,161,4,1,1,411,6,Promising,2011-10-14 10:38:00,2011-10-14 10:38:00,134,0,161
14090,325,1,76.32,2,1,1,211,4,Hibernating,2011-01-19 10:51:00,2011-01-19 10:51:00,72,0,76.32
14091,655,2,9530.08,1,2,5,125,8,Lost,2010-01-10 13:41:00,2010-02-23 15:17:00,3316,44,4765.04
14092,8,24,7229.45,5,5,5,555,15,Champions,2009-12-16 16:24:00,2011-12-02 12:13:00,3606,716,301.227083333
14093,13,1,442.85,5,1,2,512,8,New Customers,2011-11-27 16:27:00,2011-11-27 16:27:00,406,0,442.85
14094,440,1,335.22,1,1,2,112,4,Lost,2010-09-26 11:58:00,2010-09-26 11:58:00,177,0,335.22
14095,723,1,2.95,1,1,1,111,3,Lost,2009-12-17 12:49:00,2009-12-17 12:49:00,1,0,2.95
14096,5,17,53258.43,5,5,5,555,15,Champions,2011-08-30 10:49:00,2011-12-05 17:17:00,16336,97,3132.84882353
14097,482,2,422.86,1,2,2,122,5,Lost,2010-03-04 10:46:00,2010-08-15 14:20:00,352,164,211.43
14098,37,1,147.35,4,1,1,411,6,Promising,2011-11-03 10:13:00,2011-11-03 10:13:00,104,0,147.35
14099,17,20,5765.71,5,5,5,555,15,Champions,2009-12-10 11:55:00,2011-11-23 13:53:00,3670,713,288.2855
14100,138,1,194.9,3,1,1,311,5,Need Attention,2011-07-25 11:01:00,2011-07-25 11:01:00,64,0,194.9
14101,74,13,9961.93,3,5,5,355,13,Loyal Customers,2010-03-28 13:36:00,2011-09-27 12:28:00,10542,548,766.302307692
14102,6,5,1360.28,5,4,4,544,13,Champions,2011-10-26 12:46:00,2011-12-04 15:38:00,961,39,272.056
14104,155,5,768.58,3,4,3,343,10,Loyal Customers,2010-05-28 16:11:00,2011-07-08 12:50:00,508,406,153.716
14105,240,5,5988.83,2,4,5,245,11,At Risk,2009-12-18 16:57:00,2011-04-14 17:58:00,3534,482,1197.766
14106,738,1,214.8,1,1,1,111,3,Lost,2009-12-02 14:09:00,2009-12-02 14:09:00,24,0,214.8
14107,52,11,4877.3,4,5,5,455,14,Champions,2009-12-09 14:20:00,2011-10-19 12:12:00,3489,679,443.390909091
14108,31,4,1044.96,4,3,3,433,10,Potential Loyalists,2009-12-01 18:07:00,2011-11-09 10:41:00,660,708,261.24
14109,73,1,144.2,3,1,1,311,5,Need Attention,2011-09-28 10:18:00,2011-09-28 10:18:00,88,0,144.2
14110,4,33,12987.95,5,5,5,555,15,Champions,2009-12-01 09:50:00,2011-12-06 12:26:00,5825,735,393.574242424
14111,15,4,692.85,5,3,3,533,11,Potential Loyalists,2011-04-12 11:36:00,2011-11-25 13:44:00,458,227,173.2125
14112,23,13,5834.59,4,5,5,455,14,Champions,2010-02-23 14:16:00,2011-11-17 12:30:00,3539,632,448.814615385
14113,4,16,7092.61,5,5,5,555,15,Champions,2009-12-08 07:42:00,2011-12-06 12:18:00,3439,728,443.288125
14114,274,7,1364.09,2,4,4,244,10,At Risk,2010-04-12 11:07:00,2011-03-11 09:42:00,650,333,194.87
14115,502,2,622.67,1,2,3,123,6,Lost,2010-02-11 11:44:00,2010-07-26 12:36:00,509,165,311.335
14116,20,5,1382.74,5,4,4,544,13,Champions,2011-08-10 12:44:00,2011-11-20 10:29:00,707,102,276.548
14117,144,1,90,3,1,1,311,5,Need Attention,2011-07-19 09:49:00,2011-07-19 09:49:00,72,0,90
14118,429,1,458.45,1,1,2,112,4,Lost,2010-10-07 11:59:00,2010-10-07 11:59:00,97,0,458.45
14119,376,2,183.37,2,2,1,221,5,Hibernating,2009-12-21 14:52:00,2010-11-29 10:33:00,177,343,91.685
14121,4,4,2780.15,5,3,4,534,12,Potential Loyalists,2011-10-11 10:39:00,2011-12-06 12:19:00,2082,56,695.0375
14122,407,3,362.42,2,3,2,232,7,At Risk,2009-12-02 14:22:00,2010-10-29 15:11:00,114,331,120.806666667
14123,734,1,436.18,1,1,2,112,4,Lost,2009-12-06 15:35:00,2009-12-06 15:35:00,234,0,436.18
14124,85,1,419.58,3,1,2,312,6,Need Attention,2011-09-16 13:32:00,2011-09-16 13:32:00,1618,0,419.58
14125,11,3,2740.43,5,3,4,534,12,Potential Loyalists,2011-09-22 15:40:00,2011-11-29 12:47:00,1640,68,913.476666667
14126,8,4,1172.46,5,3,3,533,11,Potential Loyalists,2010-09-21 14:51:00,2011-12-02 11:45:00,887,437,293.115
14127,123,6,1900.08,3,4,4,344,11,Loyal Customers,2010-10-10 11:53:00,2011-08-09 10:49:00,828,303,316.68
14128,61,3,924.21,3,3,3,333,9,Promising,2010-06-06 14:05:00,2011-10-10 12:00:00,814,491,308.07
14129,2,9,2591.34,5,5,4,554,14,Champions,2010-05-09 14:54:00,2011-12-08 11:02:00,1414,578,287.926666667
14130,320,4,1882.67,2,3,4,234,9,At Risk,2009-12-11 16:33:00,2011-01-24 16:05:00,1239,409,470.6675
14131,649,1,187.87,1,1,1,111,3,Lost,2010-03-01 11:59:00,2010-03-01 11:59:00,118,0,187.87
14132,3,11,3586.03,5,5,5,555,15,Champions,2011-06-09 12:04:00,2011-12-07 13:35:00,3368,181,326.002727273
14133,130,4,911.14,3,3,3,333,9,Promising,2009-12-06 12:10:00,2011-08-02 11:34:00,398,604,227.785
14134,383,15,11123.35,2,5,5,255,12,At Risk,2009-12-10 09:25:00,2010-11-22 12:26:00,5814,347,741.556666667
14135,2,24,8839.67,5,5,5,555,15,Champions,2009-12-02 08:58:00,2011-12-08 11:38:00,8534,736,368.319583333
14136,401,5,1570.81,2,4,4,244,10,At Risk,2009-12-08 09:19:00,2010-11-04 11:53:00,1148,331,314.162
14137,696,1,332.7,1,1,2,112,4,Lost,2010-01-13 12:30:00,2010-01-13 12:30:00,462,0,332.7
14138,2,2,982.38,5,2,3,523,10,Potential Loyalists,2011-10-07 09:38:00,2011-12-08 12:44:00,610,62,491.19
14139,47,4,1086.8,4,3,3,433,10,Potential Loyalists,2010-06-15 09:17:00,2011-10-24 13:34:00,1049,496,271.7
14140,4,2,935.05,5,2,3,523,10,Potential Loyalists,2011-11-08 11:20:00,2011-12-06 09:05:00,811,28,467.525
14141,3,4,915.13,5,3,3,533,11,Potential Loyalists,2011-08-26 14:40:00,2011-12-07 09:53:00,355,103,228.7825
14142,374,2,671.34,2,2,3,223,7,Hibernating,2010-03-03 15:13:00,2010-12-01 16:33:00,518,273,335.67
14143,134,1,115.8,3,1,1,311,5,Need Attention,2011-07-29 09:48:00,2011-07-29 09:48:00,30,0,115.8
14144,487,1,30.6,1,1,1,111,3,Lost,2010-08-10 15:17:00,2010-08-10 15:17:00,12,0,30.6
14145,47,7,7600.05,4,4,5,445,13,Champions,2010-04-08 09:47:00,2011-10-24 12:10:00,1655,564,1085.72142857
14146,9,12,9450.3,5,5,5,555,15,Champions,2010-01-13 16:04:00,2011-12-01 10:18:00,5780,687,787.525
14147,79,9,2590.2,3,5,4,354,12,Loyal Customers,2010-03-09 13:43:00,2011-09-22 18:10:00,995,562,287.8
14148,234,2,466.29,2,2,2,222,6,Hibernating,2010-10-21 14:08:00,2011-04-20 12:02:00,223,181,233.145
14149,221,1,446.62,2,1,2,212,5,Hibernating,2011-05-03 09:44:00,2011-05-03 09:44:00,218,0,446.62
14150,36,2,658.64,4,2,3,423,9,Potential Loyalists,2010-12-15 10:04:00,2011-11-04 10:05:00,496,324,329.32
14151,674,2,679.45,1,2,3,123,6,Lost,2009-12-23 10:54:00,2010-02-04 15:35:00,405,43,339.725
14152,76,7,1997.34,3,4,4,344,11,Loyal Customers,2010-02-18 13:57:00,2011-09-25 12:54:00,1844,584,285.334285714
14153,484,1,233.4,1,1,1,111,3,Lost,2010-08-13 14:35:00,2010-08-13 14:35:00,312,0,233.4
14154,240,8,6460.7,2,4,5,245,11,At Risk,2010-01-13 12:47:00,2011-04-14 16:26:00,3222,456,807.5875
14155,267,1,118.75,2,1,1,211,4,Hibernating,2011-03-18 14:13:00,2011-03-18 14:13:00,25,0,118.75
14156,10,144,303256.43,5,5,5,555,15,Champions,2009-12-01 12:30:00,2011-11-30 10:54:00,164400,729,2105.94743056
14157,20,5,1002.78,5,4,3,543,12,Loyal Customers,2010-03-03 16:49:00,2011-11-20 11:32:00,540,627,200.556
14158,41,1,507.66,4,1,2,412,7,Promising,2011-10-30 15:08:00,2011-10-30 15:08:00,781,0,507.66
14159,20,20,7926.79,5,5,5,555,15,Champions,2009-12-03 12:31:00,2011-11-20 12:36:00,6587,717,396.3395
14160,611,7,8421.47,1,4,5,145,10,At Risk,2010-01-10 12:06:00,2010-04-08 14:30:00,4661,88,1203.06714286
14161,216,7,3035.73,2,4,5,245,11,At Risk,2009-12-13 11:46:00,2011-05-08 11:41:00,1495,511,433.675714286
14162,174,2,289.36,3,2,2,322,7,Need Attention,2011-02-20 12:32:00,2011-06-19 11:36:00,142,119,144.68
14163,88,5,2594.62,3,4,4,344,11,Loyal Customers,2010-09-03 17:15:00,2011-09-13 15:18:00,950,375,518.924
14164,71,2,1631.77,3,2,4,324,9,Promising,2011-09-20 12:18:00,2011-09-30 12:24:00,1033,10,815.885
14165,276,1,122.54,2,1,1,211,4,Hibernating,2011-03-09 12:39:00,2011-03-09 12:39:00,54,0,122.54
14166,506,2,256.85,1,2,1,121,4,Lost,2010-03-23 15:10:00,2010-07-22 19:42:00,84,121,128.425
14167,40,8,1296.49,4,4,4,444,12,Champions,2010-01-27 16:07:00,2011-10-31 14:29:00,350,642,162.06125
14168,421,2,370.45,1,2,2,122,5,Lost,2010-05-24 12:28:00,2010-10-15 10:49:00,147,144,185.225
14169,431,2,616.03,1,2,3,123,6,Lost,2010-09-21 13:39:00,2010-10-05 08:45:00,204,14,308.015
14170,376,3,597.33,2,3,2,232,7,At Risk,2010-11-09 14:06:00,2010-11-29 13:10:00,290,20,199.11
14171,99,2,498.79,3,2,2,322,7,Need Attention,2009-12-09 13:50:00,2011-09-02 16:43:00,211,632,249.395
14172,606,3,402.72,1,3,2,132,6,At Risk,2010-03-07 10:58:00,2010-04-13 13:26:00,88,37,134.24
14173,11,6,586,5,4,2,542,11,Loyal Customers,2009-12-09 12:46:00,2011-11-29 11:54:00,194,720,97.6666666667
14174,34,1,134.46,4,1,1,411,6,Promising,2011-11-06 13:17:00,2011-11-06 13:17:00,94,0,134.46
14175,60,8,7678.88,3,4,5,345,12,Loyal Customers,2010-03-22 10:43:00,2011-10-11 11:55:00,3009,568,959.86
14176,298,5,756.46,2,4,3,243,9,At Risk,2010-11-23 13:21:00,2011-02-15 13:12:00,265,84,151.292
14177,87,13,2229.34,3,5,4,354,12,Loyal Customers,2010-02-26 11:59:00,2011-09-14 15:11:00,1048,565,171.487692308
14178,9,7,1600.93,5,4,4,544,13,Champions,2011-06-10 12:51:00,2011-12-01 12:01:00,1503,174,228.704285714
14179,41,2,719.78,4,2,3,423,9,Potential Loyalists,2011-10-18 14:00:00,2011-10-30 12:07:00,330,12,359.89
14180,11,33,6117.5,5,5,5,555,15,Champions,2010-06-09 14:56:00,2011-11-29 10:56:00,847,538,185.378787879
14181,411,2,310.55,1,2,2,122,5,Lost,2010-05-26 12:32:00,2010-10-25 08:27:00,122,152,155.275
14182,444,4,678.77,1,3,3,133,7,At Risk,2010-04-22 15:36:00,2010-09-22 11:45:00,174,153,169.6925
14183,412,2,286.29,1,2,1,121,4,Lost,2010-08-15 15:36:00,2010-10-24 14:45:00,61,70,143.145
14184,67,1,452.89,3,1,2,312,6,Need Attention,2011-10-04 12:43:00,2011-10-04 12:43:00,127,0,452.89
14185,332,1,197.65,2,1,1,211,4,Hibernating,2011-01-12 13:52:00,2011-01-12 13:52:00,6,0,197.65
14186,428,5,1550.63,1,4,4,144,9,At Risk,2010-03-05 11:17:00,2010-10-08 13:30:00,1550,217,310.126
14187,474,1,123.5,1,1,1,111,3,Lost,2010-08-23 12:06:00,2010-08-23 12:06:00,50,0,123.5
14188,31,6,2054.36,4,4,4,444,12,Champions,2011-02-02 13:46:00,2011-11-09 12:45:00,1162,280,342.393333333
14189,3,16,5503.15,5,5,5,555,15,Champions,2010-11-16 09:28:00,2011-12-07 15:55:00,4392,386,343.946875
14190,667,1,79.9,1,1,1,111,3,Lost,2010-02-11 14:27:00,2010-02-11 14:27:00,2,0,79.9
14191,2,15,4817.66,5,5,5,555,15,Champions,2009-12-11 10:48:00,2011-12-08 09:23:00,3724,727,321.177333333
14192,389,1,293.74,2,1,2,212,5,Hibernating,2010-11-16 17:44:00,2010-11-16 17:44:00,218,0,293.74
14193,68,3,1210.19,3,3,3,333,9,Promising,2010-11-08 12:31:00,2011-10-03 09:34:00,653,329,403.396666667
14194,5,36,18670.59,5,5,5,555,15,Champions,2010-01-06 12:16:00,2011-12-05 10:38:00,10037,698,518.6275
14195,202,6,2615.6,2,4,4,244,10,At Risk,2010-03-15 17:12:00,2011-05-22 10:29:00,2144,433,435.933333333
14196,107,1,335.52,3,1,2,312,6,Need Attention,2011-08-25 10:25:00,2011-08-25 10:25:00,142,0,335.52
14197,411,1,390.05,1,1,2,112,4,Lost,2010-10-25 10:01:00,2010-10-25 10:01:00,143,0,390.05
14198,19,9,1569.73,5,5,4,554,14,Champions,2010-01-05 10:07:00,2011-11-21 16:35:00,623,685,174.414444444
14199,219,4,1091.7,2,3,3,233,8,At Risk,2010-06-27 12:13:00,2011-05-05 13:44:00,254,312,272.925
14200,618,1,379.2,1,1,2,112,4,Lost,2010-04-01 13:01:00,2010-04-01 13:01:00,140,0,379.2
14201,61,10,1193.54,3,5,3,353,11,Loyal Customers,2010-04-30 13:00:00,2011-10-10 13:27:00,806,528,119.354
14202,382,3,847.76,2,3,3,233,8,At Risk,2010-03-25 10:36:00,2010-11-23 17:13:00,166,243,282.586666667
14203,398,1,339.34,2,1,2,212,5,Hibernating,2010-11-07 13:35:00,2010-11-07 13:35:00,80,0,339.34
14204,3,4,1062.96,5,3,3,533,11,Potential Loyalists,2009-12-02 13:26:00,2011-12-07 13:38:00,492,735,265.74
14205,17,9,2414.2,5,5,4,554,14,Champions,2010-03-07 12:20:00,2011-11-23 10:55:00,1342,626,268.244444444
14206,240,3,1185.01,2,3,3,233,8,At Risk,2010-11-02 11:37:00,2011-04-14 16:38:00,930,163,395.003333333
14207,688,1,157.8,1,1,1,111,3,Lost,2010-01-21 09:33:00,2010-01-21 09:33:00,36,0,157.8
14208,95,2,567.05,3,2,2,322,7,Need Attention,2010-06-06 13:11:00,2011-09-06 12:48:00,529,457,283.525
14209,11,15,4993.27,5,5,5,555,15,Champions,2010-01-22 10:28:00,2011-11-29 10:18:00,1739,676,332.884666667
14210,106,16,5556.57,3,5,5,355,13,Loyal Customers,2010-01-06 10:17:00,2011-08-26 12:36:00,2511,597,347.285625
14211,54,18,4402.29,4,5,5,455,14,Champions,2009-12-09 12:48:00,2011-10-17 13:23:00,2575,677,244.571666667
14212,90,2,2190.14,3,2,4,324,9,Promising,2010-09-20 11:48:00,2011-09-11 12:45:00,2046,356,1095.07
14213,405,1,1192.2,2,1,3,213,6,Hibernating,2010-10-31 10:37:00,2010-10-31 10:37:00,244,0,1192.2
14214,31,5,1004.38,4,4,3,443,11,Loyal Customers,2011-03-07 12:26:00,2011-11-09 10:31:00,751,247,200.876
14215,12,9,3250.33,5,5,5,555,15,Champions,2009-12-08 09:35:00,2011-11-28 12:19:00,2181,720,361.147777778
14216,4,5,2150.04,5,4,4,544,13,Champions,2010-10-21 15:07:00,2011-12-06 14:56:00,712,411,430.008
14217,2,23,3298.59,5,5,5,555,15,Champions,2010-06-30 12:54:00,2011-12-08 11:53:00,1230,526,143.416956522
14218,43,1,169.48,4,1,1,411,6,Promising,2011-10-28 10:00:00,2011-10-28 10:00:00,160,0,169.48
14219,5,3,633.83,5,3,3,533,11,Potential Loyalists,2010-08-03 14:42:00,2011-12-05 16:23:00,363,489,211.276666667
14220,248,4,1515,2,3,4,234,9,At Risk,2010-05-19 13:26:00,2011-04-06 13:23:00,468,322,378.75
14221,43,17,6517.49,4,5,5,455,14,Champions,2010-04-06 14:10:00,2011-10-28 13:42:00,3808,570,383.381764706
14222,178,1,683.17,3,1,3,313,7,Need Attention,2011-06-15 16:42:00,2011-06-15 16:42:00,607,0,683.17
14223,93,3,991.13,3,3,3,333,9,Promising,2011-03-20 16:02:00,2011-09-08 13:38:00,585,172,330.376666667
14224,111,9,1897.9,3,5,4,354,12,Loyal Customers,2010-06-13 13:46:00,2011-08-21 13:24:00,863,434,210.877777778
14225,435,4,2037.02,1,3,4,134,8,At Risk,2010-01-12 15:02:00,2010-10-01 10:32:00,1168,262,509.255
14226,29,6,3002.53,4,4,5,445,13,Champions,2010-09-24 14:32:00,2011-11-11 11:34:00,1726,413,500.421666667
14227,27,15,6366.16,4,5,5,455,14,Champions,2010-02-08 09:38:00,2011-11-13 15:48:00,4045,643,424.410666667
14228,438,3,745.5,1,3,3,133,7,At Risk,2010-06-11 12:29:00,2010-09-28 09:45:00,260,109,248.5
14229,52,7,2594.04,4,4,4,444,12,Champions,2010-08-25 11:47:00,2011-10-19 10:04:00,934,420,370.577142857
14230,436,3,979.8,1,3,3,133,7,At Risk,2010-06-09 13:56:00,2010-09-30 09:07:00,246,113,326.6
14231,184,4,1235.62,3,3,4,334,10,Promising,2010-09-15 09:52:00,2011-06-09 11:05:00,610,267,308.905
14232,43,5,2048.07,4,4,4,444,12,Champions,2011-03-20 12:44:00,2011-10-28 11:09:00,1941,222,409.614
14233,50,7,2904.27,4,4,5,445,13,Champions,2010-03-05 16:35:00,2011-10-21 15:54:00,1261,595,414.895714286
14234,23,4,775.46,4,3,3,433,10,Potential Loyalists,2011-10-13 13:58:00,2011-11-17 17:53:00,963,35,193.865
14235,76,9,4717.99,3,5,5,355,13,Loyal Customers,2010-03-30 13:36:00,2011-09-25 14:37:00,3014,544,524.221111111
14236,81,5,1555.34,3,4,4,344,11,Loyal Customers,2010-07-22 14:27:00,2011-09-20 09:13:00,774,425,311.068
14237,374,2,471.14,2,2,2,222,6,Hibernating,2010-04-28 10:04:00,2010-12-01 13:20:00,238,217,235.57
14238,327,3,434.23,2,3,2,232,7,At Risk,2009-12-05 10:58:00,2011-01-17 14:40:00,189,408,144.743333333
14239,44,21,4263.17,4,5,5,455,14,Champions,2009-12-05 12:36:00,2011-10-27 14:40:00,1729,691,203.008095238
14240,31,3,1247.49,4,3,4,434,11,Potential Loyalists,2010-10-12 12:48:00,2011-11-09 13:45:00,655,393,415.83
14241,184,2,333.7,3,2,2,322,7,Need Attention,2010-01-12 15:11:00,2011-06-09 11:46:00,242,513,166.85
14242,235,2,280.55,2,2,1,221,5,Hibernating,2011-01-18 08:53:00,2011-04-19 11:46:00,123,91,140.275
14243,9,17,7217.75,5,5,5,555,15,Champions,2010-08-20 13:41:00,2011-12-01 11:12:00,3631,468,424.573529412
14244,661,1,366.42,1,1,2,112,4,Lost,2010-02-17 11:40:00,2010-02-17 11:40:00,814,0,366.42
14245,220,2,1693.45,2,2,4,224,8,Hibernating,2011-03-21 10:41:00,2011-05-04 08:40:00,976,44,846.725
14246,111,3,1474.06,3,3,4,334,10,Promising,2011-04-08 08:25:00,2011-08-21 11:50:00,804,135,491.353333333
14247,279,5,772.66,2,4,3,243,9,At Risk,2010-06-06 15:07:00,2011-03-06 15:21:00,382,273,154.532
14248,319,3,1032.95,2,3,3,233,8,At Risk,2010-07-12 14:27:00,2011-01-25 14:45:00,692,197,344.316666667
14249,411,12,5625.461,1,5,5,155,11,At Risk,2010-01-29 14:21:00,2010-10-25 12:34:00,2487,269,468.788416667
14250,8,3,1904.05,5,3,4,534,12,Potential Loyalists,2011-09-11 13:44:00,2011-12-02 14:30:00,1200,82,634.683333333
14251,2,5,2879.7,5,4,4,544,13,Champions,2011-10-13 12:46:00,2011-12-08 08:32:00,1674,56,575.94
14252,382,1,350.99,2,1,2,212,5,Hibernating,2010-11-23 13:36:00,2010-11-23 13:36:00,111,0,350.99
14253,494,2,363.4,1,2,2,122,5,Lost,2010-03-26 15:08:00,2010-08-03 14:55:00,88,130,181.7
14254,433,1,601.03,1,1,2,112,4,Lost,2010-10-03 11:52:00,2010-10-03 11:52:00,263,0,601.03
14256,261,5,2473.99,2,4,4,244,10,At Risk,2010-01-14 10:35:00,2011-03-24 13:17:00,1171,434,494.798
14257,65,9,5954.45,3,5,5,355,13,Loyal Customers,2010-03-01 15:36:00,2011-10-06 16:54:00,3332,584,661.605555556
14258,10,25,32051.34,5,5,5,555,15,Champions,2009-12-04 08:36:00,2011-11-30 15:27:00,17488,726,1282.0536
14259,142,1,120,3,1,1,311,5,Need Attention,2011-07-21 10:44:00,2011-07-21 10:44:00,68,0,120
14260,472,3,824.28,1,3,3,133,7,At Risk,2010-06-09 11:23:00,2010-08-25 14:55:00,544,77,274.76
14261,51,2,1163.45,4,2,3,423,9,Potential Loyalists,2011-09-22 10:47:00,2011-10-20 10:04:00,406,28,581.725
14262,9,8,2618.23,5,4,4,544,13,Champions,2011-04-13 12:23:00,2011-12-01 14:17:00,1645,232,327.27875
14263,424,1,322.93,1,1,2,112,4,Lost,2010-10-12 14:09:00,2010-10-12 14:09:00,171,0,322.93
14264,155,6,1517.36,3,4,4,344,11,Loyal Customers,2010-04-07 13:21:00,2011-07-08 10:20:00,553,457,252.893333333
14265,110,4,1373.35,3,3,4,334,10,Promising,2010-04-06 14:39:00,2011-08-22 13:32:00,715,503,343.3375
14266,429,1,40.56,1,1,1,111,3,Lost,2010-10-07 13:32:00,2010-10-07 13:32:00,24,0,40.56
14267,163,3,1516.24,3,3,4,334,10,Promising,2011-03-24 11:38:00,2011-06-30 10:09:00,530,98,505.413333333
14268,471,1,354.85,1,1,2,112,4,Lost,2010-08-26 10:45:00,2010-08-26 10:45:00,147,0,354.85
14269,440,1,295.73,1,1,2,112,4,Lost,2010-09-26 12:53:00,2010-09-26 12:53:00,123,0,295.73
14270,332,1,492.65,2,1,2,212,5,Hibernating,2011-01-12 09:33:00,2011-01-12 09:33:00,197,0,492.65
14271,226,2,219.13,2,2,1,221,5,Hibernating,2010-10-26 17:01:00,2011-04-28 12:47:00,149,184,109.565
14272,74,4,920.81,3,3,3,333,9,Promising,2010-05-06 14:01:00,2011-09-27 10:08:00,1097,509,230.2025
14273,52,4,559.97,4,3,2,432,9,Potential Loyalists,2011-04-11 13:24:00,2011-10-19 13:20:00,264,191,139.9925
14274,687,1,256.6,1,1,1,111,3,Lost,2010-01-22 12:51:00,2010-01-22 12:51:00,178,0,256.6
14275,396,6,1189.38,2,4,3,243,9,At Risk,2010-04-11 12:32:00,2010-11-09 09:06:00,538,212,198.23
14276,99,7,2102.68,3,4,4,344,11,Loyal Customers,2010-02-17 13:10:00,2011-09-02 09:45:00,1406,562,300.382857143
14277,16,8,16817.36,5,4,5,545,14,Champions,2009-12-13 15:43:00,2011-11-24 15:01:00,89810,711,2102.17
14278,410,1,205.83,1,1,1,111,3,Lost,2010-10-26 12:07:00,2010-10-26 12:07:00,131,0,205.83
14279,521,2,191.86,1,2,1,121,4,Lost,2010-01-27 16:34:00,2010-07-07 08:42:00,46,161,95.93
14280,197,1,134.04,2,1,1,211,4,Hibernating,2011-05-27 10:37:00,2011-05-27 10:37:00,52,0,134.04
14281,409,1,245.15,2,1,1,211,4,Hibernating,2010-10-27 14:45:00,2010-10-27 14:45:00,45,0,245.15
14282,4,25,7278.66,5,5,5,555,15,Champions,2010-02-15 11:22:00,2011-12-06 17:04:00,5178,659,291.1464
14283,464,4,628.44,1,3,3,133,7,At Risk,2010-05-19 12:22:00,2010-09-02 14:46:00,550,106,157.11
14284,31,3,1299.65,4,3,4,434,11,Potential Loyalists,2010-02-24 12:06:00,2011-11-09 08:11:00,510,623,433.216666667
14285,22,8,3284.42,4,4,5,445,13,Champions,2009-12-08 14:13:00,2011-11-18 14:50:00,954,710,410.5525
14286,24,7,8479.76,4,4,5,445,13,Champions,2009-12-04 08:40:00,2011-11-16 10:34:00,8795,712,1211.39428571
14287,9,3,176.63,5,3,1,531,9,Potential Loyalists,2011-05-25 11:41:00,2011-12-01 13:25:00,261,190,58.8766666667
14288,214,1,426.6,2,1,2,212,5,Hibernating,2011-05-10 13:22:00,2011-05-10 13:22:00,188,0,426.6
14289,9,6,911.26,5,4,3,543,12,Loyal Customers,2011-02-23 12:33:00,2011-12-01 11:44:00,292,281,151.876666667
14290,12,8,4516.56,5,4,5,545,14,Champions,2009-12-08 11:44:00,2011-11-28 14:02:00,1600,720,564.57
14291,2,23,7904.1,5,5,5,555,15,Champions,2009-12-09 10:46:00,2011-12-08 10:26:00,6146,729,343.656521739
14292,8,16,9226.25,5,5,5,555,15,Champions,2010-03-19 11:10:00,2011-12-02 11:50:00,3429,623,576.640625
14293,4,9,2903.01,5,5,5,555,15,Champions,2009-12-10 10:57:00,2011-12-06 15:17:00,1558,726,322.556666667
14294,408,1,375.34,2,1,2,212,5,Hibernating,2010-10-28 16:25:00,2010-10-28 16:25:00,190,0,375.34
14295,41,4,2352.91,4,3,4,434,11,Potential Loyalists,2009-12-09 13:06:00,2011-10-30 15:50:00,1028,690,588.2275
14296,422,2,456.4,1,2,2,122,5,Lost,2010-05-14 14:34:00,2010-10-14 14:14:00,314,153,228.2
14297,18,4,1305.33,5,3,4,534,12,Potential Loyalists,2011-03-10 08:31:00,2011-11-22 09:06:00,865,257,326.3325
14298,9,82,91194.49,5,5,5,555,15,Champions,2009-12-11 13:49:00,2011-12-01 13:12:00,100272,720,1112.12792683
14299,9,27,14070.25,5,5,5,555,15,Champions,2009-12-02 10:58:00,2011-12-01 16:05:00,8136,729,521.12037037
14300,19,1,43.2,5,1,1,511,7,New Customers,2011-11-21 08:57:00,2011-11-21 08:57:00,32,0,43.2
14301,118,4,1992.18,3,3,4,334,10,Promising,2010-02-11 13:07:00,2011-08-14 15:33:00,1686,549,498.045
14302,431,3,742.9,1,3,3,133,7,At Risk,2009-12-02 08:16:00,2010-10-05 08:10:00,298,307,247.633333333
14303,408,2,277.94,2,2,1,221,5,Hibernating,2010-10-01 10:31:00,2010-10-28 15:37:00,218,27,138.97
14304,223,3,1725.01,2,3,4,234,9,At Risk,2010-05-18 10:50:00,2011-05-01 11:50:00,775,348,575.003333333
14305,72,3,1858.96,3,3,4,334,10,Promising,2011-07-27 14:14:00,2011-09-29 15:29:00,1089,64,619.653333333
14306,52,6,3151.4,4,4,5,445,13,Champions,2010-01-31 13:42:00,2011-10-19 13:23:00,2065,626,525.233333333
14307,89,10,4287.92,3,5,5,355,13,Loyal Customers,2009-12-07 13:06:00,2011-09-12 09:38:00,2816,644,428.792
14309,9,11,3780.81,5,5,5,555,15,Champions,2010-06-07 10:24:00,2011-12-01 13:33:00,2583,542,343.71
14310,433,1,492.1,1,1,2,112,4,Lost,2010-10-03 12:34:00,2010-10-03 12:34:00,230,0,492.1
14311,243,2,516.45,2,2,2,222,6,Hibernating,2010-05-21 10:28:00,2011-04-11 10:14:00,235,325,258.225
14312,47,11,3090.29,4,5,5,455,14,Champions,2010-07-23 15:05:00,2011-10-24 09:46:00,1904,458,280.935454545
14314,107,2,229.8,3,2,1,321,6,Need Attention,2010-10-05 08:00:00,2011-08-25 10:39:00,332,324,114.9
14315,45,8,3197.82,4,4,5,445,13,Champions,2010-03-15 12:49:00,2011-10-26 12:06:00,1344,590,399.7275
14316,423,5,1370.34,1,4,4,144,9,At Risk,2010-03-19 15:18:00,2010-10-13 16:31:00,4494,208,274.068
14317,65,1,508.58,3,1,2,312,6,Need Attention,2011-10-06 10:44:00,2011-10-06 10:44:00,255,0,508.58
14318,461,1,158.02,1,1,1,111,3,Lost,2010-09-05 15:32:00,2010-09-05 15:32:00,152,0,158.02
14319,425,1,494.85,1,1,2,112,4,Lost,2010-10-11 13:38:00,2010-10-11 13:38:00,329,0,494.85
14320,207,5,1346.75,2,4,4,244,10,At Risk,2010-01-21 11:44:00,2011-05-17 09:24:00,713,481,269.35
14321,11,7,2218.06,5,4,4,544,13,Champions,2010-08-23 12:56:00,2011-11-29 09:47:00,3275,463,316.865714286
14322,430,4,474.1,1,3,2,132,6,At Risk,2010-02-18 08:49:00,2010-10-06 15:17:00,158,230,118.525
14323,115,2,605.06,3,2,2,322,7,Need Attention,2011-04-15 11:44:00,2011-08-17 11:37:00,350,124,302.53
14324,410,2,701.61,1,2,3,123,6,Lost,2010-01-15 13:31:00,2010-10-26 11:44:00,402,284,350.805
14325,570,1,245.48,1,1,1,111,3,Lost,2010-05-19 09:20:00,2010-05-19 09:20:00,320,0,245.48
14326,243,3,940.98,2,3,3,233,8,At Risk,2010-06-25 12:10:00,2011-04-11 15:04:00,572,290,313.66
14327,164,6,1894.93,3,4,4,344,11,Loyal Customers,2010-01-08 14:04:00,2011-06-29 13:58:00,1296,537,315.821666667
14329,18,15,9927.22,5,5,5,555,15,Champions,2009-12-16 15:31:00,2011-11-22 15:50:00,5921,706,661.814666667
14330,624,1,200.63,1,1,1,111,3,Lost,2010-03-26 09:10:00,2010-03-26 09:10:00,103,0,200.63
14331,125,2,462.66,3,2,2,322,7,Need Attention,2011-07-27 15:14:00,2011-08-07 13:17:00,252,11,231.33
14332,23,5,1943.51,4,4,4,444,12,Champions,2010-10-19 13:01:00,2011-11-17 11:54:00,893,394,388.702
14333,68,1,415.2,3,1,2,312,6,Need Attention,2011-10-03 10:38:00,2011-10-03 10:38:00,58,0,415.2
14334,17,12,4318.48,5,5,5,555,15,Champions,2010-05-20 10:04:00,2011-11-23 10:01:00,2986,552,359.873333333
14335,17,2,468.26,5,2,2,522,9,Potential Loyalists,2011-09-04 13:07:00,2011-11-23 13:41:00,379,80,234.13
14336,17,4,1614.91,5,3,4,534,12,Potential Loyalists,2011-03-08 16:48:00,2011-11-23 11:40:00,1759,260,403.7275
14338,162,3,928.1,3,3,3,333,9,Promising,2010-06-21 10:32:00,2011-07-01 14:08:00,622,375,309.366666667
14339,243,2,620.27,2,2,3,223,7,Hibernating,2010-10-07 08:50:00,2011-04-11 11:06:00,456,186,310.135
14340,219,1,134.7,2,1,1,211,4,Hibernating,2011-05-05 09:44:00,2011-05-05 09:44:00,58,0,134.7
14341,46,18,4467.32,4,5,5,455,14,Champions,2009-12-01 12:20:00,2011-10-25 15:48:00,2819,693,248.184444444
14342,22,6,918.44,4,4,3,443,11,Loyal Customers,2010-08-24 13:03:00,2011-11-18 13:21:00,521,451,153.073333333
14343,422,4,1088.91,1,3,3,133,7,At Risk,2010-01-18 16:47:00,2010-10-14 13:05:00,631,269,272.2275
14344,128,20,2993.05,3,5,5,355,13,Loyal Customers,2010-03-23 15:47:00,2011-08-04 13:51:00,1546,499,149.6525
14345,39,1,108.98,4,1,1,411,6,Promising,2011-11-01 09:51:00,2011-11-01 09:51:00,50,0,108.98
14346,121,5,2315.75,3,4,4,344,11,Loyal Customers,2010-07-30 10:44:00,2011-08-11 09:47:00,1878,377,463.15
14347,737,1,82.6,1,1,1,111,3,Lost,2009-12-03 10:49:00,2009-12-03 10:49:00,48,0,82.6
14348,261,1,409.57,2,1,2,212,5,Hibernating,2011-03-24 16:23:00,2011-03-24 16:23:00,183,0,409.57
14349,11,1,133.5,5,1,1,511,7,New Customers,2011-11-29 15:39:00,2011-11-29 15:39:00,86,0,133.5
14350,275,3,972.03,2,3,3,233,8,At Risk,2010-10-05 15:52:00,2011-03-10 14:14:00,543,156,324.01
14351,165,1,51,3,1,1,311,5,Need Attention,2011-06-28 11:56:00,2011-06-28 11:56:00,12,0,51
14352,158,4,1078.96,3,3,3,333,9,Promising,2011-03-11 14:58:00,2011-07-05 15:41:00,538,116,269.74
14353,216,3,376.5,2,3,2,232,7,At Risk,2010-10-04 12:38:00,2011-05-08 16:06:00,344,216,125.5
14354,6,2,163.62,5,2,1,521,8,Potential Loyalists,2011-11-09 15:36:00,2011-12-04 11:32:00,210,25,81.81
14355,366,3,840.05,2,3,3,233,8,At Risk,2010-03-22 15:08:00,2010-12-09 12:16:00,617,262,280.016666667
14356,80,2,701.23,3,2,3,323,8,Promising,2011-09-19 14:43:00,2011-09-21 09:18:00,277,2,350.615
14357,44,1,225.77,4,1,1,411,6,Promising,2011-10-27 16:23:00,2011-10-27 16:23:00,148,0,225.77
14358,390,2,400.06,2,2,2,222,6,Hibernating,2010-10-07 17:26:00,2010-11-15 15:51:00,338,39,200.03
14359,20,3,912.18,5,3,3,533,11,Potential Loyalists,2011-09-13 09:03:00,2011-11-20 13:17:00,371,68,304.06
14360,32,4,2128.23,4,3,4,434,11,Potential Loyalists,2011-09-06 11:58:00,2011-11-08 09:12:00,1151,63,532.0575
14361,579,1,214.71,1,1,1,111,3,Lost,2010-05-10 12:29:00,2010-05-10 12:29:00,251,0,214.71
14362,23,1,161.2,4,1,1,411,6,Promising,2011-11-17 15:08:00,2011-11-17 15:08:00,100,0,161.2
14363,403,2,227.47,2,2,1,221,5,Hibernating,2010-09-14 14:39:00,2010-11-02 17:01:00,105,49,113.735
14364,109,8,3717.35,3,4,5,345,12,Loyal Customers,2011-05-12 12:56:00,2011-08-23 11:01:00,1967,103,464.66875
14365,395,2,634.68,2,2,3,223,7,Hibernating,2010-01-27 09:44:00,2010-11-10 09:52:00,557,287,317.34
14366,526,1,136,1,1,1,111,3,Lost,2010-07-02 17:23:00,2010-07-02 17:23:00,16,0,136
14367,9,16,9261.52,5,5,5,555,15,Champions,2011-03-08 14:12:00,2011-12-01 13:19:00,4438,268,578.845
14368,320,1,155,2,1,1,211,4,Hibernating,2011-01-24 09:52:00,2011-01-24 09:52:00,36,0,155
14369,643,2,469.13,1,2,2,122,5,Lost,2010-02-16 10:28:00,2010-03-07 15:47:00,255,19,234.565
14370,451,6,1175.78,1,4,3,143,8,At Risk,2010-02-01 08:35:00,2010-09-15 10:53:00,266,226,195.963333333
14371,296,1,100.5,2,1,1,211,4,Hibernating,2011-02-17 16:35:00,2011-02-17 16:35:00,34,0,100.5
14372,444,2,860.08,1,2,3,123,6,Lost,2010-04-19 15:57:00,2010-09-22 16:17:00,378,156,430.04
14373,359,1,76.55,2,1,1,211,4,Hibernating,2010-12-16 15:40:00,2010-12-16 15:40:00,17,0,76.55
14374,542,1,108,1,1,1,111,3,Lost,2010-06-16 14:25:00,2010-06-16 14:25:00,20,0,108
14375,186,3,1132.99,3,3,3,333,9,Promising,2010-06-16 14:34:00,2011-06-07 13:44:00,659,356,377.663333333
14376,684,1,215.46,1,1,1,111,3,Lost,2010-01-25 15:36:00,2010-01-25 15:36:00,50,0,215.46
14377,192,2,617.05,2,2,3,223,7,Hibernating,2011-03-22 13:38:00,2011-06-01 13:32:00,219,71,308.525
14378,622,1,131.25,1,1,1,111,3,Lost,2010-03-28 12:22:00,2010-03-28 12:22:00,57,0,131.25
14379,45,4,1268.91,4,3,4,434,11,Potential Loyalists,2010-08-16 15:31:00,2011-10-26 16:43:00,713,436,317.2275
14381,53,2,631.34,4,2,3,423,9,Potential Loyalists,2010-09-14 16:15:00,2011-10-18 17:10:00,453,399,315.67
14382,27,2,1246.8,4,2,4,424,10,Potential Loyalists,2010-11-14 16:32:00,2011-11-13 16:18:00,1701,364,623.4
14383,39,3,1247.69,4,3,4,434,11,Potential Loyalists,2011-06-29 10:18:00,2011-11-01 15:53:00,817,125,415.896666667
14384,501,1,58.5,1,1,1,111,3,Lost,2010-07-27 09:53:00,2010-07-27 09:53:00,30,0,58.5
14385,10,3,202.11,5,3,1,531,9,Potential Loyalists,2011-11-16 11:55:00,2011-11-30 15:36:00,159,14,67.37
14386,297,1,142.4,2,1,1,211,4,Hibernating,2011-02-16 09:45:00,2011-02-16 09:45:00,54,0,142.4
14387,33,3,1770.56,4,3,4,434,11,Potential Loyalists,2011-08-22 14:13:00,2011-11-07 12:29:00,819,77,590.186666667
14388,11,16,6388.2,5,5,5,555,15,Champions,2010-01-20 11:54:00,2011-11-29 13:32:00,4190,678,399.2625
14389,66,5,1898.01,3,4,4,344,11,Loyal Customers,2010-04-28 14:57:00,2011-10-05 15:17:00,1388,525,379.602
14390,11,13,6176.13,5,5,5,555,15,Champions,2010-10-10 14:30:00,2011-11-29 13:49:00,2836,415,475.086923077
14391,577,1,135.6,1,1,1,111,3,Lost,2010-05-12 09:42:00,2010-05-12 09:42:00,168,0,135.6
14392,433,1,266.4,1,1,1,111,3,Lost,2010-10-03 12:56:00,2010-10-03 12:56:00,114,0,266.4
14393,219,1,67.95,2,1,1,211,4,Hibernating,2011-05-05 18:16:00,2011-05-05 18:16:00,13,0,67.95
14394,565,1,93.8,1,1,1,111,3,Lost,2010-05-24 10:43:00,2010-05-24 10:43:00,58,0,93.8
14395,3,20,7899.33,5,5,5,555,15,Champions,2010-04-18 13:12:00,2011-12-07 14:34:00,3898,598,394.9665
14396,66,7,2011.58,3,4,4,344,11,Loyal Customers,2009-12-02 14:21:00,2011-10-05 16:09:00,983,672,287.368571429
14397,3,19,2612.96,5,5,4,554,14,Champions,2011-05-10 12:25:00,2011-12-07 09:22:00,1890,211,137.524210526
14398,402,2,707.79,2,2,3,223,7,Hibernating,2010-06-30 11:57:00,2010-11-03 13:46:00,267,126,353.895
14399,395,8,2113.16,2,4,4,244,10,At Risk,2010-02-03 13:09:00,2010-11-10 13:23:00,968,280,264.145
14400,150,3,1732.47,3,3,4,334,10,Promising,2010-03-18 12:11:00,2011-07-13 15:50:00,1706,482,577.49
14401,5,22,6795.9,5,5,5,555,15,Champions,2009-12-14 13:22:00,2011-12-05 13:30:00,6401,721,308.904545455
14402,653,1,285.6,1,1,1,111,3,Lost,2010-02-25 13:20:00,2010-02-25 13:20:00,240,0,285.6
14403,131,6,1880.51,3,4,4,344,11,Loyal Customers,2010-03-10 14:00:00,2011-08-01 12:57:00,737,509,313.418333333
14404,34,13,2765.63,4,5,4,454,13,Champions,2009-12-20 14:40:00,2011-11-06 12:30:00,1599,686,212.740769231
14405,387,1,195,2,1,1,211,4,Hibernating,2010-11-18 11:40:00,2010-11-18 11:40:00,100,0,195
14406,120,1,156.75,3,1,1,311,5,Need Attention,2011-08-12 16:54:00,2011-08-12 16:54:00,77,0,156.75
14407,108,5,2142.73,3,4,4,344,11,Loyal Customers,2011-03-08 11:59:00,2011-08-24 14:02:00,1414,169,428.546
14408,11,11,4109.77,5,5,5,555,15,Champions,2009-12-07 12:18:00,2011-11-29 11:41:00,2444,722,373.615454545
14409,72,9,3427.29,3,5,5,355,13,Loyal Customers,2010-05-21 16:45:00,2011-09-29 18:18:00,2233,496,380.81
14410,93,11,2650.14,3,5,4,354,12,Loyal Customers,2010-09-28 15:46:00,2011-09-08 15:08:00,1375,345,240.921818182
14411,311,1,1063,2,1,3,213,6,Hibernating,2011-02-02 10:56:00,2011-02-02 10:56:00,196,0,1063
14412,43,3,1426.19,4,3,4,434,11,Potential Loyalists,2010-10-11 12:33:00,2011-10-28 10:45:00,1428,382,475.396666667
14413,363,3,427.57,2,3,2,232,7,At Risk,2010-01-19 14:27:00,2010-12-12 13:37:00,279,327,142.523333333
14414,92,8,2399.33,3,4,4,344,11,Loyal Customers,2010-11-30 10:12:00,2011-09-09 12:09:00,2877,283,299.91625
14415,2,23,12091.6,5,5,5,555,15,Champions,2009-12-16 14:08:00,2011-12-08 14:38:00,6304,722,525.72173913
14416,23,2,490.22,4,2,2,422,8,Potential Loyalists,2011-10-28 15:10:00,2011-11-17 15:22:00,326,20,245.11
14417,388,1,604.2,2,1,2,212,5,Hibernating,2010-11-17 10:55:00,2010-11-17 10:55:00,567,0,604.2
14418,4,3,1937.25,5,3,4,534,12,Potential Loyalists,2011-08-23 17:18:00,2011-12-06 11:39:00,1711,105,645.75
14419,11,7,1260.91,5,4,4,544,13,Champions,2010-11-22 11:09:00,2011-11-29 11:22:00,556,372,180.13
14420,100,4,1639.17,3,3,4,334,10,Promising,2010-01-17 12:41:00,2011-09-01 18:07:00,1120,592,409.7925
14421,58,6,2469.37,4,4,4,444,12,Champions,2010-01-17 11:30:00,2011-10-13 13:24:00,1342,634,411.561666667
14422,1,19,10271.52,5,5,5,555,15,Champions,2009-12-17 12:12:00,2011-12-09 11:26:00,6067,722,540.606315789
14423,219,3,916.61,2,3,3,233,8,At Risk,2010-01-14 11:49:00,2011-05-05 15:12:00,419,476,305.536666667
14424,18,1,322.08,5,1,2,512,8,New Customers,2011-11-22 11:48:00,2011-11-22 11:48:00,48,0,322.08
14425,435,3,661.39,1,3,3,133,7,At Risk,2009-12-02 11:31:00,2010-10-01 10:24:00,325,303,220.463333333
14426,24,17,11727.94,4,5,5,455,14,Champions,2010-03-04 14:36:00,2011-11-16 12:25:00,7023,622,689.878823529
14427,51,4,1263.52,4,3,4,434,11,Potential Loyalists,2010-03-18 09:49:00,2011-10-20 14:23:00,538,581,315.88
14428,8,5,1244.83,5,4,4,544,13,Champions,2011-01-18 16:39:00,2011-12-02 13:17:00,436,318,248.966
14429,404,1,516.28,2,1,2,212,5,Hibernating,2010-11-01 10:08:00,2010-11-01 10:08:00,286,0,516.28
14430,512,3,1220.9,1,3,4,134,8,At Risk,2010-04-11 15:59:00,2010-07-16 11:35:00,446,96,406.966666667
14431,303,4,2614.2,2,3,4,234,9,At Risk,2010-01-21 10:49:00,2011-02-10 10:40:00,1202,385,653.55
14432,10,6,2255.51,5,4,4,544,13,Champions,2011-09-11 14:09:00,2011-11-30 08:04:00,2070,80,375.918333333
14433,466,1,289.6,1,1,2,112,4,Lost,2010-08-31 12:35:00,2010-08-31 12:35:00,134,0,289.6
14434,22,6,1372.8,4,4,4,444,12,Champions,2011-09-28 15:31:00,2011-11-18 08:56:00,368,51,228.8
14435,502,1,90.42,1,1,1,111,3,Lost,2010-07-26 12:33:00,2010-07-26 12:33:00,282,0,90.42
14436,99,2,271.7,3,2,1,321,6,Need Attention,2010-06-04 11:32:00,2011-09-02 10:13:00,297,455,135.85
14437,366,5,895.84,2,4,3,243,9,At Risk,2010-05-05 12:20:00,2010-12-09 09:27:00,426,218,179.168
14438,307,1,131.9,2,1,1,211,4,Hibernating,2011-02-06 14:56:00,2011-02-06 14:56:00,82,0,131.9
14439,320,5,9443.04,2,4,5,245,11,At Risk,2010-01-21 14:01:00,2011-01-24 11:39:00,2244,368,1888.608
14440,9,13,5982.03,5,5,5,555,15,Champions,2009-12-02 12:13:00,2011-12-01 15:42:00,1605,729,460.156153846
14441,1,11,4611.69,5,5,5,555,15,Champions,2010-01-18 10:40:00,2011-12-09 09:07:00,1260,690,419.244545455
14442,205,7,5367.02,2,4,5,245,11,At Risk,2010-01-18 12:59:00,2011-05-19 11:36:00,1431,486,766.717142857
14443,54,5,2082.97,4,4,4,444,12,Champions,2010-11-25 14:18:00,2011-10-17 10:10:00,1357,326,416.594
14444,457,1,132.04,1,1,1,111,3,Lost,2010-09-09 18:56:00,2010-09-09 18:56:00,180,0,132.04
14445,456,1,221.65,1,1,1,111,3,Lost,2010-09-10 11:09:00,2010-09-10 11:09:00,83,0,221.65
14446,1,5,1236.51,5,4,4,544,13,Champions,2010-11-18 12:08:00,2011-12-09 11:34:00,1056,386,247.302
14447,19,6,1711.73,5,4,4,544,13,Champions,2010-11-04 13:32:00,2011-11-21 08:28:00,913,382,285.288333333
14448,10,2,375.35,5,2,2,522,9,Potential Loyalists,2010-12-10 17:26:00,2011-11-30 13:50:00,104,355,187.675
14449,19,8,2272.56,5,4,4,544,13,Champions,2010-09-29 13:15:00,2011-11-21 12:06:00,1636,418,284.07
14450,181,7,1128.44,3,4,3,343,10,Loyal Customers,2010-04-08 12:09:00,2011-06-12 10:46:00,522,430,161.205714286
14451,61,12,3308.77,3,5,5,355,13,Loyal Customers,2010-01-17 10:35:00,2011-10-10 13:38:00,1757,631,275.730833333
14452,11,4,665.59,5,3,3,533,11,Potential Loyalists,2010-07-06 13:13:00,2011-11-29 12:06:00,289,511,166.3975
14453,191,1,119.93,2,1,1,211,4,Hibernating,2011-06-02 14:15:00,2011-06-02 14:15:00,49,0,119.93
14454,377,5,977.3,2,4,3,243,9,At Risk,2009-12-06 12:56:00,2010-11-28 13:26:00,400,357,195.46
14455,433,4,628.21,1,3,3,133,7,At Risk,2010-08-01 13:26:00,2010-10-03 15:48:00,719,63,157.0525
14456,6,9,3059.44,5,5,5,555,15,Champions,2011-07-20 13:06:00,2011-12-04 13:59:00,2871,137,339.937777778
14457,311,1,113.64,2,1,1,211,4,Hibernating,2011-02-02 09:39:00,2011-02-02 09:39:00,88,0,113.64
14458,381,1,228.62,2,1,1,211,4,Hibernating,2010-11-24 12:43:00,2010-11-24 12:43:00,320,0,228.62
14459,156,2,5375.741,3,2,5,325,10,Promising,2010-02-26 13:26:00,2011-07-07 13:35:00,2303,496,2687.8705
14460,111,9,1093.5,3,5,3,353,11,Loyal Customers,2009-12-15 19:06:00,2011-08-21 14:19:00,1879,614,121.5
14461,149,13,6713.11,3,5,5,355,13,Loyal Customers,2010-01-18 12:48:00,2011-07-14 17:11:00,3026,542,516.393076923
14462,67,12,2265.01,3,5,4,354,12,Loyal Customers,2010-10-03 14:13:00,2011-10-04 15:55:00,1070,366,188.750833333
14463,99,4,786.57,3,3,3,333,9,Promising,2010-07-28 11:35:00,2011-09-02 15:20:00,210,401,196.6425
14464,569,2,111,1,2,1,121,4,Lost,2010-03-22 15:20:00,2010-05-20 18:00:00,62,59,55.5
14465,247,11,3946.03,2,5,5,255,12,At Risk,2010-01-07 15:03:00,2011-04-07 12:38:00,2546,455,358.73
14466,30,13,4267.15,4,5,5,455,14,Champions,2009-12-13 15:44:00,2011-11-10 14:07:00,2507,697,328.242307692
14467,18,12,2220.99,5,5,4,554,14,Champions,2009-12-02 12:44:00,2011-11-22 12:48:00,1196,720,185.0825
14468,734,1,204.24,1,1,1,111,3,Lost,2009-12-06 12:21:00,2009-12-06 12:21:00,164,0,204.24
14469,417,4,2112.21,1,3,4,134,8,At Risk,2010-01-29 11:12:00,2010-10-19 14:30:00,980,263,528.0525
14470,12,3,712.04,5,3,3,533,11,Potential Loyalists,2010-10-05 12:39:00,2011-11-28 10:31:00,282,419,237.346666667
14471,592,2,400.95,1,2,2,122,5,Lost,2009-12-07 12:26:00,2010-04-27 17:12:00,187,141,200.475
14472,104,9,2228.22,3,5,4,354,12,Loyal Customers,2010-01-19 13:09:00,2011-08-28 11:01:00,1305,586,247.58
14473,75,2,234.34,3,2,1,321,6,Need Attention,2011-03-02 13:56:00,2011-09-26 15:10:00,88,208,117.17
14474,47,2,1278.08,4,2,4,424,10,Potential Loyalists,2010-05-09 12:12:00,2011-10-24 13:26:00,453,533,639.04
14475,72,4,1151.15,3,3,3,333,9,Promising,2010-10-27 09:20:00,2011-09-29 10:46:00,541,337,287.7875
14476,258,1,215.7,2,1,1,211,4,Hibernating,2011-03-27 15:39:00,2011-03-27 15:39:00,132,0,215.7
14477,20,7,1969.6,5,4,4,544,13,Champions,2010-01-04 15:41:00,2011-11-20 11:11:00,1120,685,281.371428571
14478,383,4,1276.66,2,3,4,234,9,At Risk,2009-12-01 13:20:00,2010-11-22 15:29:00,1226,356,319.165
14479,254,4,1124.71,2,3,3,233,8,At Risk,2009-12-06 13:48:00,2011-03-31 09:07:00,562,480,281.1775
14480,12,4,1299.52,5,3,4,534,12,Potential Loyalists,2009-12-21 16:32:00,2011-11-28 16:35:00,670,707,324.88
14481,165,5,2311.49,3,4,4,344,11,Loyal Customers,2010-01-31 12:43:00,2011-06-28 10:38:00,1584,513,462.298
14482,19,12,4357.91,5,5,5,555,15,Champions,2010-08-26 14:13:00,2011-11-21 13:14:00,2891,452,363.159166667
14483,282,2,257.1,2,2,1,221,5,Hibernating,2009-12-03 10:16:00,2011-03-03 10:26:00,193,455,128.55
14484,51,4,1070.98,4,3,3,433,10,Potential Loyalists,2009-12-17 10:57:00,2011-10-20 14:11:00,744,672,267.745
14485,39,1,165.75,4,1,1,411,6,Promising,2011-11-01 12:25:00,2011-11-01 12:25:00,71,0,165.75
14486,512,2,175.5,1,2,1,121,4,Lost,2010-06-04 10:30:00,2010-07-16 09:42:00,90,42,87.75
14487,27,7,1328.51,4,4,4,444,12,Champions,2010-11-25 13:36:00,2011-11-13 12:17:00,800,353,189.787142857
14488,68,1,1064.28,3,1,3,313,7,Need Attention,2011-10-03 09:30:00,2011-10-03 09:30:00,799,0,1064.28
14489,208,4,1574.93,2,3,4,234,9,At Risk,2010-04-06 09:52:00,2011-05-16 14:51:00,1011,405,393.7325
14490,407,2,1273.47,2,2,4,224,8,Hibernating,2010-10-07 11:36:00,2010-10-29 15:04:00,933,22,636.735
14491,176,2,340.93,3,2,2,322,7,Need Attention,2010-12-02 12:10:00,2011-06-17 15:22:00,139,197,170.465
14492,431,7,1921.91,1,4,4,144,9,At Risk,2010-03-30 14:23:00,2010-10-05 13:21:00,751,189,274.558571429
14493,8,10,5130.15,5,5,5,555,15,Champions,2010-03-08 08:33:00,2011-12-02 16:14:00,3183,634,513.015
14494,26,3,401.46,4,3,2,432,9,Potential Loyalists,2009-12-08 13:25:00,2011-11-14 09:21:00,210,706,133.82
14495,51,3,174.8,4,3,1,431,8,Potential Loyalists,2010-02-18 08:49:00,2011-10-20 12:28:00,68,609,58.2666666667
14496,312,7,2363.89,2,4,4,244,10,At Risk,2010-03-16 13:15:00,2011-02-01 09:01:00,905,322,337.698571429
14497,310,2,697.06,2,2,3,223,7,Hibernating,2010-02-04 09:59:00,2011-02-03 17:01:00,332,364,348.53
14498,43,10,3911.27,4,5,5,455,14,Champions,2010-06-07 16:05:00,2011-10-28 12:09:00,2122,508,391.127
14499,27,7,2138.97,4,4,4,444,12,Champions,2010-08-27 11:57:00,2011-11-13 13:01:00,1250,443,305.567142857
14500,89,3,356.85,3,3,2,332,8,Need Attention,2011-06-03 10:08:00,2011-09-12 16:45:00,117,101,118.95
14501,184,2,251.21,3,2,1,321,6,Need Attention,2011-01-24 10:43:00,2011-06-09 12:02:00,161,136,125.605
14502,20,11,2467.63,5,5,4,554,14,Champions,2011-01-30 15:52:00,2011-11-20 11:50:00,1482,294,224.33
14503,4,6,3543.26,5,4,5,545,14,Champions,2011-06-14 10:00:00,2011-12-06 13:30:00,2004,175,590.543333333
14504,48,4,673.26,4,3,3,433,10,Potential Loyalists,2011-03-06 14:38:00,2011-10-23 16:00:00,308,231,168.315
14505,18,19,11995.84,5,5,5,555,15,Champions,2009-12-09 14:48:00,2011-11-22 15:45:00,5381,713,631.36
14506,18,7,3020.97,5,4,5,545,14,Champions,2010-04-19 08:27:00,2011-11-22 13:02:00,966,582,431.567142857
14507,24,11,3284.43,4,5,5,455,14,Champions,2009-12-10 17:04:00,2011-11-16 12:21:00,1536,706,298.584545455
14508,23,5,874.94,4,4,3,443,11,Loyal Customers,2010-06-17 13:02:00,2011-11-17 19:48:00,359,518,174.988
14509,535,1,110.95,1,1,1,111,3,Lost,2010-06-23 13:21:00,2010-06-23 13:21:00,38,0,110.95
14510,376,3,1007.28,2,3,3,233,8,At Risk,2010-09-29 13:35:00,2010-11-29 12:46:00,821,61,335.76
14511,12,5,1314.81,5,4,4,544,13,Champions,2011-07-29 12:13:00,2011-11-28 17:05:00,784,122,262.962
14512,188,7,1223.47,2,4,4,244,10,At Risk,2009-12-07 13:49:00,2011-06-05 12:39:00,742,545,174.781428571
14513,101,6,788.01,3,4,3,343,10,Loyal Customers,2010-05-20 17:57:00,2011-08-31 11:25:00,593,468,131.335
14514,62,9,4598.98,3,5,5,355,13,Loyal Customers,2009-12-13 13:21:00,2011-10-09 16:05:00,2496,665,510.997777778
14515,18,12,3749.26,5,5,5,555,15,Champions,2010-06-07 12:37:00,2011-11-22 11:37:00,1917,533,312.438333333
14516,517,1,163.92,1,1,1,111,3,Lost,2010-07-11 14:07:00,2010-07-11 14:07:00,68,0,163.92
14517,34,2,330.45,4,2,2,422,8,Potential Loyalists,2011-07-21 11:42:00,2011-11-06 14:20:00,91,108,165.225
14518,65,1,174.37,3,1,1,311,5,Need Attention,2011-10-06 14:43:00,2011-10-06 14:43:00,278,0,174.37
14519,684,2,206.09,1,2,1,121,4,Lost,2009-12-11 10:40:00,2010-01-25 11:18:00,82,45,103.045
14520,2,2,270.6,5,2,1,521,8,Potential Loyalists,2011-02-22 09:15:00,2011-12-08 09:46:00,146,289,135.3
14521,492,1,199.45,1,1,1,111,3,Lost,2010-08-05 16:35:00,2010-08-05 16:35:00,211,0,199.45
14522,25,8,1758.62,4,4,4,444,12,Champions,2010-01-24 13:55:00,2011-11-15 13:24:00,968,660,219.8275
14523,109,1,241.09,3,1,1,311,5,Need Attention,2011-08-23 13:13:00,2011-08-23 13:13:00,251,0,241.09
14524,32,13,2933.71,4,5,5,455,14,Champions,2010-10-19 11:44:00,2011-11-08 12:29:00,1176,385,225.67
14525,20,17,8232.69,5,5,5,555,15,Champions,2009-12-13 14:01:00,2011-11-20 11:37:00,5234,707,484.275882353
14526,390,1,262.4,2,1,1,211,4,Hibernating,2010-11-15 13:32:00,2010-11-15 13:32:00,179,0,262.4
14527,3,121,27219.19,5,5,5,555,15,Champions,2009-12-02 12:06:00,2011-12-07 12:19:00,6637,735,224.951983471
14528,38,1,364.22,4,1,2,412,7,Promising,2011-11-02 17:09:00,2011-11-02 17:09:00,278,0,364.22
14529,61,3,620.04,3,3,3,333,9,Promising,2011-08-21 14:10:00,2011-10-10 15:27:00,348,50,206.68
14530,26,16,6197.4,4,5,5,455,14,Champions,2010-01-21 11:25:00,2011-11-14 10:38:00,3014,662,387.3375
14531,480,1,376.34,1,1,2,112,4,Lost,2010-08-17 10:16:00,2010-08-17 10:16:00,260,0,376.34
14532,237,11,3859.18,2,5,5,255,12,At Risk,2010-01-10 11:47:00,2011-04-17 13:05:00,1115,462,350.834545455
14533,25,11,3466.37,4,5,5,455,14,Champions,2010-04-08 12:13:00,2011-11-15 12:05:00,6038,586,315.124545455
14534,3,26,6266.51,5,5,5,555,15,Champions,2010-03-15 14:16:00,2011-12-07 12:19:00,2854,632,241.019615385
14535,61,9,6019.39,3,5,5,355,13,Loyal Customers,2010-02-24 15:03:00,2011-10-10 15:39:00,3213,593,668.821111111
14536,260,1,171.8,2,1,1,211,4,Hibernating,2011-03-25 12:21:00,2011-03-25 12:21:00,40,0,171.8
14537,58,2,641.4,4,2,3,423,9,Potential Loyalists,2010-03-26 13:44:00,2011-10-13 10:54:00,228,566,320.7
14538,65,5,1370.84,3,4,4,344,11,Loyal Customers,2010-01-25 15:42:00,2011-10-06 10:31:00,284,619,274.168
14539,16,2,537.48,5,2,2,522,9,Potential Loyalists,2011-10-26 12:03:00,2011-11-24 09:50:00,428,29,268.74
14540,10,11,3795.34,5,5,5,555,15,Champions,2009-12-07 13:00:00,2011-11-30 10:15:00,1619,723,345.030909091
14541,59,14,2499.68,4,5,4,454,13,Champions,2010-01-07 11:59:00,2011-10-12 10:08:00,1129,643,178.548571429
14542,186,1,103.25,3,1,1,311,5,Need Attention,2011-06-07 08:19:00,2011-06-07 08:19:00,19,0,103.25
14543,29,39,14867.12,4,5,5,455,14,Champions,2009-12-01 13:47:00,2011-11-11 12:45:00,2693,710,381.208205128
14544,25,3,2982.43,4,3,5,435,12,Potential Loyalists,2010-08-26 16:00:00,2011-11-15 15:06:00,2438,446,994.143333333
14545,675,1,349.25,1,1,2,112,4,Lost,2010-02-03 15:23:00,2010-02-03 15:23:00,236,0,349.25
14546,6,11,5197.9,5,5,5,555,15,Champions,2009-12-06 13:10:00,2011-12-04 13:00:00,2696,728,472.536363636
14547,4,8,4007.54,5,4,5,545,14,Champions,2011-10-16 14:35:00,2011-12-06 11:06:00,2668,51,500.9425
14548,151,9,2627.49,3,5,4,354,12,Loyal Customers,2009-12-06 14:00:00,2011-07-12 12:19:00,1021,583,291.943333333
14549,312,4,916.55,2,3,3,233,8,At Risk,2009-12-02 14:06:00,2011-02-01 13:47:00,395,426,229.1375
14550,11,4,1353.31,5,3,4,534,12,Potential Loyalists,2010-08-13 12:05:00,2011-11-29 12:12:00,776,473,338.3275
14551,19,7,880.04,5,4,3,543,12,Loyal Customers,2010-01-27 12:06:00,2011-11-21 13:36:00,487,663,125.72
14552,152,3,511.28,3,3,2,332,8,Need Attention,2010-04-26 13:44:00,2011-07-11 12:49:00,261,441,170.426666667
14553,20,9,1841.54,5,5,4,554,14,Champions,2010-07-18 12:07:00,2011-11-20 13:20:00,1140,490,204.615555556
14554,11,4,2381.04,5,3,4,534,12,Potential Loyalists,2011-10-18 13:04:00,2011-11-29 16:44:00,1478,42,595.26
14555,58,6,2315.63,4,4,4,444,12,Champions,2009-12-18 11:39:00,2011-10-13 16:24:00,850,664,385.938333333
14556,597,3,835.34,1,3,3,133,7,At Risk,2010-01-20 11:49:00,2010-04-22 14:57:00,331,92,278.446666667
14557,86,1,788.38,3,1,3,313,7,Need Attention,2011-09-15 15:48:00,2011-09-15 15:48:00,510,0,788.38
14558,655,3,655.5,1,3,3,133,7,At Risk,2009-12-08 10:41:00,2010-02-23 12:51:00,162,77,218.5
14559,391,1,75.6,2,1,1,211,4,Hibernating,2010-11-14 16:05:00,2010-11-14 16:05:00,72,0,75.6
14560,8,44,6114.03,5,5,5,555,15,Champions,2009-12-02 10:15:00,2011-12-02 15:22:00,4580,730,138.955227273
14561,76,3,1080.76,3,3,3,333,9,Promising,2011-06-08 13:26:00,2011-09-25 12:39:00,1014,109,360.253333333
14562,4,26,6729.4,5,5,5,555,15,Champions,2010-02-07 14:10:00,2011-12-06 11:05:00,2604,667,258.823076923
14563,510,2,664.32,1,2,3,123,6,Lost,2010-04-26 12:51:00,2010-07-18 12:01:00,299,83,332.16
14564,435,2,2605.62,1,2,4,124,7,Lost,2009-12-04 09:27:00,2010-10-01 09:02:00,1295,301,1302.81
14565,96,5,3709.22,3,4,5,345,12,Loyal Customers,2010-08-23 09:48:00,2011-09-05 09:07:00,1937,378,741.844
14566,111,4,4092,3,3,5,335,11,Promising,2010-06-24 10:34:00,2011-08-21 11:05:00,2400,423,1023
14567,57,2,1530.36,4,2,4,424,10,Potential Loyalists,2011-08-01 13:48:00,2011-10-14 10:21:00,412,74,765.18
14568,436,1,919.7,1,1,3,113,5,Lost,2010-09-30 17:15:00,2010-09-30 17:15:00,645,0,919.7
14569,2,4,598.98,5,3,2,532,10,Potential Loyalists,2010-04-15 11:49:00,2011-12-08 14:58:00,258,602,149.745
14570,281,3,512.4,2,3,2,232,7,At Risk,2010-09-22 13:07:00,2011-03-04 10:58:00,363,163,170.8
14571,426,1,161.65,1,1,1,111,3,Lost,2010-10-10 15:06:00,2010-10-10 15:06:00,57,0,161.65
14572,4,11,5609.28,5,5,5,555,15,Champions,2010-03-28 13:47:00,2011-12-06 14:40:00,2931,618,509.934545455
14573,180,13,2208.32,3,5,4,354,12,Loyal Customers,2010-01-08 16:34:00,2011-06-13 11:15:00,701,521,169.870769231
14574,733,1,143.7,1,1,1,111,3,Lost,2009-12-07 12:42:00,2009-12-07 12:42:00,63,0,143.7
14575,489,1,460.71,1,1,2,112,4,Lost,2010-08-08 14:51:00,2010-08-08 14:51:00,176,0,460.71
14576,373,1,35.4,2,1,1,211,4,Hibernating,2010-12-02 17:51:00,2010-12-02 17:51:00,12,0,35.4
14577,13,7,1374.25,5,4,4,544,13,Champions,2009-12-11 12:09:00,2011-11-27 12:47:00,573,716,196.321428571
14578,4,1,168.63,5,1,1,511,7,New Customers,2011-12-06 17:18:00,2011-12-06 17:18:00,240,0,168.63
14579,433,1,105.56,1,1,1,111,3,Lost,2010-10-03 14:36:00,2010-10-03 14:36:00,56,0,105.56
14580,519,1,14.85,1,1,1,111,3,Lost,2010-07-09 15:20:00,2010-07-09 15:20:00,3,0,14.85
14581,17,2,433.8,5,2,2,522,9,Potential Loyalists,2010-06-13 15:48:00,2011-11-23 12:39:00,309,528,216.9
14582,41,1,114.11,4,1,1,411,6,Promising,2011-10-30 11:56:00,2011-10-30 11:56:00,73,0,114.11
14583,6,8,1781.03,5,4,4,544,13,Champions,2010-03-28 15:16:00,2011-12-04 12:32:00,1155,616,222.62875
14584,170,8,1747.91,3,4,4,344,11,Loyal Customers,2010-02-17 14:01:00,2011-06-23 18:33:00,963,491,218.48875
14585,51,5,1143.27,4,4,3,443,11,Loyal Customers,2010-10-19 12:17:00,2011-10-20 14:33:00,630,366,228.654
14586,277,1,237.36,2,1,1,211,4,Hibernating,2011-03-08 10:04:00,2011-03-08 10:04:00,444,0,237.36
14587,19,9,1601.14,5,5,4,554,14,Champions,2011-01-12 13:16:00,2011-11-21 11:34:00,761,313,177.904444444
14588,579,1,135.39,1,1,1,111,3,Lost,2010-05-10 15:08:00,2010-05-10 15:08:00,62,0,135.39
14589,372,1,39.75,2,1,1,211,4,Hibernating,2010-12-03 11:42:00,2010-12-03 11:42:00,5,0,39.75
14590,425,20,3006.62,1,5,5,155,11,At Risk,2009-12-07 14:10:00,2010-10-11 12:06:00,904,308,150.331
14591,16,4,1447.14,5,3,4,534,12,Potential Loyalists,2011-05-10 14:09:00,2011-11-24 13:57:00,1297,198,361.785
14592,36,3,570.46,4,3,2,432,9,Potential Loyalists,2011-10-06 18:08:00,2011-11-04 16:35:00,415,29,190.153333333
14593,22,12,3704.51,4,5,5,455,14,Champions,2009-12-09 12:57:00,2011-11-18 12:48:00,1873,709,308.709166667
14594,8,2,379.83,5,2,2,522,9,Potential Loyalists,2010-12-01 13:54:00,2011-12-02 13:28:00,185,366,189.915
14595,20,8,2164.45,5,4,4,544,13,Champions,2010-01-20 13:59:00,2011-11-20 12:12:00,1228,669,270.55625
14596,627,1,229.47,1,1,1,111,3,Lost,2010-03-23 12:13:00,2010-03-23 12:13:00,79,0,229.47
14597,12,6,2201.54,5,4,4,544,13,Champions,2010-09-28 13:17:00,2011-11-28 13:13:00,1447,426,366.923333333
14598,45,2,384.04,4,2,2,422,8,Potential Loyalists,2010-05-19 13:07:00,2011-10-26 13:19:00,354,525,192.02
14599,391,2,474.54,2,2,2,222,6,Hibernating,2010-07-18 15:54:00,2010-11-14 14:49:00,295,119,237.27
14600,306,2,865.17,2,2,3,223,7,Hibernating,2010-11-11 15:56:00,2011-02-07 09:48:00,487,88,432.585
14601,11,1,213.96,5,1,1,511,7,New Customers,2011-11-29 09:48:00,2011-11-29 09:48:00,168,0,213.96
14602,657,1,205.36,1,1,1,111,3,Lost,2010-02-21 15:47:00,2010-02-21 15:47:00,80,0,205.36
14603,275,1,660,2,1,3,213,6,Hibernating,2011-03-10 10:27:00,2011-03-10 10:27:00,400,0,660
14604,634,1,136.36,1,1,1,111,3,Lost,2010-03-16 13:00:00,2010-03-16 13:00:00,86,0,136.36
14605,375,4,936.31,2,3,3,233,8,At Risk,2009-12-08 13:59:00,2010-11-30 14:07:00,423,357,234.0775
14606,2,184,29951.56,5,5,5,555,15,Champions,2009-12-03 12:40:00,2011-12-08 19:28:00,15356,735,162.780217391
14607,16,20,22589.63,5,5,5,555,15,Champions,2009-12-15 11:25:00,2011-11-24 10:35:00,14553,709,1129.4815
14608,5,10,3342.94,5,5,5,555,15,Champions,2009-12-06 12:34:00,2011-12-05 16:52:00,926,729,334.294
14609,73,10,1486.2,3,5,4,354,12,Loyal Customers,2010-02-09 09:48:00,2011-09-28 12:54:00,12720,596,148.62
14610,396,2,24.35,2,2,1,221,5,Hibernating,2010-07-13 16:06:00,2010-11-09 10:58:00,15,119,12.175
14611,444,2,604.33,1,2,2,122,5,Lost,2010-04-20 10:19:00,2010-09-22 09:19:00,582,155,302.165
14612,416,1,877.7,1,1,3,113,5,Lost,2010-10-20 16:01:00,2010-10-20 16:01:00,134,0,877.7
14613,681,1,76.32,1,1,1,111,3,Lost,2010-01-28 13:02:00,2010-01-28 13:02:00,72,0,76.32
14614,387,1,295.13,2,1,2,212,5,Hibernating,2010-11-18 13:04:00,2010-11-18 13:04:00,189,0,295.13
14615,395,5,951.76,2,4,3,243,9,At Risk,2010-06-09 13:59:00,2010-11-10 13:36:00,495,154,190.352
14616,243,5,527.78,2,4,2,242,8,At Risk,2010-06-09 09:42:00,2011-04-11 09:54:00,170,306,105.556
14617,403,2,190.47,2,2,1,221,5,Hibernating,2010-10-20 10:40:00,2010-11-02 11:41:00,81,13,95.235
14618,10,7,1342.32,5,4,4,544,13,Champions,2010-06-11 10:11:00,2011-11-30 13:45:00,704,537,191.76
14619,246,2,1291.24,2,2,4,224,8,Hibernating,2010-06-16 14:41:00,2011-04-08 07:37:00,594,296,645.62
14620,206,2,412.78,2,2,2,222,6,Hibernating,2011-03-01 08:30:00,2011-05-18 11:58:00,214,78,206.39
14621,2,9,3000.57,5,5,5,555,15,Champions,2010-01-25 09:08:00,2011-12-08 16:22:00,1706,682,333.396666667
14622,185,1,320.58,3,1,2,312,6,Need Attention,2011-06-08 12:42:00,2011-06-08 12:42:00,146,0,320.58
14623,33,10,2054.9,4,5,4,454,13,Champions,2010-04-16 17:12:00,2011-11-07 13:56:00,1047,570,205.49
14624,58,6,814.07,4,4,3,443,11,Loyal Customers,2010-04-14 10:44:00,2011-10-13 13:44:00,645,547,135.678333333
14625,197,11,4497.88,2,5,5,255,12,At Risk,2009-12-16 13:23:00,2011-05-27 15:32:00,2155,527,408.898181818
14626,24,11,5410.92,4,5,5,455,14,Champions,2009-12-10 14:57:00,2011-11-16 10:37:00,3135,706,491.901818182
14627,380,1,462.75,2,1,2,212,5,Hibernating,2010-11-25 16:32:00,2010-11-25 16:32:00,284,0,462.75
14628,92,5,1998,3,4,4,344,11,Loyal Customers,2010-01-25 14:40:00,2011-09-09 14:58:00,1147,592,399.6
14629,5,2,959.01,5,2,3,523,10,Potential Loyalists,2011-10-23 16:13:00,2011-12-05 16:55:00,380,43,479.505
14630,485,1,338.65,1,1,2,112,4,Lost,2010-08-12 16:38:00,2010-08-12 16:38:00,111,0,338.65
14631,51,6,2025.69,4,4,4,444,12,Champions,2010-08-09 14:45:00,2011-10-20 11:17:00,1407,437,337.615
14632,263,1,114.56,2,1,1,211,4,Hibernating,2011-03-22 08:49:00,2011-03-22 08:49:00,96,0,114.56
14633,267,1,344.9,2,1,2,212,5,Hibernating,2011-03-18 17:07:00,2011-03-18 17:07:00,96,0,344.9
14634,438,4,2124.46,1,3,4,134,8,At Risk,2010-06-16 09:48:00,2010-09-28 10:40:00,1906,104,531.115
14635,454,1,215.22,1,1,1,111,3,Lost,2010-09-12 10:47:00,2010-09-12 10:47:00,118,0,215.22
14636,37,2,609.85,4,2,3,423,9,Potential Loyalists,2011-03-16 09:52:00,2011-11-03 16:12:00,241,232,304.925
14637,678,1,106.68,1,1,1,111,3,Lost,2010-01-31 15:52:00,2010-01-31 15:52:00,100,0,106.68
14638,51,1,443.6,4,1,2,412,7,Promising,2011-10-20 10:10:00,2011-10-20 10:10:00,166,0,443.6
14639,53,9,4978.96,4,5,5,455,14,Champions,2010-02-16 12:35:00,2011-10-18 15:06:00,2410,609,553.217777778
14640,25,10,3667.06,4,5,5,455,14,Champions,2010-01-22 15:44:00,2011-11-15 13:07:00,1651,662,366.706
14641,22,1,110.46,4,1,1,411,6,Promising,2011-11-18 10:42:00,2011-11-18 10:42:00,90,0,110.46
14642,59,1,96.12,4,1,1,411,6,Promising,2011-10-12 11:08:00,2011-10-12 11:08:00,76,0,96.12
14643,171,5,1679.89,3,4,4,344,11,Loyal Customers,2009-12-11 11:52:00,2011-06-22 14:41:00,1377,558,335.978
14644,68,7,2247.72,3,4,4,344,11,Loyal Customers,2009-12-03 16:24:00,2011-10-03 08:30:00,770,669,321.102857143
14645,157,3,876.89,3,3,3,333,9,Promising,2010-03-15 11:33:00,2011-07-06 09:15:00,587,478,292.296666667
14646,2,145,526751.52,5,5,5,555,15,Champions,2009-12-02 16:52:00,2011-12-08 12:12:00,367072,736,3632.76910345
14647,202,2,519.97,2,2,2,222,6,Hibernating,2010-07-04 13:27:00,2011-05-22 13:40:00,180,322,259.985
14648,417,15,4543.6,1,5,5,155,11,At Risk,2009-12-10 13:59:00,2010-10-19 13:12:00,3320,313,302.906666667
14649,5,9,3775.31,5,5,5,555,15,Champions,2010-01-20 13:10:00,2011-12-05 12:30:00,2464,684,419.478888889
14650,590,1,62.5,1,1,1,111,3,Lost,2010-04-29 20:27:00,2010-04-29 20:27:00,22,0,62.5
14651,68,9,2034.12,3,5,4,354,12,Loyal Customers,2010-03-18 11:39:00,2011-10-03 15:52:00,886,564,226.013333333
14652,78,1,114.18,3,1,1,311,5,Need Attention,2011-09-23 14:21:00,2011-09-23 14:21:00,53,0,114.18
14653,2,11,3426.28,5,5,5,555,15,Champions,2009-12-02 11:51:00,2011-12-08 13:45:00,1974,736,311.48
14654,739,1,246.86,1,1,1,111,3,Lost,2009-12-01 12:57:00,2009-12-01 12:57:00,273,0,246.86
14655,9,7,3878.51,5,4,5,545,14,Champions,2010-04-22 14:29:00,2011-12-01 16:28:00,2341,588,554.072857143
14656,170,5,814.65,3,4,3,343,10,Loyal Customers,2010-04-15 12:10:00,2011-06-23 13:51:00,318,434,162.93
14657,18,6,1460.87,5,4,4,544,13,Champions,2010-09-30 19:57:00,2011-11-22 12:47:00,885,418,243.478333333
14658,6,2,247.15,5,2,1,521,8,Potential Loyalists,2011-08-14 15:42:00,2011-12-04 15:35:00,47,112,123.575
14659,9,9,2529.93,5,5,4,554,14,Champions,2011-01-28 12:43:00,2011-12-01 12:17:00,1195,307,281.103333333
14660,87,2,285.74,3,2,1,321,6,Need Attention,2011-08-31 10:40:00,2011-09-14 11:34:00,228,14,142.87
14661,27,1,107.95,4,1,1,411,6,Promising,2011-11-13 11:51:00,2011-11-13 11:51:00,35,0,107.95
14662,29,7,1416.33,4,4,4,444,12,Champions,2009-12-03 16:47:00,2011-11-11 12:13:00,935,708,202.332857143
14663,431,2,490.6,1,2,2,122,5,Lost,2010-10-05 13:12:00,2010-10-05 13:21:00,397,0,245.3
14664,20,2,637.89,5,2,3,523,10,Potential Loyalists,2011-11-06 14:56:00,2011-11-20 10:59:00,466,14,318.945
14665,61,7,2749.65,3,4,4,344,11,Loyal Customers,2010-04-26 11:17:00,2011-10-10 09:14:00,1144,532,392.807142857
14666,25,1,179.95,4,1,1,411,6,Promising,2011-11-15 12:57:00,2011-11-15 12:57:00,155,0,179.95
14667,11,54,20693.68,5,5,5,555,15,Champions,2009-12-02 12:38:00,2011-11-29 11:30:00,12168,727,383.216296296
14668,446,1,111.63,1,1,1,111,3,Lost,2010-09-20 15:03:00,2010-09-20 15:03:00,49,0,111.63
14669,242,7,3243.93,2,4,5,245,11,At Risk,2009-12-02 13:06:00,2011-04-12 11:43:00,2054,496,463.418571429
14670,281,3,602,2,3,2,232,7,At Risk,2009-12-07 13:59:00,2011-03-04 14:13:00,434,452,200.666666667
14671,550,2,1127.45,1,2,3,123,6,Lost,2010-05-20 18:21:00,2010-06-08 13:39:00,571,19,563.725
14672,235,4,1113.14,2,3,3,233,8,At Risk,2010-01-28 11:33:00,2011-04-19 10:19:00,646,446,278.285
14673,4,7,3037.32,5,4,5,545,14,Champions,2010-10-26 10:14:00,2011-12-06 14:31:00,1822,406,433.902857143
14674,510,1,173.66,1,1,1,111,3,Lost,2010-07-18 14:25:00,2010-07-18 14:25:00,103,0,173.66
14675,17,2,1066.9,5,2,3,523,10,Potential Loyalists,2010-11-16 12:22:00,2011-11-23 12:58:00,726,372,533.45
14676,32,12,8356.79,4,5,5,455,14,Champions,2010-03-10 09:30:00,2011-11-08 13:29:00,8792,608,696.399166667
14677,593,1,184.91,1,1,1,111,3,Lost,2010-04-26 09:48:00,2010-04-26 09:48:00,139,0,184.91
14678,580,1,403.39,1,1,2,112,4,Lost,2010-05-09 14:32:00,2010-05-09 14:32:00,179,0,403.39
14679,382,3,1289.44,2,3,4,234,9,At Risk,2009-12-08 17:13:00,2010-11-23 11:51:00,794,350,429.813333333
14680,26,58,55731.89,4,5,5,455,14,Champions,2009-12-04 12:36:00,2011-11-14 16:59:00,26900,710,960.894655172
14681,72,6,875.15,3,4,3,343,10,Loyal Customers,2010-02-24 08:54:00,2011-09-29 15:52:00,172,582,145.858333333
14682,188,6,1514.81,2,4,4,244,10,At Risk,2010-02-05 14:47:00,2011-06-05 12:12:00,949,485,252.468333333
14683,589,1,146.56,1,1,1,111,3,Lost,2010-04-30 17:18:00,2010-04-30 17:18:00,386,0,146.56
14684,26,6,1468.55,4,4,4,444,12,Champions,2010-11-14 14:07:00,2011-11-14 11:33:00,1039,365,244.758333333
14685,577,8,4619.79,1,4,5,145,10,At Risk,2009-12-13 11:32:00,2010-05-12 13:08:00,2012,150,577.47375
14686,415,5,885.83,1,4,3,143,8,At Risk,2010-02-18 18:29:00,2010-10-21 18:31:00,475,245,177.166
14687,107,3,1402.06,3,3,4,334,10,Promising,2010-06-06 10:36:00,2011-08-25 11:59:00,850,445,467.353333333
14688,8,28,7268.59,5,5,5,555,15,Champions,2010-09-09 12:35:00,2011-12-02 12:26:00,5126,449,259.5925
14689,209,1,112.8,2,1,1,211,4,Hibernating,2011-05-15 11:22:00,2011-05-15 11:22:00,76,0,112.8
14690,45,4,794.33,4,3,3,433,10,Potential Loyalists,2010-10-25 12:20:00,2011-10-26 15:39:00,344,366,198.5825
14691,31,5,2114.33,4,4,4,444,12,Champions,2011-05-11 09:55:00,2011-11-09 12:30:00,707,182,422.866
14692,138,12,1745.09,3,5,4,354,12,Loyal Customers,2010-04-01 14:04:00,2011-07-25 15:08:00,905,480,145.424166667
14693,265,7,1165.36,2,4,3,243,9,At Risk,2010-07-02 08:28:00,2011-03-20 12:50:00,388,261,166.48
14694,618,1,244.31,1,1,1,111,3,Lost,2010-04-01 19:46:00,2010-04-01 19:46:00,193,0,244.31
14695,520,3,1620.07,1,3,4,134,8,At Risk,2009-12-07 11:05:00,2010-07-08 14:18:00,678,213,540.023333333
14696,5,8,2473.28,5,4,4,544,13,Champions,2010-10-14 11:43:00,2011-12-05 13:43:00,1867,417,309.16
14697,219,2,188.61,2,2,1,221,5,Hibernating,2011-05-05 15:29:00,2011-05-05 15:39:00,181,0,94.305
14698,2,5,1250.76,5,4,4,544,13,Champions,2011-10-19 12:54:00,2011-12-08 12:26:00,615,50,250.152
14699,215,4,702.6,2,3,3,233,8,At Risk,2010-07-02 12:04:00,2011-05-09 14:54:00,484,311,175.65
14700,33,5,3116.26,4,4,5,445,13,Champions,2010-08-11 12:19:00,2011-11-07 14:40:00,1634,453,623.252
14701,11,15,4562.09,5,5,5,555,15,Champions,2010-01-24 12:15:00,2011-11-29 12:38:00,1782,674,304.139333333
14702,2,29,6423.72,5,5,5,555,15,Champions,2009-12-10 20:22:00,2011-12-08 19:29:00,2902,728,221.507586207
14703,15,1,318.17,5,1,2,512,8,New Customers,2011-11-25 09:23:00,2011-11-25 09:23:00,183,0,318.17
14704,20,9,1781.23,5,5,4,554,14,Champions,2010-03-25 17:21:00,2011-11-20 12:20:00,1201,605,197.914444444
14705,199,1,179,2,1,1,211,4,Hibernating,2011-05-25 12:39:00,2011-05-25 12:39:00,100,0,179
14706,619,1,390.69,1,1,2,112,4,Lost,2010-03-31 11:09:00,2010-03-31 11:09:00,263,0,390.69
14707,436,2,139.2,1,2,1,121,4,Lost,2010-05-12 11:07:00,2010-09-30 11:37:00,96,141,69.6
14708,3,5,1793.22,5,4,4,544,13,Champions,2010-09-10 10:26:00,2011-12-07 08:21:00,1159,453,358.644
14709,16,25,8886.33,5,5,5,555,15,Champions,2009-12-05 15:26:00,2011-11-24 15:41:00,4141,719,355.4532
14710,15,13,1922.59,5,5,4,554,14,Champions,2009-12-03 17:12:00,2011-11-25 14:53:00,1151,722,147.891538462
14711,11,11,2868.8,5,5,4,554,14,Champions,2011-03-22 13:32:00,2011-11-29 14:58:00,978,252,260.8
14712,30,4,1328.07,4,3,4,434,11,Potential Loyalists,2010-10-17 14:49:00,2011-11-10 12:59:00,411,389,332.0175
14713,10,21,5119.52,5,5,5,555,15,Champions,2009-12-03 19:22:00,2011-11-30 16:26:00,3329,727,243.786666667
14714,25,4,906.24,4,3,3,433,10,Potential Loyalists,2010-01-21 11:51:00,2011-11-15 13:07:00,642,663,226.56
14715,25,8,1824.55,4,4,4,444,12,Champions,2010-01-19 12:18:00,2011-11-15 12:10:00,1032,665,228.06875
14716,44,3,565.45,4,3,2,432,9,Potential Loyalists,2010-09-21 12:07:00,2011-10-27 17:29:00,752,401,188.483333333
14717,734,1,81.3,1,1,1,111,3,Lost,2009-12-06 13:05:00,2009-12-06 13:05:00,32,0,81.3
14718,411,1,226.42,1,1,1,111,3,Lost,2010-10-25 13:07:00,2010-10-25 13:07:00,202,0,226.42
14719,2,5,1602.13,5,4,4,544,13,Champions,2011-04-04 14:17:00,2011-12-08 12:43:00,1032,248,320.426
14720,6,3,663.81,5,3,3,533,11,Potential Loyalists,2011-08-05 12:06:00,2011-12-04 12:02:00,219,121,221.27
14721,380,1,115.77,2,1,1,211,4,Hibernating,2010-11-25 13:08:00,2010-11-25 13:08:00,59,0,115.77
14722,148,3,513.37,3,3,2,332,8,Need Attention,2010-08-10 13:28:00,2011-07-15 14:58:00,222,339,171.123333333
14723,11,11,1840.42,5,5,4,554,14,Champions,2009-12-04 11:22:00,2011-11-29 15:23:00,1191,725,167.310909091
14724,591,1,345.25,1,1,2,112,4,Lost,2010-04-28 13:26:00,2010-04-28 13:26:00,187,0,345.25
14725,25,4,1309.36,4,3,4,434,11,Potential Loyalists,2010-06-23 11:34:00,2011-11-15 12:42:00,1312,510,327.34
14726,655,1,124.75,1,1,1,111,3,Lost,2010-02-23 12:35:00,2010-02-23 12:35:00,91,0,124.75
14727,275,3,465.23,2,3,2,232,7,At Risk,2010-06-11 13:23:00,2011-03-10 14:45:00,462,272,155.076666667
14728,414,1,190.58,1,1,1,111,3,Lost,2010-10-22 15:57:00,2010-10-22 15:57:00,68,0,190.58
14729,374,3,593.89,2,3,2,232,7,At Risk,2010-03-24 13:30:00,2010-12-01 12:43:00,377,252,197.963333333
14730,2,8,2005.06,5,4,4,544,13,Champions,2011-03-08 12:49:00,2011-12-08 14:39:00,1132,275,250.6325
14731,48,3,380.02,4,3,2,432,9,Potential Loyalists,2011-05-11 13:06:00,2011-10-23 15:54:00,256,165,126.673333333
14732,9,19,5517.07,5,5,5,555,15,Champions,2009-12-09 10:48:00,2011-12-01 14:34:00,2273,722,290.372105263
14733,17,15,14354.95,5,5,5,555,15,Champions,2010-11-02 15:42:00,2011-11-23 15:39:00,5811,386,956.996666667
14734,426,4,1056.42,1,3,3,133,7,At Risk,2010-06-06 15:15:00,2010-10-10 12:04:00,378,126,264.105
14735,4,55,12225.16,5,5,5,555,15,Champions,2009-12-04 11:32:00,2011-12-06 12:09:00,4512,732,222.275636364
14736,486,2,401.08,1,2,2,122,5,Lost,2010-08-11 15:13:00,2010-08-11 15:21:00,164,0,200.54
14737,4,4,3554.17,5,3,5,535,13,Potential Loyalists,2010-11-04 11:29:00,2011-12-06 10:16:00,1071,397,888.5425
14738,43,9,1821.9,4,5,4,454,13,Champions,2009-12-07 10:21:00,2011-10-28 08:56:00,757,690,202.433333333
14739,5,25,11573.62,5,5,5,555,15,Champions,2009-12-02 13:23:00,2011-12-05 16:54:00,9696,733,462.9448
14740,198,11,4161.06,2,5,5,255,12,At Risk,2010-02-25 11:40:00,2011-05-26 18:17:00,2081,455,378.278181818
14741,12,7,1713.09,5,4,4,544,13,Champions,2010-10-18 09:33:00,2011-11-28 08:48:00,1006,406,244.727142857
14742,436,1,579.85,1,1,2,112,4,Lost,2010-09-30 14:07:00,2010-09-30 14:07:00,374,0,579.85
14743,593,1,50.48,1,1,1,111,3,Lost,2010-04-26 10:26:00,2010-04-26 10:26:00,40,0,50.48
14744,17,14,3660.08,5,5,5,555,15,Champions,2010-05-18 14:06:00,2011-11-23 12:51:00,2399,554,261.434285714
14745,113,12,2571.81,3,5,4,354,12,Loyal Customers,2010-03-12 10:33:00,2011-08-19 10:05:00,1977,525,214.3175
14746,407,4,593.5,2,3,2,232,7,At Risk,2010-10-12 11:06:00,2010-10-29 14:44:00,398,17,148.375
14747,250,1,328.2,2,1,2,212,5,Hibernating,2011-04-04 14:09:00,2011-04-04 14:09:00,84,0,328.2
14748,30,10,2681.9,4,5,4,454,13,Champions,2010-03-04 17:08:00,2011-11-10 18:33:00,2422,616,268.19
14749,480,1,310.15,1,1,2,112,4,Lost,2010-08-17 12:36:00,2010-08-17 12:36:00,403,0,310.15
14750,737,1,112.03,1,1,1,111,3,Lost,2009-12-03 17:57:00,2009-12-03 17:57:00,65,0,112.03
14751,685,2,126.45,1,2,1,121,4,Lost,2009-12-13 14:08:00,2010-01-24 13:37:00,65,42,63.225
14752,44,1,389.64,4,1,2,412,7,Promising,2011-10-27 11:55:00,2011-10-27 11:55:00,260,0,389.64
14753,88,2,869.51,3,2,3,323,8,Promising,2010-09-05 11:04:00,2011-09-13 14:50:00,412,373,434.755
14754,45,6,1550.48,4,4,4,444,12,Champions,2010-01-18 11:04:00,2011-10-26 12:01:00,1011,646,258.413333333
14755,10,25,9972.55,5,5,5,555,15,Champions,2009-12-03 16:51:00,2011-11-30 11:24:00,4401,727,398.902
14756,16,3,2603.76,5,3,4,534,12,Potential Loyalists,2010-10-11 11:50:00,2011-11-24 18:13:00,1422,409,867.92
14757,76,1,420.5,3,1,2,312,6,Need Attention,2011-09-25 14:36:00,2011-09-25 14:36:00,160,0,420.5
14758,145,7,2864.97,3,4,4,344,11,Loyal Customers,2010-04-08 08:27:00,2011-07-18 08:21:00,840,466,409.281428571
14759,5,3,1625.97,5,3,4,534,12,Potential Loyalists,2011-04-21 10:55:00,2011-12-05 12:03:00,569,228,541.99
14760,298,1,89.2,2,1,1,211,4,Hibernating,2011-02-15 16:27:00,2011-02-15 16:27:00,40,0,89.2
14761,59,3,447.92,4,3,2,432,9,Potential Loyalists,2010-09-21 14:22:00,2011-10-12 12:10:00,206,386,149.306666667
14762,264,2,417.57,2,2,2,222,6,Hibernating,2010-03-23 15:36:00,2011-03-21 08:20:00,428,363,208.785
14764,47,1,278.3,4,1,1,411,6,Promising,2011-10-24 11:54:00,2011-10-24 11:54:00,190,0,278.3
14765,30,3,254.11,4,3,1,431,8,Potential Loyalists,2011-06-16 19:49:00,2011-11-10 19:53:00,135,147,84.7033333333
14766,9,11,6375.73,5,5,5,555,15,Champions,2010-06-06 11:11:00,2011-12-01 16:05:00,3999,543,579.611818182
14767,475,1,382.81,1,1,2,112,4,Lost,2010-08-22 14:54:00,2010-08-22 14:54:00,117,0,382.81
14768,18,2,192.6,5,2,1,521,8,Potential Loyalists,2011-08-04 13:25:00,2011-11-22 12:54:00,52,110,96.3
14769,3,17,15770.23,5,5,5,555,15,Champions,2009-12-16 09:17:00,2011-12-07 10:24:00,11254,721,927.660588235
14770,233,8,3637.64,2,4,5,245,11,At Risk,2010-02-25 18:58:00,2011-04-21 14:21:00,1598,420,454.705
14771,622,2,594.62,1,2,2,122,5,Lost,2009-12-03 09:44:00,2010-03-28 12:52:00,622,115,297.31
14772,113,1,139.26,3,1,1,311,5,Need Attention,2011-08-19 15:04:00,2011-08-19 15:04:00,82,0,139.26
14773,593,1,140.55,1,1,1,111,3,Lost,2010-04-26 10:29:00,2010-04-26 10:29:00,53,0,140.55
14774,529,1,241.45,1,1,1,111,3,Lost,2010-06-29 12:26:00,2010-06-29 12:26:00,99,0,241.45
14775,59,3,1011.9,4,3,3,433,10,Potential Loyalists,2010-12-02 16:38:00,2011-10-12 15:27:00,1174,314,337.3
14776,52,15,3708.3,4,5,5,455,14,Champions,2010-09-19 14:12:00,2011-10-19 15:34:00,4658,395,247.22
14777,404,1,307.56,2,1,2,212,5,Hibernating,2010-11-01 12:50:00,2010-11-01 12:50:00,212,0,307.56
14778,128,2,730.86,3,2,3,323,8,Promising,2011-02-04 11:43:00,2011-08-04 15:23:00,306,181,365.43
14779,281,3,386.15,2,3,2,232,7,At Risk,2011-01-20 12:04:00,2011-03-04 12:42:00,84,43,128.716666667
14780,55,2,447.68,4,2,2,422,8,Potential Loyalists,2011-09-21 15:15:00,2011-10-16 12:46:00,310,25,223.84
14782,320,1,200.1,2,1,1,211,4,Hibernating,2011-01-24 11:12:00,2011-01-24 11:12:00,114,0,200.1
14783,660,1,307.3,1,1,2,112,4,Lost,2010-02-18 16:16:00,2010-02-18 16:16:00,262,0,307.3
14784,27,3,449.93,4,3,2,432,9,Potential Loyalists,2010-11-15 09:49:00,2011-11-13 13:30:00,363,363,149.976666667
14785,11,2,77.4,5,2,1,521,8,Potential Loyalists,2011-11-24 13:40:00,2011-11-29 13:21:00,84,5,38.7
14786,551,1,90.96,1,1,1,111,3,Lost,2010-06-07 13:42:00,2010-06-07 13:42:00,112,0,90.96
14787,472,1,110.65,1,1,1,111,3,Lost,2010-08-25 14:38:00,2010-08-25 14:38:00,59,0,110.65
14788,8,3,1156.32,5,3,3,533,11,Potential Loyalists,2010-04-22 18:16:00,2011-12-02 17:06:00,719,589,385.44
14789,29,1,197.64,4,1,1,411,6,Promising,2011-11-11 08:59:00,2011-11-11 08:59:00,116,0,197.64
14790,17,10,2526.62,5,5,4,554,14,Champions,2009-12-11 14:37:00,2011-11-23 09:28:00,2642,712,252.662
14791,607,1,303.63,1,1,2,112,4,Lost,2010-04-12 10:24:00,2010-04-12 10:24:00,127,0,303.63
14792,64,1,6.2,3,1,1,311,5,Need Attention,2011-10-07 09:19:00,2011-10-07 09:19:00,2,0,6.2
14793,22,2,625.9,4,2,3,423,9,Potential Loyalists,2010-06-22 16:54:00,2011-11-18 14:50:00,361,514,312.95
14794,3,10,1953.9,5,5,4,554,14,Champions,2010-08-09 15:44:00,2011-12-07 10:11:00,783,485,195.39
14795,167,1,131.45,3,1,1,311,5,Need Attention,2011-06-26 13:04:00,2011-06-26 13:04:00,17,0,131.45
14796,2,27,10216.87,5,5,5,555,15,Champions,2009-12-14 15:06:00,2011-12-08 15:31:00,7215,724,378.402592593
14797,508,1,300.31,1,1,2,112,4,Lost,2010-07-20 14:07:00,2010-07-20 14:07:00,99,0,300.31
14798,53,8,724.31,4,4,3,443,11,Loyal Customers,2010-03-01 08:38:00,2011-10-18 10:58:00,601,596,90.53875
14799,52,2,338.15,4,2,2,422,8,Potential Loyalists,2009-12-02 11:18:00,2011-10-19 16:16:00,495,686,169.075
14800,48,17,7207.23,4,5,5,455,14,Champions,2010-09-30 14:38:00,2011-10-23 12:46:00,6527,388,423.954705882
14801,62,1,193.14,3,1,1,311,5,Need Attention,2011-10-09 15:24:00,2011-10-09 15:24:00,175,0,193.14
14803,163,3,845.55,3,3,3,333,9,Promising,2011-02-20 13:21:00,2011-06-30 13:58:00,370,130,281.85
14804,9,1,353.27,5,1,2,512,8,New Customers,2011-12-01 11:20:00,2011-12-01 11:20:00,121,0,353.27
14805,16,7,1104.64,5,4,3,543,12,Loyal Customers,2010-03-28 12:34:00,2011-11-24 16:20:00,421,606,157.805714286
14806,76,2,303.43,3,2,2,322,7,Need Attention,2010-09-26 15:50:00,2011-09-25 15:32:00,423,364,151.715
14807,391,2,519.29,2,2,2,222,6,Hibernating,2010-02-28 11:33:00,2010-11-14 12:47:00,247,259,259.645
14808,40,8,2741.17,4,4,4,444,12,Champions,2011-06-20 12:53:00,2011-10-31 12:21:00,2147,133,342.64625
14809,622,2,686.76,1,2,3,123,6,Lost,2010-03-28 15:42:00,2010-03-28 15:44:00,232,0,343.38
14810,41,13,2356.58,4,5,4,454,13,Champions,2010-10-06 13:12:00,2011-10-30 11:19:00,1163,389,181.275384615
14811,388,1,170.5,2,1,1,211,4,Hibernating,2010-11-17 13:09:00,2010-11-17 13:09:00,74,0,170.5
14812,599,1,185.8,1,1,1,111,3,Lost,2010-04-20 12:13:00,2010-04-20 12:13:00,136,0,185.8
14813,370,4,935.44,2,3,3,233,8,At Risk,2010-04-08 11:49:00,2010-12-05 11:57:00,407,241,233.86
14814,582,1,159.21,1,1,1,111,3,Lost,2010-05-07 14:10:00,2010-05-07 14:10:00,95,0,159.21
14815,37,2,778.5,4,2,3,423,9,Potential Loyalists,2011-10-03 11:36:00,2011-11-03 11:36:00,744,31,389.25
14816,198,1,271.85,2,1,1,211,4,Hibernating,2011-05-26 13:16:00,2011-05-26 13:16:00,5,0,271.85
14817,201,7,3609.86,2,4,5,245,11,At Risk,2010-03-22 12:10:00,2011-05-23 13:35:00,2455,427,515.694285714
14818,74,6,1170.41,3,4,3,343,10,Loyal Customers,2010-03-02 12:48:00,2011-09-27 11:01:00,546,574,195.068333333
14819,65,4,470.16,3,3,2,332,8,Need Attention,2009-12-21 15:54:00,2011-10-06 13:41:00,173,654,117.54
14820,22,9,1274.76,4,5,4,454,13,Champions,2010-01-31 12:49:00,2011-11-18 15:41:00,724,656,141.64
14821,367,7,1237.65,2,4,4,244,10,At Risk,2010-02-01 13:33:00,2010-12-08 08:43:00,465,310,176.807142857
14822,486,1,157.7,1,1,1,111,3,Lost,2010-08-11 12:52:00,2010-08-11 12:52:00,94,0,157.7
14823,181,3,321.43,3,3,2,332,8,Need Attention,2011-05-29 12:48:00,2011-06-12 13:12:00,88,14,107.143333333
14824,11,10,4022.91,5,5,5,555,15,Champions,2010-03-12 13:07:00,2011-11-29 14:20:00,1954,627,402.291
14825,4,24,4740.98,5,5,5,555,15,Champions,2010-04-06 14:14:00,2011-12-06 11:38:00,2776,609,197.540833333
14826,582,2,385.2,1,2,2,122,5,Lost,2010-01-13 13:08:00,2010-05-07 09:00:00,152,114,192.6
14828,197,13,9839.46,2,5,5,255,12,At Risk,2009-12-07 11:19:00,2011-05-27 10:16:00,9718,536,756.881538462
14829,30,7,1455.87,4,4,4,444,12,Champions,2010-09-29 13:14:00,2011-11-10 16:16:00,957,407,207.981428571
14830,54,1,196.28,4,1,1,411,6,Promising,2011-10-17 14:29:00,2011-10-17 14:29:00,168,0,196.28
14831,681,3,1676.57,1,3,4,134,8,At Risk,2009-12-02 09:21:00,2010-01-28 14:31:00,885,57,558.856666667
14833,499,1,94.8,1,1,1,111,3,Lost,2010-07-29 10:06:00,2010-07-29 10:06:00,58,0,94.8
14834,18,7,2206.16,5,4,4,544,13,Champions,2010-10-28 17:37:00,2011-11-22 10:30:00,872,390,315.165714286
14835,529,2,297,1,2,2,122,5,Lost,2010-04-01 19:34:00,2010-06-29 10:08:00,180,89,148.5
14836,11,3,102.45,5,3,1,531,9,Potential Loyalists,2011-11-09 13:26:00,2011-11-29 16:45:00,45,20,34.15
14837,90,9,3460.32,3,5,5,355,13,Loyal Customers,2010-01-24 10:20:00,2011-09-11 10:58:00,3030,595,384.48
14838,424,2,773.67,1,2,3,123,6,Lost,2009-12-03 09:52:00,2010-10-12 15:46:00,362,313,386.835
14839,419,3,915.28,1,3,3,133,7,At Risk,2010-01-04 16:29:00,2010-10-17 13:01:00,927,286,305.093333333
14840,268,2,362.71,2,2,2,222,6,Hibernating,2010-06-18 15:42:00,2011-03-17 12:00:00,179,272,181.355
14841,54,14,7163,4,5,5,455,14,Champions,2009-12-02 16:49:00,2011-10-17 15:03:00,4164,684,511.642857143
14842,44,4,2824.69,4,3,4,434,11,Potential Loyalists,2011-02-04 15:32:00,2011-10-27 12:37:00,1166,265,706.1725
14843,437,1,211.8,1,1,1,111,3,Lost,2010-09-29 12:39:00,2010-09-29 12:39:00,132,0,211.8
14844,64,10,6702.43,3,5,5,355,13,Loyal Customers,2010-04-12 12:50:00,2011-10-07 10:41:00,4369,543,670.243
14845,600,1,150,1,1,1,111,3,Lost,2010-04-19 10:19:00,2010-04-19 10:19:00,600,0,150
14846,428,1,437.4,1,1,2,112,4,Lost,2010-10-08 17:07:00,2010-10-08 17:07:00,193,0,437.4
14847,149,3,1348.95,3,3,4,334,10,Promising,2010-05-24 12:29:00,2011-07-14 10:52:00,533,416,449.65
14848,405,1,310.56,2,1,2,212,5,Hibernating,2010-10-31 12:22:00,2010-10-31 12:22:00,260,0,310.56
14849,22,43,15407.61,4,5,5,455,14,Champions,2010-01-10 11:40:00,2011-11-18 10:58:00,11838,677,358.316511628
14850,312,7,1794.01,2,4,4,244,10,At Risk,2010-05-20 13:28:00,2011-02-01 11:21:00,1408,257,256.287142857
14851,24,3,829.41,4,3,3,433,10,Potential Loyalists,2010-03-19 11:52:00,2011-11-16 14:20:00,631,607,276.47
14852,59,18,6147.18,4,5,5,455,14,Champions,2010-03-05 14:51:00,2011-10-12 13:20:00,4371,586,341.51
14853,25,5,1376.87,4,4,4,444,12,Champions,2010-04-13 09:26:00,2011-11-15 16:56:00,345,581,275.374
14854,79,11,4322.86,3,5,5,355,13,Loyal Customers,2010-01-22 09:48:00,2011-09-22 17:00:00,2999,608,392.987272727
14855,120,7,6520.3,3,4,5,345,12,Loyal Customers,2010-04-08 10:30:00,2011-08-12 14:02:00,3510,491,931.471428571
14856,37,3,1311.38,4,3,4,434,11,Potential Loyalists,2011-10-14 09:35:00,2011-11-03 14:53:00,714,20,437.126666667
14857,60,7,3651.851,3,4,5,345,12,Loyal Customers,2010-03-15 11:00:00,2011-10-11 09:23:00,2081,575,521.693
14858,506,1,180.75,1,1,1,111,3,Lost,2010-07-22 10:51:00,2010-07-22 10:51:00,105,0,180.75
14859,13,5,1705.64,5,4,4,544,13,Champions,2010-06-03 10:26:00,2011-11-27 11:18:00,888,542,341.128
14860,20,1,170.32,5,1,1,511,7,New Customers,2011-11-20 14:17:00,2011-11-20 14:17:00,232,0,170.32
14861,53,10,1380.73,4,5,4,454,13,Champions,2009-12-08 12:12:00,2011-10-18 12:54:00,1076,679,138.073
14862,26,2,841.2,4,2,3,423,9,Potential Loyalists,2011-07-14 11:20:00,2011-11-14 10:01:00,772,123,420.6
14863,30,1,266.76,4,1,1,411,6,Promising,2011-11-10 15:04:00,2011-11-10 15:04:00,132,0,266.76
14865,8,4,92.52,5,3,1,531,9,Potential Loyalists,2009-12-01 16:05:00,2011-12-02 16:25:00,204,731,23.13
14866,11,17,20700.04,5,5,5,555,15,Champions,2010-09-21 15:14:00,2011-11-29 11:45:00,9087,434,1217.64941176
14867,186,16,2952.06,3,5,5,355,13,Loyal Customers,2009-12-05 15:47:00,2011-06-07 11:39:00,996,549,184.50375
14868,4,12,4184.01,5,5,5,555,15,Champions,2010-10-15 14:52:00,2011-12-06 14:49:00,2230,417,348.6675
14869,9,6,2804.24,5,4,4,544,13,Champions,2009-12-16 11:43:00,2011-12-01 12:36:00,2138,715,467.373333333
14870,262,6,1838.95,2,4,4,244,10,At Risk,2010-01-25 09:05:00,2011-03-23 10:51:00,483,422,306.491666667
14871,4,9,1258.97,5,5,4,554,14,Champions,2009-12-01 11:57:00,2011-12-06 13:42:00,454,735,139.885555556
14872,484,3,816.6,1,3,3,133,7,At Risk,2010-03-16 14:41:00,2010-08-13 12:34:00,662,150,272.2
14873,211,2,854.13,2,2,3,223,7,Hibernating,2010-03-16 10:51:00,2011-05-13 13:52:00,311,423,427.065
14874,536,1,116.18,1,1,1,111,3,Lost,2010-06-22 14:58:00,2010-06-22 14:58:00,148,0,116.18
14875,108,3,2862.4,3,3,4,334,10,Promising,2010-09-24 10:28:00,2011-08-24 12:20:00,1332,334,954.133333333
14876,522,2,256.7,1,2,1,121,4,Lost,2010-05-27 13:49:00,2010-07-06 14:57:00,162,40,128.35
14877,419,2,437,1,2,2,122,5,Lost,2010-03-07 12:25:00,2010-10-17 13:09:00,171,224,218.5
14878,13,25,4105.24,5,5,5,555,15,Champions,2010-02-21 11:14:00,2011-11-27 11:15:00,2432,644,164.2096
14879,685,1,185.06,1,1,1,111,3,Lost,2010-01-24 11:35:00,2010-01-24 11:35:00,104,0,185.06
14880,78,3,706.19,3,3,3,333,9,Promising,2011-02-24 12:27:00,2011-09-23 13:42:00,373,211,235.396666667
14881,20,1,255.4,5,1,1,511,7,New Customers,2011-11-20 11:06:00,2011-11-20 11:06:00,316,0,255.4
14882,27,14,3628.15,4,5,5,455,14,Champions,2010-03-30 15:02:00,2011-11-13 12:47:00,1640,593,259.153571429
14883,19,6,761.59,5,4,3,543,12,Loyal Customers,2011-05-12 09:49:00,2011-11-21 10:23:00,790,193,126.931666667
14884,670,1,120.6,1,1,1,111,3,Lost,2010-02-08 12:56:00,2010-02-08 12:56:00,72,0,120.6
14885,132,3,1598.12,3,3,4,334,10,Promising,2010-08-31 10:11:00,2011-07-31 12:05:00,1308,334,532.706666667
14886,253,1,364.8,2,1,2,212,5,Hibernating,2011-04-01 08:56:00,2011-04-01 08:56:00,160,0,364.8
14887,80,1,1862,3,1,4,314,8,Need Attention,2011-09-21 15:32:00,2011-09-21 15:32:00,1100,0,1862
14888,208,1,369.2,2,1,2,212,5,Hibernating,2011-05-16 14:58:00,2011-05-16 14:58:00,184,0,369.2
14889,337,1,135.9,2,1,1,211,4,Hibernating,2011-01-07 15:19:00,2011-01-07 15:19:00,90,0,135.9
14890,254,3,817.25,2,3,3,233,8,At Risk,2010-02-18 09:00:00,2011-03-31 11:57:00,636,406,272.416666667
14891,149,4,1106.73,3,3,3,333,9,Promising,2010-09-29 12:41:00,2011-07-14 18:08:00,788,288,276.6825
14892,691,1,202.35,1,1,1,111,3,Lost,2010-01-18 08:58:00,2010-01-18 08:58:00,79,0,202.35
14893,10,3,1809.61,5,3,4,534,12,Potential Loyalists,2010-04-01 09:03:00,2011-11-30 12:31:00,1047,608,603.203333333
14894,86,3,1492.81,3,3,4,334,10,Promising,2009-12-02 10:42:00,2011-09-15 13:51:00,603,652,497.603333333
14895,8,38,25119.54,5,5,5,555,15,Champions,2009-12-10 14:22:00,2011-12-02 09:23:00,10714,722,661.040526316
14896,205,8,1835.2,2,4,4,244,10,At Risk,2009-12-06 12:42:00,2011-05-19 10:20:00,933,529,229.4
14897,8,8,3140.54,5,4,5,545,14,Champions,2009-12-15 17:05:00,2011-12-02 10:32:00,1162,717,392.5675
14898,24,14,3409.31,4,5,5,455,14,Champions,2009-12-03 16:40:00,2011-11-16 14:54:00,2229,713,243.522142857
14899,396,1,1384.88,2,1,4,214,7,Hibernating,2010-11-09 15:20:00,2010-11-09 15:20:00,586,0,1384.88
14900,523,1,13.92,1,1,1,111,3,Lost,2010-07-05 15:09:00,2010-07-05 15:09:00,48,0,13.92
14901,12,12,1927.25,5,5,4,554,14,Champions,2010-07-29 11:11:00,2011-11-28 17:09:00,885,487,160.604166667
14902,26,3,1035.62,4,3,3,433,10,Potential Loyalists,2010-06-04 12:35:00,2011-11-14 10:34:00,716,528,345.206666667
14903,22,5,2810.63,4,4,4,444,12,Champions,2011-03-06 11:50:00,2011-11-18 16:07:00,1536,257,562.126
14904,3,4,1640.64,5,3,4,534,12,Potential Loyalists,2010-10-08 12:48:00,2011-12-07 12:55:00,2549,425,410.16
14905,158,8,1971.39,3,4,4,344,11,Loyal Customers,2009-12-03 14:36:00,2011-07-05 12:41:00,1009,579,246.42375
14907,4,16,5547.72,5,5,5,555,15,Champions,2010-04-16 13:40:00,2011-12-06 14:14:00,2583,599,346.7325
14908,75,2,381.9,3,2,2,322,7,Need Attention,2010-09-02 16:39:00,2011-09-26 12:56:00,182,389,190.95
14909,438,3,1404.68,1,3,4,134,8,At Risk,2010-02-14 15:47:00,2010-09-28 16:56:00,888,226,468.226666667
14910,3,4,434.35,5,3,2,532,10,Potential Loyalists,2011-10-16 11:06:00,2011-12-07 10:06:00,238,52,108.5875
14911,2,373,272393.03,5,5,5,555,15,Champions,2009-12-01 11:41:00,2011-12-08 15:54:00,147842,737,730.276219839
14912,17,5,1849.58,5,4,4,544,13,Champions,2010-04-28 09:41:00,2011-11-23 09:20:00,1818,574,369.916
14913,36,8,4073.13,4,4,5,445,13,Champions,2010-08-11 08:40:00,2011-11-04 08:29:00,3955,450,509.14125
14915,92,11,1811.25,3,5,4,354,12,Loyal Customers,2009-12-03 10:17:00,2011-09-09 13:34:00,707,645,164.659090909
14916,71,8,3042.95,3,4,5,345,12,Loyal Customers,2010-04-01 10:57:00,2011-09-30 09:20:00,2415,547,380.36875
14917,597,2,1123.75,1,2,3,123,6,Lost,2010-04-22 09:44:00,2010-04-22 11:28:00,891,0,561.875
14918,116,9,5955.81,3,5,5,355,13,Loyal Customers,2010-04-08 11:18:00,2011-08-16 11:50:00,2551,495,661.756666667
14919,540,1,359.35,1,1,2,112,4,Lost,2010-06-18 13:06:00,2010-06-18 13:06:00,129,0,359.35
14920,213,3,1607.17,2,3,4,234,9,At Risk,2010-05-23 15:25:00,2011-05-11 10:32:00,886,353,535.723333333
14921,31,2,1316.07,4,2,4,424,10,Potential Loyalists,2011-05-22 12:51:00,2011-11-09 13:17:00,953,171,658.035
14922,394,2,843.74,2,2,3,223,7,Hibernating,2010-07-20 09:45:00,2010-11-11 11:14:00,376,114,421.87
14923,51,1,749.1,4,1,3,413,8,Promising,2011-10-20 11:51:00,2011-10-20 11:51:00,418,0,749.1
14924,246,3,931.01,2,3,3,233,8,At Risk,2010-03-10 12:51:00,2011-04-08 09:25:00,312,394,310.336666667
14926,382,2,359.4,2,2,2,222,6,Hibernating,2010-04-20 09:59:00,2010-11-23 07:13:00,204,217,179.7
14927,397,1,308.2,2,1,2,212,5,Hibernating,2010-11-08 12:30:00,2010-11-08 12:30:00,196,0,308.2
14928,628,1,223.91,1,1,1,111,3,Lost,2010-03-22 09:14:00,2010-03-22 09:14:00,268,0,223.91
14929,33,2,836.69,4,2,3,423,9,Potential Loyalists,2010-10-14 12:22:00,2011-11-07 17:21:00,487,389,418.345
14930,109,6,5246.63,3,4,5,345,12,Loyal Customers,2010-04-12 11:22:00,2011-08-23 10:31:00,2199,498,874.438333333
14931,5,4,864.68,5,3,3,533,11,Potential Loyalists,2011-04-13 09:32:00,2011-12-05 10:19:00,414,236,216.17
14932,366,2,566.13,2,2,2,222,6,Hibernating,2010-11-19 09:16:00,2010-12-09 11:48:00,255,20,283.065
14933,444,4,1770,1,3,4,134,8,At Risk,2010-09-21 17:29:00,2010-09-22 10:47:00,600,1,442.5
14934,82,5,3403.5,3,4,5,345,12,Loyal Customers,2010-09-24 12:08:00,2011-09-19 10:10:00,2098,360,680.7
14935,298,2,2849.83,2,2,4,224,8,Hibernating,2010-03-30 11:48:00,2011-02-15 14:44:00,1931,322,1424.915
14936,34,12,12410.81,4,5,5,455,14,Champions,2010-05-05 12:26:00,2011-11-06 10:30:00,6274,550,1034.23416667
14937,57,3,1621.88,4,3,4,434,11,Potential Loyalists,2011-08-01 14:16:00,2011-10-14 12:29:00,484,74,540.626666667
14938,563,2,2322.43,1,2,4,124,7,Lost,2010-05-26 13:35:00,2010-05-26 13:38:00,1369,0,1161.215
14940,418,2,531.49,1,2,2,122,5,Lost,2009-12-06 15:46:00,2010-10-18 10:47:00,384,316,265.745
14941,579,1,182.1,1,1,1,111,3,Lost,2010-05-10 11:30:00,2010-05-10 11:30:00,80,0,182.1
14942,402,4,746.56,2,3,3,233,8,At Risk,2009-12-10 10:32:00,2010-11-03 10:51:00,354,328,186.64
14943,664,1,107.62,1,1,1,111,3,Lost,2010-02-14 16:04:00,2010-02-14 16:04:00,46,0,107.62
14944,30,19,9684.67,4,5,5,455,14,Champions,2010-02-17 08:47:00,2011-11-10 09:10:00,4862,631,509.719473684
14945,414,1,179.4,1,1,1,111,3,Lost,2010-10-22 11:26:00,2010-10-22 11:26:00,156,0,179.4
14946,15,1,100.9,5,1,1,511,7,New Customers,2011-11-25 13:33:00,2011-11-25 13:33:00,22,0,100.9
14947,73,6,1049.79,3,4,3,343,10,Loyal Customers,2010-03-25 11:29:00,2011-09-28 15:48:00,416,552,174.965
14948,24,6,1101.97,4,4,3,443,11,Loyal Customers,2011-05-04 14:52:00,2011-11-16 17:16:00,673,196,183.661666667
14949,470,4,515,1,3,2,132,6,At Risk,2009-12-18 15:28:00,2010-08-27 15:38:00,250,252,128.75
14950,20,1,371.2,5,1,2,512,8,New Customers,2011-11-20 13:48:00,2011-11-20 13:48:00,136,0,371.2
14951,80,1,311.69,3,1,2,312,6,Need Attention,2011-09-21 15:15:00,2011-09-21 15:15:00,311,0,311.69
14952,60,32,17629.35,3,5,5,355,13,Loyal Customers,2009-12-03 15:34:00,2011-10-11 10:33:00,6977,677,550.9171875
14953,26,4,1011.27,4,3,3,433,10,Potential Loyalists,2010-09-30 12:16:00,2011-11-14 14:59:00,1026,410,252.8175
14954,13,2,503.44,5,2,2,522,9,Potential Loyalists,2010-01-05 16:38:00,2011-11-27 14:30:00,219,691,251.72
14955,733,1,163.77,1,1,1,111,3,Lost,2009-12-07 11:35:00,2009-12-07 11:35:00,74,0,163.77
14956,422,1,1325,1,1,4,114,6,Lost,2010-10-14 16:40:00,2010-10-14 16:40:00,2500,0,1325
14957,254,2,333.29,2,2,2,222,6,Hibernating,2010-03-05 10:50:00,2011-03-31 17:59:00,105,391,166.645
14958,148,6,957.94,3,4,3,343,10,Loyal Customers,2009-12-03 16:02:00,2011-07-15 14:20:00,249,589,159.656666667
14959,65,4,695.42,3,3,3,333,9,Promising,2011-02-16 13:00:00,2011-10-06 18:23:00,494,232,173.855
14960,9,2,221.27,5,2,1,521,8,Potential Loyalists,2011-06-21 13:38:00,2011-12-01 12:54:00,221,163,110.635
14961,11,22,16410.15,5,5,5,555,15,Champions,2009-12-04 11:32:00,2011-11-29 09:42:00,8372,725,745.915909091
14962,271,4,366.91,2,3,2,232,7,At Risk,2010-05-04 14:57:00,2011-03-14 09:42:00,123,314,91.7275
14963,10,12,3164.48,5,5,5,555,15,Champions,2010-07-02 12:43:00,2011-11-30 12:16:00,2317,516,263.706666667
14964,248,1,206.21,2,1,1,211,4,Hibernating,2011-04-06 14:13:00,2011-04-06 14:13:00,143,0,206.21
14965,97,2,599,3,2,2,322,7,Need Attention,2011-09-04 13:15:00,2011-09-04 13:20:00,365,0,299.5
14966,15,6,1115.84,5,4,3,543,12,Loyal Customers,2009-12-15 13:48:00,2011-11-25 12:20:00,1098,710,185.973333333
14967,50,6,1982.61,4,4,4,444,12,Champions,2009-12-03 14:07:00,2011-10-21 11:06:00,652,687,330.435
14968,31,2,501.24,4,2,2,422,8,Potential Loyalists,2010-09-07 13:28:00,2011-11-09 13:58:00,257,428,250.62
14969,704,1,906.23,1,1,3,113,5,Lost,2010-01-05 12:43:00,2010-01-05 12:43:00,665,0,906.23
14970,69,12,4919.35,3,5,5,355,13,Loyal Customers,2010-02-14 13:37:00,2011-10-02 13:44:00,982,595,409.945833333
14971,36,3,1116.57,4,3,3,433,10,Potential Loyalists,2011-10-27 13:33:00,2011-11-04 17:07:00,644,8,372.19
14972,129,2,145.07,3,2,1,321,6,Need Attention,2010-11-23 16:17:00,2011-08-03 14:54:00,40,253,72.535
14973,108,3,1314.45,3,3,4,334,10,Promising,2011-04-28 12:22:00,2011-08-24 15:51:00,369,118,438.15
14974,38,1,114.39,4,1,1,411,6,Promising,2011-11-02 13:01:00,2011-11-02 13:01:00,44,0,114.39
14975,58,2,472.39,4,2,2,422,8,Potential Loyalists,2010-10-14 14:11:00,2011-10-13 14:08:00,507,364,236.195
14976,58,6,774.86,4,4,3,443,11,Loyal Customers,2011-01-17 11:09:00,2011-10-13 16:33:00,232,269,129.143333333
14977,726,1,31.93,1,1,1,111,3,Lost,2009-12-14 10:37:00,2009-12-14 10:37:00,17,0,31.93
14978,73,10,3142.14,3,5,5,355,13,Loyal Customers,2010-04-28 10:50:00,2011-09-28 13:07:00,740,518,314.214
14979,736,1,439.46,1,1,2,112,4,Lost,2009-12-04 12:54:00,2009-12-04 12:54:00,213,0,439.46
14980,738,1,150.68,1,1,1,111,3,Lost,2009-12-02 14:09:00,2009-12-02 14:09:00,79,0,150.68
14981,247,2,372.92,2,2,2,222,6,Hibernating,2010-10-12 11:04:00,2011-04-07 13:45:00,241,177,186.46
14982,573,1,234.88,1,1,1,111,3,Lost,2010-05-16 15:52:00,2010-05-16 15:52:00,123,0,234.88
14983,690,1,183.2,1,1,1,111,3,Lost,2010-01-19 17:32:00,2010-01-19 17:32:00,90,0,183.2
14984,20,6,1271.41,5,4,4,544,13,Champions,2010-01-11 13:22:00,2011-11-20 14:28:00,350,678,211.901666667
14985,199,2,296.75,2,2,2,222,6,Hibernating,2010-12-16 19:51:00,2011-05-25 14:29:00,260,160,148.375
14986,377,2,566.9,2,2,2,222,6,Hibernating,2010-01-24 15:54:00,2010-11-28 15:25:00,342,308,283.45
14987,16,8,1550.65,5,4,4,544,13,Champions,2009-12-02 14:56:00,2011-11-24 09:59:00,607,722,193.83125
14988,212,7,2066.6,2,4,4,244,10,At Risk,2010-04-16 13:34:00,2011-05-12 12:05:00,1276,391,295.228571429
14989,662,1,342.4,1,1,2,112,4,Lost,2010-02-16 10:40:00,2010-02-16 10:40:00,200,0,342.4
14990,613,2,305.42,1,2,2,122,5,Lost,2009-12-09 13:31:00,2010-04-06 13:54:00,130,118,152.71
14991,431,1,314.67,1,1,2,112,4,Lost,2010-10-05 13:01:00,2010-10-05 13:01:00,191,0,314.67
14992,443,1,210.5,1,1,1,111,3,Lost,2010-09-23 17:48:00,2010-09-23 17:48:00,145,0,210.5
14993,564,1,36.13,1,1,1,111,3,Lost,2010-05-25 12:47:00,2010-05-25 12:47:00,21,0,36.13
14994,383,5,956.68,2,4,3,243,9,At Risk,2010-03-26 14:16:00,2010-11-22 12:59:00,575,241,191.336
14995,39,2,233.23,4,2,1,421,7,Potential Loyalists,2011-03-04 13:14:00,2011-11-01 11:39:00,103,242,116.615
14996,482,2,442.29,1,2,2,122,5,Lost,2010-08-15 13:41:00,2010-08-15 13:44:00,404,0,221.145
14997,47,4,776.6,4,3,3,433,10,Potential Loyalists,2010-02-22 12:11:00,2011-10-24 13:28:00,1408,609,194.15
14998,171,4,770.73,3,3,3,333,9,Promising,2010-04-13 16:07:00,2011-06-22 17:30:00,367,435,192.6825
14999,593,1,129.48,1,1,1,111,3,Lost,2010-04-26 10:47:00,2010-04-26 10:47:00,88,0,129.48
15000,48,1,490.52,4,1,2,412,7,Promising,2011-10-23 11:42:00,2011-10-23 11:42:00,218,0,490.52
15001,395,2,228.86,2,2,1,221,5,Hibernating,2010-11-10 13:31:00,2010-11-10 13:51:00,80,0,114.43
15002,116,9,4185.63,3,5,5,355,13,Loyal Customers,2010-01-12 11:40:00,2011-08-16 10:44:00,2239,581,465.07
15003,474,6,1060.7,1,4,3,143,8,At Risk,2010-01-26 13:04:00,2010-08-23 15:44:00,547,209,176.783333333
15004,148,1,1245.93,3,1,4,314,8,Need Attention,2011-07-15 14:05:00,2011-07-15 14:05:00,629,0,1245.93
15005,16,56,13881.7,5,5,5,555,15,Champions,2009-12-01 14:19:00,2011-11-24 12:25:00,8733,723,247.8875
15006,52,2,820.19,4,2,3,423,9,Potential Loyalists,2010-09-12 13:03:00,2011-10-19 15:08:00,415,402,410.095
15007,160,1,156.91,3,1,1,311,5,Need Attention,2011-07-03 16:00:00,2011-07-03 16:00:00,69,0,156.91
15008,481,2,360,1,2,2,122,5,Lost,2010-03-12 11:13:00,2010-08-16 13:09:00,1500,157,180
15009,13,3,1261.78,5,3,4,534,12,Potential Loyalists,2011-11-14 17:40:00,2011-11-27 13:35:00,642,13,420.593333333
15010,36,1,308.94,4,1,2,412,7,Promising,2011-11-04 12:42:00,2011-11-04 12:42:00,184,0,308.94
15011,396,2,416.6,2,2,2,222,6,Hibernating,2010-10-19 12:05:00,2010-11-09 11:10:00,289,21,208.3
15012,54,3,669.56,4,3,3,433,10,Potential Loyalists,2010-05-12 11:49:00,2011-10-17 12:22:00,393,523,223.186666667
15013,488,10,1641.3,1,5,4,154,10,At Risk,2010-01-31 12:15:00,2010-08-09 12:05:00,1747,190,164.13
15014,44,2,260.17,4,2,1,421,7,Potential Loyalists,2011-06-16 19:40:00,2011-10-27 20:07:00,151,133,130.085
15015,502,13,2354.52,1,5,4,154,10,At Risk,2009-12-14 14:46:00,2010-07-26 13:50:00,1568,224,181.116923077
15016,173,5,630.3,3,4,3,343,10,Loyal Customers,2010-06-14 13:06:00,2011-06-20 12:06:00,247,371,126.06
15017,34,1,125.58,4,1,1,411,6,Promising,2011-11-06 10:33:00,2011-11-06 10:33:00,63,0,125.58
15018,39,3,496.21,4,3,2,432,9,Potential Loyalists,2010-12-07 10:47:00,2011-11-01 12:47:00,189,329,165.403333333
15019,267,1,266,2,1,1,211,4,Hibernating,2011-03-18 12:35:00,2011-03-18 12:35:00,159,0,266
15020,380,1,203.42,2,1,1,211,4,Hibernating,2010-11-25 13:29:00,2010-11-25 13:29:00,112,0,203.42
15021,9,12,2578.19,5,5,4,554,14,Champions,2010-07-29 16:35:00,2011-12-01 11:53:00,1123,490,214.849166667
15022,12,5,1186.09,5,4,3,543,12,Loyal Customers,2010-01-31 16:02:00,2011-11-28 12:35:00,656,666,237.218
15023,4,20,11686.93,5,5,5,555,15,Champions,2010-02-03 15:45:00,2011-12-06 17:23:00,4810,671,584.3465
15024,10,16,3584.29,5,5,5,555,15,Champions,2010-10-11 16:14:00,2011-11-30 12:06:00,1942,415,224.018125
15025,34,2,1005.14,4,2,3,423,9,Potential Loyalists,2010-05-20 13:28:00,2011-11-06 15:20:00,514,535,502.57
15026,81,5,1056.81,3,4,3,343,10,Loyal Customers,2010-09-17 13:52:00,2011-09-20 13:52:00,613,368,211.362
15027,31,10,3195.6,4,5,5,455,14,Champions,2010-03-25 14:39:00,2011-11-09 10:16:00,2782,594,319.56
15028,9,6,971.74,5,4,3,543,12,Loyal Customers,2010-11-10 14:32:00,2011-12-01 14:06:00,677,386,161.956666667
15029,620,1,365.1,1,1,2,112,4,Lost,2010-03-30 12:16:00,2010-03-30 12:16:00,234,0,365.1
15030,72,8,1979.91,3,4,4,344,11,Loyal Customers,2010-03-04 17:10:00,2011-09-29 10:50:00,1225,574,247.48875
15031,5,14,3156.58,5,5,5,555,15,Champions,2009-12-08 13:38:00,2011-12-05 14:19:00,1615,727,225.47
15032,257,8,11010.05,2,4,5,245,11,At Risk,2009-12-10 15:27:00,2011-03-28 15:03:00,6601,473,1376.25625
15033,5,10,2583.37,5,5,4,554,14,Champions,2011-01-14 13:28:00,2011-12-05 12:40:00,1693,325,258.337
15034,16,14,8313.4,5,5,5,555,15,Champions,2010-05-11 13:30:00,2011-11-24 12:11:00,4788,562,593.814285714
15035,90,1,252.73,3,1,1,311,5,Need Attention,2011-09-11 11:08:00,2011-09-11 11:08:00,245,0,252.73
15036,73,3,465.55,3,3,2,332,8,Need Attention,2011-06-13 12:19:00,2011-09-28 15:42:00,327,107,155.183333333
15037,377,2,402.51,2,2,2,222,6,Hibernating,2010-11-28 12:14:00,2010-11-28 13:05:00,301,0,201.255
15038,59,9,1183.43,4,5,3,453,12,Loyal Customers,2010-10-10 14:35:00,2011-10-12 11:33:00,395,367,131.492222222
15039,10,93,39419.92,5,5,5,555,15,Champions,2009-12-10 11:39:00,2011-11-30 11:31:00,17917,720,423.870107527
15040,542,1,7.49,1,1,1,111,3,Lost,2010-06-16 11:40:00,2010-06-16 11:40:00,1,0,7.49
15041,171,2,293.6,3,2,2,322,7,Need Attention,2010-09-21 13:16:00,2011-06-22 16:16:00,195,274,146.8
15042,200,2,315.45,2,2,2,222,6,Hibernating,2010-04-23 14:01:00,2011-05-24 16:25:00,238,396,157.725
15043,32,6,2858.8,4,4,4,444,12,Champions,2010-06-24 15:50:00,2011-11-08 14:26:00,1019,502,476.466666667
15044,20,32,15949.19,5,5,5,555,15,Champions,2009-12-16 15:13:00,2011-11-20 13:20:00,5275,704,498.4121875
15045,152,2,735.66,3,2,3,323,8,Promising,2011-03-27 11:44:00,2011-07-11 11:33:00,114,106,367.83
15046,10,25,7793.44,5,5,5,555,15,Champions,2010-01-14 14:29:00,2011-11-30 15:50:00,4700,685,311.7376
15047,270,1,343.62,2,1,2,212,5,Hibernating,2011-03-15 10:49:00,2011-03-15 10:49:00,222,0,343.62
15048,66,4,384.05,3,3,2,332,8,Need Attention,2010-12-06 12:15:00,2011-10-05 14:55:00,195,303,96.0125
15049,274,1,121.17,2,1,1,211,4,Hibernating,2011-03-11 12:13:00,2011-03-11 12:13:00,63,0,121.17
15050,26,5,4193.79,4,4,5,445,13,Champions,2010-08-16 12:00:00,2011-11-14 16:17:00,2628,455,838.758
15051,24,9,3935.16,4,5,5,455,14,Champions,2009-12-01 13:29:00,2011-11-16 15:38:00,3053,715,437.24
15052,320,1,215.78,2,1,1,211,4,Hibernating,2011-01-24 15:52:00,2011-01-24 15:52:00,82,0,215.78
15053,5,3,697.79,5,3,3,533,11,Potential Loyalists,2011-03-03 12:06:00,2011-12-05 12:08:00,986,277,232.596666667
15054,13,2,302.1,5,2,2,522,9,Potential Loyalists,2011-10-30 14:33:00,2011-11-27 15:02:00,198,28,151.05
15055,475,3,560.07,1,3,2,132,6,At Risk,2009-12-16 15:48:00,2010-08-22 11:06:00,230,249,186.69
15056,521,1,133.45,1,1,1,111,3,Lost,2010-07-07 15:58:00,2010-07-07 15:58:00,81,0,133.45
15057,276,5,3255.96,2,4,5,245,11,At Risk,2009-12-05 15:27:00,2011-03-09 15:17:00,1394,459,651.192
15058,26,16,3410.03,4,5,5,455,14,Champions,2010-02-24 14:07:00,2011-11-14 14:57:00,1660,628,213.126875
15059,41,19,3522.77,4,5,5,455,14,Champions,2009-12-06 12:17:00,2011-10-30 11:35:00,1615,693,185.408947368
15060,9,4,301.84,5,3,2,532,10,Potential Loyalists,2011-11-30 14:03:00,2011-12-01 13:47:00,262,1,75.46
15061,4,127,126387.57,5,5,5,555,15,Champions,2009-12-01 12:18:00,2011-12-06 12:06:00,74279,735,995.177716535
15062,72,8,2585.62,3,4,4,344,11,Loyal Customers,2010-04-08 15:41:00,2011-09-29 16:51:00,1872,539,323.2025
15063,214,1,370.8,2,1,2,212,5,Hibernating,2011-05-10 13:25:00,2011-05-10 13:25:00,56,0,370.8
15064,411,4,1154.41,1,3,3,133,7,At Risk,2009-12-22 16:17:00,2010-10-25 14:32:00,808,307,288.6025
15065,38,5,3326.86,4,4,5,445,13,Champions,2010-10-25 09:13:00,2011-11-02 09:45:00,1446,373,665.372
15066,54,1,893.59,4,1,3,413,8,Promising,2011-10-17 13:25:00,2011-10-17 13:25:00,317,0,893.59
15067,79,5,3877.88,3,4,5,345,12,Loyal Customers,2010-04-11 15:54:00,2011-09-22 13:20:00,2163,529,775.576
15068,47,4,1176.85,4,3,3,433,10,Potential Loyalists,2010-03-28 13:18:00,2011-10-24 14:47:00,835,575,294.2125
15069,180,1,1109.53,3,1,3,313,7,Need Attention,2011-06-13 14:16:00,2011-06-13 14:16:00,520,0,1109.53
15070,373,3,737.05,2,3,3,233,8,At Risk,2009-12-15 13:49:00,2010-12-02 11:23:00,339,352,245.683333333
15071,94,4,1455.56,3,3,4,334,10,Promising,2010-05-18 12:45:00,2011-09-07 11:43:00,416,477,363.89
15072,480,1,187.52,1,1,1,111,3,Lost,2010-08-17 15:46:00,2010-08-17 15:46:00,164,0,187.52
15073,10,8,2788.02,5,4,4,544,13,Champions,2010-01-27 08:48:00,2011-11-30 10:44:00,1410,672,348.5025
15074,106,3,1566.33,3,3,4,334,10,Promising,2010-08-29 11:47:00,2011-08-26 14:45:00,1063,362,522.11
15075,78,1,773.03,3,1,3,313,7,Need Attention,2011-09-23 12:27:00,2011-09-23 12:27:00,447,0,773.03
15076,173,3,1447.74,3,3,4,334,10,Promising,2010-07-05 14:11:00,2011-06-20 08:23:00,866,350,482.58
15077,495,2,2428.08,1,2,4,124,7,Lost,2009-12-09 17:10:00,2010-08-02 11:13:00,528,236,1214.04
15078,8,52,17276.73,5,5,5,555,15,Champions,2009-12-04 12:03:00,2011-12-02 15:41:00,8776,728,332.244807692
15079,213,11,3625.4,2,5,5,255,12,At Risk,2009-12-08 11:22:00,2011-05-11 12:45:00,1459,519,329.581818182
15080,428,2,546.25,1,2,2,122,5,Lost,2010-07-26 10:03:00,2010-10-08 11:52:00,287,74,273.125
15081,23,12,1854.57,4,5,4,454,13,Champions,2010-06-22 10:25:00,2011-11-17 17:08:00,749,513,154.5475
15082,669,1,93.35,1,1,1,111,3,Lost,2010-02-09 10:23:00,2010-02-09 10:23:00,43,0,93.35
15083,257,1,88.2,2,1,1,211,4,Hibernating,2011-03-28 12:18:00,2011-03-28 12:18:00,38,0,88.2
15084,380,2,965.2,2,2,3,223,7,Hibernating,2010-03-04 10:45:00,2010-11-25 11:58:00,600,266,482.6
15085,730,1,347.54,1,1,2,112,4,Lost,2009-12-10 11:47:00,2009-12-10 11:47:00,169,0,347.54
15086,565,2,218.53,1,2,1,121,4,Lost,2010-03-24 13:56:00,2010-05-24 12:27:00,95,61,109.265
15087,282,1,306.94,2,1,2,212,5,Hibernating,2011-03-03 10:34:00,2011-03-03 10:34:00,470,0,306.94
15088,22,2,1160.07,4,2,3,423,9,Potential Loyalists,2011-10-03 14:05:00,2011-11-18 13:14:00,460,46,580.035
15089,11,6,2420.84,5,4,4,544,13,Champions,2011-08-03 14:14:00,2011-11-29 16:31:00,1359,118,403.473333333
15090,309,1,381.32,2,1,2,212,5,Hibernating,2011-02-04 14:03:00,2011-02-04 14:03:00,208,0,381.32
15091,68,3,1046.61,3,3,3,333,9,Promising,2010-02-03 11:46:00,2011-10-03 12:47:00,582,607,348.87
15092,216,3,776.46,2,3,3,233,8,At Risk,2010-09-03 12:33:00,2011-05-08 14:10:00,230,247,258.82
15093,19,23,13702.38,5,5,5,555,15,Champions,2009-12-08 12:46:00,2011-11-21 13:09:00,10778,713,595.755652174
15094,464,2,83,1,2,1,121,4,Lost,2010-03-05 12:56:00,2010-09-02 16:55:00,28,181,41.5
15095,104,10,3141.64,3,5,5,355,13,Loyal Customers,2010-01-21 09:37:00,2011-08-28 12:01:00,2233,584,314.164
15096,43,1,219.39,4,1,1,411,6,Promising,2011-10-28 10:27:00,2011-10-28 10:27:00,120,0,219.39
15097,5,3,908.35,5,3,3,533,11,Potential Loyalists,2010-05-05 14:22:00,2011-12-05 14:03:00,424,579,302.783333333
15098,183,3,39916.5,3,3,5,335,11,Promising,2011-06-10 15:22:00,2011-06-10 15:33:00,121,0,13305.5
15099,85,1,410.48,3,1,2,312,6,Need Attention,2011-09-16 13:13:00,2011-09-16 13:13:00,343,0,410.48
15100,334,7,2193.9,2,4,4,244,10,At Risk,2010-01-07 14:33:00,2011-01-10 10:35:00,270,368,313.414285714
15101,9,6,1477.94,5,4,4,544,13,Champions,2010-04-28 15:00:00,2011-12-01 10:18:00,676,582,246.323333333
15102,531,2,554.67,1,2,2,122,5,Lost,2010-06-11 10:16:00,2010-06-27 12:16:00,339,16,277.335
15103,32,2,703.36,4,2,3,423,9,Potential Loyalists,2011-09-14 13:54:00,2011-11-08 14:53:00,329,55,351.68
15104,197,2,1027.44,2,2,3,223,7,Hibernating,2011-03-02 14:16:00,2011-05-27 12:29:00,637,86,513.72
15105,19,9,3094.91,5,5,5,555,15,Champions,2010-03-23 12:18:00,2011-11-21 16:54:00,1747,608,343.878888889
15106,18,5,1422.52,5,4,4,544,13,Champions,2011-03-15 12:52:00,2011-11-22 09:16:00,1181,252,284.504
15107,312,9,824.35,2,5,3,253,10,At Risk,2010-09-14 10:47:00,2011-02-01 14:46:00,330,140,91.5944444444
15108,142,3,1159.25,3,3,3,333,9,Promising,2011-04-26 10:54:00,2011-07-21 10:24:00,490,86,386.416666667
15109,246,3,983.1,2,3,3,233,8,At Risk,2009-12-04 12:33:00,2011-04-08 09:58:00,258,490,327.7
15110,24,6,1505.85,4,4,4,444,12,Champions,2010-08-11 15:49:00,2011-11-16 11:16:00,337,462,250.975
15111,30,5,2442.37,4,4,4,444,12,Champions,2010-04-26 13:12:00,2011-11-10 16:58:00,1058,563,488.474
15112,612,1,209.4,1,1,1,111,3,Lost,2010-04-07 14:17:00,2010-04-07 14:17:00,72,0,209.4
15113,10,3,3608.94,5,3,5,535,13,Potential Loyalists,2011-10-16 15:27:00,2011-11-30 08:23:00,2385,45,1202.98
15114,31,12,3400.12,4,5,5,455,14,Champions,2010-10-14 16:44:00,2011-11-09 15:05:00,3532,391,283.343333333
15115,19,2,531.85,5,2,2,522,9,Potential Loyalists,2009-12-07 11:20:00,2011-11-21 14:59:00,245,714,265.925
15116,18,4,1352.75,5,3,4,534,12,Potential Loyalists,2011-05-19 08:50:00,2011-11-22 12:25:00,648,187,338.1875
15117,15,8,2485.97,5,4,4,544,13,Champions,2010-03-15 13:39:00,2011-11-25 08:12:00,3093,620,310.74625
15118,135,1,244.8,3,1,1,311,5,Need Attention,2011-07-28 14:54:00,2011-07-28 14:54:00,1440,0,244.8
15119,246,1,266.4,2,1,1,211,4,Hibernating,2011-04-08 09:08:00,2011-04-08 09:08:00,88,0,266.4
15120,134,1,358.82,3,1,2,312,6,Need Attention,2011-07-29 09:48:00,2011-07-29 09:48:00,296,0,358.82
15121,51,2,457.72,4,2,2,422,8,Potential Loyalists,2011-02-24 12:41:00,2011-10-20 14:51:00,199,238,228.86
15122,115,11,4497.47,3,5,5,355,13,Loyal Customers,2010-03-30 14:05:00,2011-08-17 16:48:00,2045,505,408.860909091
15123,8,5,4656.17,5,4,5,545,14,Champions,2010-03-16 09:49:00,2011-12-02 13:12:00,2524,626,931.234
15124,23,4,450.82,4,3,2,432,9,Potential Loyalists,2010-02-26 10:49:00,2011-11-17 10:09:00,462,629,112.705
15125,26,24,17024.87,4,5,5,455,14,Champions,2010-03-31 13:29:00,2011-11-14 13:57:00,8433,593,709.369583333
15126,537,2,449.49,1,2,2,122,5,Lost,2010-01-21 17:09:00,2010-06-21 12:31:00,273,151,224.745
15127,66,2,711.5,3,2,3,323,8,Promising,2010-07-08 10:07:00,2011-10-05 10:30:00,464,454,355.75
15128,61,5,1783.68,3,4,4,344,11,Loyal Customers,2010-10-05 16:46:00,2011-10-10 13:54:00,1583,370,356.736
15129,51,23,6860.18,4,5,5,455,14,Champions,2010-04-08 17:15:00,2011-10-20 14:40:00,4002,560,298.268695652
15130,170,1,330.11,3,1,2,312,6,Need Attention,2011-06-23 10:15:00,2011-06-23 10:15:00,197,0,330.11
15131,395,1,80.28,2,1,1,211,4,Hibernating,2010-11-10 12:07:00,2010-11-10 12:07:00,88,0,80.28
15132,19,5,977.93,5,4,3,543,12,Loyal Customers,2011-03-22 12:02:00,2011-11-21 17:10:00,679,244,195.586
15133,128,5,1806.9,3,4,4,344,11,Loyal Customers,2010-07-07 12:31:00,2011-08-04 10:44:00,960,393,361.38
15134,15,10,1596.29,5,5,4,554,14,Champions,2010-10-13 12:44:00,2011-11-25 08:55:00,1057,408,159.629
15135,240,2,305.68,2,2,2,222,6,Hibernating,2010-06-01 13:33:00,2011-04-14 19:16:00,84,317,152.84
15136,3,4,1286.7,5,3,4,534,12,Potential Loyalists,2011-09-04 16:05:00,2011-12-07 12:26:00,776,94,321.675
15137,521,2,823.4,1,2,3,123,6,Lost,2010-01-28 15:45:00,2010-07-07 09:41:00,596,160,411.7
15138,394,1,502.52,2,1,2,212,5,Hibernating,2010-11-11 09:16:00,2010-11-11 09:16:00,300,0,502.52
15139,240,2,178.96,2,2,1,221,5,Hibernating,2011-01-07 12:44:00,2011-04-14 11:39:00,208,97,89.48
15140,53,8,3243.69,4,4,5,445,13,Champions,2010-09-23 13:07:00,2011-10-18 14:07:00,2010,390,405.46125
15141,458,7,1388.47,1,4,4,144,9,At Risk,2010-03-28 15:58:00,2010-09-08 11:33:00,1197,164,198.352857143
15142,47,6,2619.92,4,4,4,444,12,Champions,2010-07-27 09:05:00,2011-10-24 12:51:00,2155,454,436.653333333
15143,226,2,563.63,2,2,2,222,6,Hibernating,2010-10-03 13:58:00,2011-04-28 12:03:00,320,207,281.815
15144,9,29,12160.31,5,5,5,555,15,Champions,2009-12-13 11:35:00,2011-12-01 15:12:00,5251,718,419.321034483
15145,5,4,1194.73,5,3,3,533,11,Potential Loyalists,2011-04-05 15:20:00,2011-12-05 17:21:00,756,244,298.6825
15146,165,2,1327.16,3,2,4,324,9,Promising,2011-02-21 13:07:00,2011-06-28 12:09:00,1473,127,663.58
15147,241,1,623.5,2,1,3,213,6,Hibernating,2011-04-13 15:57:00,2011-04-13 15:57:00,366,0,623.5
15148,11,1,301.29,5,1,2,512,8,New Customers,2011-11-29 08:21:00,2011-11-29 08:21:00,187,0,301.29
15149,134,4,1524.61,3,3,4,334,10,Promising,2010-02-28 11:13:00,2011-07-29 10:58:00,379,516,381.1525
15150,18,13,9001.08,5,5,5,555,15,Champions,2010-06-14 12:01:00,2011-11-22 12:52:00,6183,526,692.390769231
15151,424,2,2085.61,1,2,4,124,7,Lost,2010-07-18 12:19:00,2010-10-12 16:37:00,795,86,1042.805
15152,10,14,5263.83,5,5,5,555,15,Champions,2010-01-07 15:15:00,2011-11-30 12:32:00,2994,692,375.987857143
15153,32,1,329.25,4,1,2,412,7,Promising,2011-11-08 17:09:00,2011-11-08 17:09:00,198,0,329.25
15154,76,3,1388.41,3,3,4,334,10,Promising,2010-08-18 17:41:00,2011-09-25 16:05:00,349,403,462.803333333
15155,384,1,383.97,2,1,2,212,5,Hibernating,2010-11-21 12:59:00,2010-11-21 12:59:00,192,0,383.97
15156,2,3,961.49,5,3,3,533,11,Potential Loyalists,2011-11-06 12:41:00,2011-12-08 18:22:00,597,32,320.496666667
15157,4,5,2654.11,5,4,4,544,13,Champions,2009-12-10 14:44:00,2011-12-06 11:28:00,3466,726,530.822
15158,46,2,606.02,4,2,3,423,9,Potential Loyalists,2010-11-03 13:46:00,2011-10-25 13:53:00,219,356,303.01
15159,2,34,22116.73,5,5,5,555,15,Champions,2010-10-04 09:31:00,2011-12-08 12:05:00,13512,430,650.492058824
15160,358,4,589.27,2,3,2,232,7,At Risk,2010-10-14 15:26:00,2010-12-17 14:15:00,307,64,147.3175
15161,389,1,119.92,2,1,1,211,4,Hibernating,2010-11-16 16:08:00,2010-11-16 16:08:00,144,0,119.92
15162,732,1,312.9,1,1,2,112,4,Lost,2009-12-08 13:14:00,2009-12-08 13:14:00,74,0,312.9
15163,19,2,304.47,5,2,2,522,9,Potential Loyalists,2011-05-31 15:22:00,2011-11-21 13:10:00,186,174,152.235
15164,69,9,2068.92,3,5,4,354,12,Loyal Customers,2010-01-18 13:34:00,2011-10-02 12:05:00,931,622,229.88
15165,374,1,487.75,2,1,2,212,5,Hibernating,2010-12-01 14:03:00,2010-12-01 14:03:00,160,0,487.75
15166,468,1,167.16,1,1,1,111,3,Lost,2010-08-29 12:31:00,2010-08-29 12:31:00,140,0,167.16
15167,321,5,1659.67,2,4,4,244,10,At Risk,2010-02-04 14:13:00,2011-01-23 12:41:00,872,353,331.934
15168,26,1,106.56,4,1,1,411,6,Promising,2011-11-14 11:26:00,2011-11-14 11:26:00,52,0,106.56
15169,383,2,569.22,2,2,2,222,6,Hibernating,2009-12-13 11:16:00,2010-11-22 13:04:00,356,344,284.61
15170,407,1,81.15,2,1,1,211,4,Hibernating,2010-10-29 10:34:00,2010-10-29 10:34:00,33,0,81.15
15171,332,1,1289.5,2,1,4,214,7,Hibernating,2011-01-12 15:36:00,2011-01-12 15:36:00,290,0,1289.5
15172,9,5,1624.05,5,4,4,544,13,Champions,2011-04-17 11:56:00,2011-12-01 11:51:00,1611,228,324.81
15173,381,7,1494.6,2,4,4,244,10,At Risk,2010-04-01 12:26:00,2010-11-24 10:21:00,840,237,213.514285714
15174,323,2,481.46,2,2,2,222,6,Hibernating,2010-10-25 09:40:00,2011-01-21 09:06:00,382,88,240.73
15175,72,1,224.14,3,1,1,311,5,Need Attention,2011-09-29 11:31:00,2011-09-29 11:31:00,454,0,224.14
15176,668,1,988.04,1,1,3,113,5,Lost,2010-02-10 10:36:00,2010-02-10 10:36:00,448,0,988.04
15177,426,1,948.93,1,1,3,113,5,Lost,2010-10-10 12:48:00,2010-10-10 12:48:00,485,0,948.93
15178,261,1,40.5,2,1,1,211,4,Hibernating,2011-03-24 15:12:00,2011-03-24 15:12:00,30,0,40.5
15179,19,13,7491.92,5,5,5,555,15,Champions,2009-12-03 12:27:00,2011-11-21 12:53:00,5416,718,576.301538462
15180,368,3,816.93,2,3,3,233,8,At Risk,2010-04-29 15:27:00,2010-12-07 14:57:00,654,222,272.31
15181,67,5,1200.2,3,4,3,343,10,Loyal Customers,2009-12-08 19:02:00,2011-10-04 13:58:00,688,665,240.04
15182,155,11,2998.952,3,5,5,355,13,Loyal Customers,2010-02-21 12:03:00,2011-07-08 13:37:00,1186,502,272.632
15183,548,3,639.93,1,3,3,133,7,At Risk,2010-05-04 11:31:00,2010-06-10 10:43:00,297,37,213.31
15184,30,4,689.95,4,3,3,433,10,Potential Loyalists,2009-12-16 12:06:00,2011-11-10 13:41:00,486,694,172.4875
15185,71,1,310.62,3,1,2,312,6,Need Attention,2011-09-30 14:06:00,2011-09-30 14:06:00,666,0,310.62
15186,15,5,1403.2,5,4,4,544,13,Champions,2010-01-12 10:14:00,2011-11-25 14:58:00,716,682,280.64
15187,2,15,4762.18,5,5,5,555,15,Champions,2011-05-11 13:49:00,2011-12-08 11:56:00,1886,211,317.478666667
15188,726,1,310.43,1,1,2,112,4,Lost,2009-12-14 13:30:00,2009-12-14 13:30:00,233,0,310.43
15189,2,46,17524.38,5,5,5,555,15,Champions,2010-07-18 13:37:00,2011-12-08 13:22:00,6902,508,380.964782609
15190,435,1,834.44,1,1,3,113,5,Lost,2010-10-01 13:09:00,2010-10-01 13:09:00,790,0,834.44
15191,464,3,588.05,1,3,2,132,6,At Risk,2010-01-20 12:35:00,2010-09-02 15:37:00,287,225,196.016666667
15192,120,5,1666.39,3,4,4,344,11,Loyal Customers,2010-01-29 10:13:00,2011-08-12 11:41:00,1448,560,333.278
15193,61,1,499.32,3,1,2,312,6,Need Attention,2011-10-10 08:23:00,2011-10-10 08:23:00,144,0,499.32
15194,4,28,12021.53,5,5,5,555,15,Champions,2009-12-03 10:37:00,2011-12-06 15:10:00,8922,733,429.340357143
15195,3,1,3861,5,1,5,515,11,New Customers,2011-12-07 12:20:00,2011-12-07 12:20:00,1404,0,3861
15196,433,2,316.25,1,2,2,122,5,Lost,2009-12-13 11:14:00,2010-10-03 10:50:00,131,294,158.125
15197,11,6,1877.51,5,4,4,544,13,Champions,2009-12-11 12:56:00,2011-11-29 10:00:00,1058,718,312.918333333
15198,93,5,571.35,3,4,2,342,9,Loyal Customers,2010-01-19 10:01:00,2011-09-08 14:42:00,327,597,114.27
15199,60,10,3122.4,3,5,5,355,13,Loyal Customers,2010-05-13 10:14:00,2011-10-11 15:12:00,894,516,312.24
15200,495,1,549.05,1,1,2,112,4,Lost,2010-08-02 09:38:00,2010-08-02 09:38:00,195,0,549.05
15201,88,7,1842.95,3,4,4,344,11,Loyal Customers,2010-04-07 14:50:00,2011-09-13 14:53:00,1660,524,263.278571429
15203,26,15,4400.18,4,5,5,455,14,Champions,2009-12-08 18:06:00,2011-11-14 08:16:00,4182,706,293.345333333
15204,358,1,316.58,2,1,2,212,5,Hibernating,2010-12-17 13:49:00,2010-12-17 13:49:00,258,0,316.58
15205,86,2,653.24,3,2,3,323,8,Promising,2011-08-04 16:07:00,2011-09-15 19:36:00,378,42,326.62
15206,11,4,420.3,5,3,2,532,10,Potential Loyalists,2011-03-09 08:59:00,2011-11-29 13:41:00,162,265,105.075
15207,417,3,683.92,1,3,3,133,7,At Risk,2010-06-10 17:29:00,2010-10-19 13:29:00,428,131,227.973333333
15208,2,6,970.52,5,4,3,543,12,Loyal Customers,2010-10-12 12:17:00,2011-12-08 17:24:00,356,422,161.753333333
15209,731,1,178.98,1,1,1,111,3,Lost,2009-12-09 17:26:00,2009-12-09 17:26:00,94,0,178.98
15210,226,3,1176.19,2,3,3,233,8,At Risk,2010-05-13 14:42:00,2011-04-28 16:11:00,841,350,392.063333333
15211,61,2,894.41,3,2,3,323,8,Promising,2010-12-09 16:08:00,2011-10-10 13:31:00,240,305,447.205
15212,242,2,208.28,2,2,1,221,5,Hibernating,2010-11-28 10:45:00,2011-04-12 13:45:00,84,135,104.14
15213,319,2,328.35,2,2,2,222,6,Hibernating,2011-01-14 11:05:00,2011-01-25 12:21:00,272,11,164.175
15214,2,8,1661.44,5,4,4,544,13,Champions,2011-04-11 09:46:00,2011-12-08 12:07:00,1254,241,207.68
15215,47,7,2422.43,4,4,4,444,12,Champions,2010-04-06 11:21:00,2011-10-24 11:41:00,776,566,346.061428571
15216,88,2,486.09,3,2,2,322,7,Need Attention,2010-03-31 09:52:00,2011-09-13 11:41:00,217,531,243.045
15217,564,1,426.24,1,1,2,112,4,Lost,2010-05-25 13:51:00,2010-05-25 13:51:00,190,0,426.24
15218,11,22,11501.57,5,5,5,555,15,Champions,2010-01-26 11:33:00,2011-11-29 11:48:00,6541,672,522.798636364
15219,177,2,685.45,3,2,3,323,8,Promising,2010-03-01 11:33:00,2011-06-16 16:57:00,271,472,342.725
15220,52,6,1778.96,4,4,4,444,12,Champions,2011-03-04 10:24:00,2011-10-19 12:39:00,1393,229,296.493333333
15221,367,4,2062.2,2,3,4,234,9,At Risk,2010-03-12 10:40:00,2010-12-08 13:08:00,244,271,515.55
15222,319,11,3550.91,2,5,5,255,12,At Risk,2009-12-16 13:49:00,2011-01-25 08:03:00,4458,405,322.81
15223,226,5,1417.95,2,4,4,244,10,At Risk,2009-12-05 11:19:00,2011-04-28 11:31:00,385,509,283.59
15224,359,5,871.36,2,4,3,243,9,At Risk,2010-01-15 16:14:00,2010-12-16 15:02:00,443,335,174.272
15225,235,1,409.4,2,1,2,212,5,Hibernating,2011-04-19 14:51:00,2011-04-19 14:51:00,226,0,409.4
15226,311,1,154.41,2,1,1,211,4,Hibernating,2011-02-02 11:41:00,2011-02-02 11:41:00,71,0,154.41
15227,37,9,2488.49,4,5,4,454,13,Champions,2010-03-16 08:23:00,2011-11-03 11:59:00,1217,597,276.498888889
15228,67,6,5580.27,3,4,5,345,12,Loyal Customers,2010-07-28 10:21:00,2011-10-04 13:56:00,3375,433,930.045
15229,587,1,160.5,1,1,1,111,3,Lost,2010-05-02 13:50:00,2010-05-02 13:50:00,114,0,160.5
15230,240,2,429.6,2,2,2,222,6,Hibernating,2011-04-13 11:04:00,2011-04-14 14:39:00,351,1,214.8
15231,622,1,250.26,1,1,1,111,3,Lost,2010-03-28 15:12:00,2010-03-28 15:12:00,190,0,250.26
15232,114,2,612.06,3,2,3,323,8,Promising,2011-07-22 12:21:00,2011-08-18 16:27:00,686,27,306.03
15233,402,1,59.4,2,1,1,211,4,Hibernating,2010-11-03 13:36:00,2010-11-03 13:36:00,12,0,59.4
15234,277,1,197,2,1,1,211,4,Hibernating,2011-03-08 08:53:00,2011-03-08 08:53:00,196,0,197
15235,218,16,2772.76,2,5,4,254,11,At Risk,2010-11-16 12:48:00,2011-05-06 09:44:00,1676,171,173.2975
15236,299,1,321.05,2,1,2,212,5,Hibernating,2011-02-14 10:52:00,2011-02-14 10:52:00,269,0,321.05
15237,2,4,1412.32,5,3,4,534,12,Potential Loyalists,2011-04-26 15:04:00,2011-12-08 09:46:00,1071,226,353.08
15238,30,3,1071.99,4,3,3,433,10,Potential Loyalists,2011-06-08 16:00:00,2011-11-10 14:28:00,692,155,357.33
15239,11,2,780.59,5,2,3,523,10,Potential Loyalists,2011-09-22 09:53:00,2011-11-29 14:14:00,594,68,390.295
15240,45,12,4459.98,4,5,5,455,14,Champions,2009-12-05 14:57:00,2011-10-26 09:50:00,3214,690,371.665
15241,67,11,3050.16,3,5,5,355,13,Loyal Customers,2010-02-23 13:59:00,2011-10-04 09:05:00,3328,588,277.287272727
15242,423,1,302.04,1,1,2,112,4,Lost,2010-10-13 15:33:00,2010-10-13 15:33:00,196,0,302.04
15243,75,2,927.28,3,2,3,323,8,Promising,2010-09-30 17:28:00,2011-09-26 14:12:00,543,361,463.64
15244,66,3,912.08,3,3,3,333,9,Promising,2010-02-11 14:48:00,2011-10-05 13:19:00,472,601,304.026666667
15245,135,8,4610.84,3,4,5,345,12,Loyal Customers,2010-04-23 14:23:00,2011-07-28 18:56:00,3021,461,576.355
15246,239,3,780.4,2,3,3,233,8,At Risk,2010-06-02 11:28:00,2011-04-15 14:45:00,359,317,260.133333333
15247,123,3,976.06,3,3,3,333,9,Promising,2010-06-20 14:08:00,2011-08-09 12:52:00,514,415,325.353333333
15248,412,3,1893.93,1,3,4,134,8,At Risk,2010-06-23 14:34:00,2010-10-24 13:09:00,1065,123,631.31
15249,32,18,9266,4,5,5,455,14,Champions,2010-03-26 14:51:00,2011-11-08 11:45:00,4980,592,514.777777778
15250,641,1,60,1,1,1,111,3,Lost,2010-03-09 07:35:00,2010-03-09 07:35:00,48,0,60
15251,10,21,20324.54,5,5,5,555,15,Champions,2010-01-29 12:42:00,2011-11-30 15:02:00,12108,670,967.835238095
15252,37,5,2103.41,4,4,4,444,12,Champions,2010-04-07 10:24:00,2011-11-03 13:30:00,1430,575,420.682
15253,17,8,2055.09,5,4,4,544,13,Champions,2010-05-02 11:17:00,2011-11-23 16:22:00,1588,570,256.88625
15254,128,3,1088.35,3,3,3,333,9,Promising,2010-05-28 10:08:00,2011-08-04 15:04:00,711,433,362.783333333
15255,67,9,3729.42,3,5,5,355,13,Loyal Customers,2009-12-03 09:10:00,2011-10-04 12:43:00,2226,670,414.38
15256,149,2,170.4,3,2,1,321,6,Need Attention,2010-05-27 11:41:00,2011-07-14 11:47:00,92,413,85.2
15257,284,2,685.9,2,2,3,223,7,Hibernating,2010-10-21 14:03:00,2011-03-01 12:58:00,71,131,342.95
15258,169,2,623.16,3,2,3,323,8,Promising,2011-05-06 14:16:00,2011-06-24 12:30:00,142,49,311.58
15259,513,4,1182.38,1,3,3,133,7,At Risk,2010-01-26 09:41:00,2010-07-15 08:47:00,631,170,295.595
15260,101,25,8767.73,3,5,5,355,13,Loyal Customers,2009-12-06 11:45:00,2011-08-31 13:55:00,4468,633,350.7092
15261,136,4,1508,3,3,4,334,10,Promising,2010-10-01 11:59:00,2011-07-27 15:20:00,806,299,377
15262,324,3,418.82,2,3,2,232,7,At Risk,2010-08-08 15:55:00,2011-01-20 12:16:00,218,165,139.606666667
15263,107,1,156.51,3,1,1,311,5,Need Attention,2011-08-25 10:26:00,2011-08-25 10:26:00,89,0,156.51
15264,65,2,848.4,3,2,3,323,8,Promising,2010-06-27 13:29:00,2011-10-06 13:49:00,443,466,424.2
15265,152,4,3345.64,3,3,5,335,11,Promising,2009-12-01 17:08:00,2011-07-11 14:46:00,1570,587,836.41
15266,339,5,852.21,2,4,3,243,9,At Risk,2010-01-07 12:19:00,2011-01-05 13:40:00,236,363,170.442
15267,23,5,1717.36,4,4,4,444,12,Champions,2011-06-10 10:24:00,2011-11-17 15:59:00,944,160,343.472
15268,479,3,961.9,1,3,3,133,7,At Risk,2010-04-13 11:27:00,2010-08-18 10:33:00,428,127,320.633333333
15269,24,3,1225.36,4,3,4,434,11,Potential Loyalists,2010-11-14 12:58:00,2011-11-16 09:32:00,372,367,408.453333333
15270,16,21,8524.86,5,5,5,555,15,Champions,2009-12-17 15:02:00,2011-11-24 09:24:00,4010,707,405.945714286
15271,8,24,4597.79,5,5,5,555,15,Champions,2010-08-05 14:57:00,2011-12-02 14:11:00,2446,484,191.574583333
15272,58,6,2085.48,4,4,4,444,12,Champions,2010-02-14 13:39:00,2011-10-13 12:59:00,687,606,347.58
15273,600,1,228.96,1,1,1,111,3,Lost,2010-04-19 11:31:00,2010-04-19 11:31:00,216,0,228.96
15274,5,2,716.57,5,2,3,523,10,Potential Loyalists,2011-11-21 14:17:00,2011-12-05 16:57:00,619,14,358.285
15275,38,1,615.14,4,1,3,413,8,Promising,2011-11-02 11:20:00,2011-11-02 11:20:00,498,0,615.14
15276,67,4,649.53,3,3,3,333,9,Promising,2010-10-01 12:24:00,2011-10-04 16:39:00,331,368,162.3825
15277,47,2,476.34,4,2,2,422,8,Potential Loyalists,2010-10-10 16:02:00,2011-10-24 10:08:00,373,379,238.17
15278,562,4,496.16,1,3,2,132,6,At Risk,2010-02-12 14:53:00,2010-05-27 10:03:00,458,104,124.04
15279,355,5,1580.54,2,4,4,244,10,At Risk,2010-02-02 10:15:00,2010-12-20 10:48:00,802,321,316.108
15280,173,3,406.22,3,3,2,332,8,Need Attention,2010-05-17 14:17:00,2011-06-20 17:14:00,513,399,135.406666667
15281,59,16,8543.57,4,5,5,455,14,Champions,2010-10-08 12:14:00,2011-10-12 09:10:00,5233,369,533.973125
15282,571,1,348.59,1,1,2,112,4,Lost,2010-05-18 16:27:00,2010-05-18 16:27:00,395,0,348.59
15283,391,3,148.33,2,3,1,231,6,At Risk,2010-07-09 15:46:00,2010-11-14 14:54:00,27,128,49.4433333333
15284,501,1,24.75,1,1,1,111,3,Lost,2010-07-27 13:25:00,2010-07-27 13:25:00,5,0,24.75
15285,408,1,94.92,2,1,1,211,4,Hibernating,2010-10-28 09:46:00,2010-10-28 09:46:00,120,0,94.92
15286,50,1,240.55,4,1,1,411,6,Promising,2011-10-21 11:08:00,2011-10-21 11:08:00,55,0,240.55
15287,23,5,856.03,4,4,3,443,11,Loyal Customers,2009-12-02 12:13:00,2011-11-17 15:34:00,1010,715,171.206
15288,44,10,3708.63,4,5,5,455,14,Champions,2010-02-12 15:27:00,2011-10-27 16:58:00,1335,622,370.863
15289,30,5,1593.09,4,4,4,444,12,Champions,2010-03-28 11:45:00,2011-11-10 13:49:00,1627,592,318.618
15290,5,26,10496.28,5,5,5,555,15,Champions,2010-02-24 10:15:00,2011-12-05 11:39:00,6567,649,403.703076923
15291,26,39,13472.76,4,5,5,455,14,Champions,2009-12-03 11:09:00,2011-11-14 11:02:00,4904,711,345.455384615
15292,202,1,180.94,2,1,1,211,4,Hibernating,2011-05-22 15:00:00,2011-05-22 15:00:00,56,0,180.94
15293,666,1,247.5,1,1,1,111,3,Lost,2010-02-12 11:54:00,2010-02-12 11:54:00,178,0,247.5
15294,411,1,233.35,1,1,1,111,3,Lost,2010-10-25 11:45:00,2010-10-25 11:45:00,97,0,233.35
15295,655,1,217.24,1,1,1,111,3,Lost,2010-02-23 13:03:00,2010-02-23 13:03:00,151,0,217.24
15296,51,12,10342.83,4,5,5,455,14,Champions,2010-01-21 13:48:00,2011-10-20 11:47:00,5464,637,861.9025
15297,11,3,641.94,5,3,3,533,11,Potential Loyalists,2011-10-07 09:42:00,2011-11-29 16:32:00,292,53,213.98
15298,3,23,9061.77,5,5,5,555,15,Champions,2009-12-08 17:04:00,2011-12-07 17:17:00,6000,729,393.99
15299,68,9,5556.53,3,5,5,355,13,Loyal Customers,2010-01-12 11:34:00,2011-10-03 14:19:00,3355,629,617.392222222
15300,65,1,496.44,3,1,2,312,6,Need Attention,2011-10-06 17:08:00,2011-10-06 17:08:00,292,0,496.44
15301,51,17,6930.07,4,5,5,455,14,Champions,2010-09-15 15:41:00,2011-10-20 09:57:00,3787,400,407.651176471
15302,731,1,308,1,1,2,112,4,Lost,2009-12-09 13:11:00,2009-12-09 13:11:00,102,0,308
15303,291,3,1224.18,2,3,4,234,9,At Risk,2010-01-25 09:42:00,2011-02-22 13:59:00,514,393,408.06
15304,61,9,796.4,3,5,3,353,11,Loyal Customers,2010-10-14 10:24:00,2011-10-10 10:23:00,112,361,88.4888888889
15305,556,1,93.6,1,1,1,111,3,Lost,2010-06-02 13:50:00,2010-06-02 13:50:00,40,0,93.6
15306,65,9,3484.73,3,5,5,355,13,Loyal Customers,2010-02-18 17:12:00,2011-10-06 12:56:00,3074,595,387.192222222
15307,96,1,205.3,3,1,1,311,5,Need Attention,2011-09-05 11:38:00,2011-09-05 11:38:00,37,0,205.3
15308,275,1,310.47,2,1,2,212,5,Hibernating,2011-03-10 13:08:00,2011-03-10 13:08:00,175,0,310.47
15309,611,4,797.96,1,3,3,133,7,At Risk,2009-12-04 13:01:00,2010-04-08 11:11:00,440,125,199.49
15310,479,1,1634.64,1,1,4,114,6,Lost,2010-08-18 11:38:00,2010-08-18 11:38:00,1476,0,1634.64
15311,1,207,114852.09,5,5,5,555,15,Champions,2009-12-01 11:21:00,2011-12-09 12:00:00,69975,738,554.841014493
15312,76,12,2930.19,3,5,5,355,13,Loyal Customers,2009-12-16 09:23:00,2011-09-25 13:10:00,1693,648,244.1825
15313,111,1,52,3,1,1,311,5,Need Attention,2011-08-21 16:02:00,2011-08-21 16:02:00,25,0,52
15314,200,3,820.45,2,3,3,233,8,At Risk,2010-10-07 15:41:00,2011-05-24 14:39:00,750,229,273.483333333
15315,65,2,570.5,3,2,2,322,7,Need Attention,2011-08-15 15:17:00,2011-10-06 12:51:00,862,52,285.25
15316,327,1,165,2,1,1,211,4,Hibernating,2011-01-17 11:34:00,2011-01-17 11:34:00,100,0,165
15317,678,1,129.75,1,1,1,111,3,Lost,2010-01-31 15:55:00,2010-01-31 15:55:00,45,0,129.75
15318,4,1,312.62,5,1,2,512,8,New Customers,2011-12-06 11:30:00,2011-12-06 11:30:00,642,0,312.62
15319,284,1,204.5,2,1,1,211,4,Hibernating,2011-03-01 12:48:00,2011-03-01 12:48:00,175,0,204.5
15320,45,1,267.13,4,1,1,411,6,Promising,2011-10-26 13:27:00,2011-10-26 13:27:00,326,0,267.13
15321,71,12,6709.73,3,5,5,355,13,Loyal Customers,2010-02-03 09:47:00,2011-09-30 09:40:00,3653,604,559.144166667
15322,86,2,1390.86,3,2,4,324,9,Promising,2010-08-20 13:10:00,2011-09-15 09:34:00,971,391,695.43
15323,563,3,434.6,1,3,2,132,6,At Risk,2010-02-16 09:21:00,2010-05-26 10:01:00,188,99,144.866666667
15324,702,1,140.22,1,1,1,111,3,Lost,2010-01-07 14:37:00,2010-01-07 14:37:00,74,0,140.22
15325,104,8,1602.01,3,4,4,344,11,Loyal Customers,2010-02-16 13:30:00,2011-08-28 11:55:00,1383,558,200.25125
15326,334,5,1700.52,2,4,4,244,10,At Risk,2009-12-01 13:19:00,2011-01-10 11:38:00,1351,405,340.104
15327,53,1,208.75,4,1,1,411,6,Promising,2011-10-18 11:55:00,2011-10-18 11:55:00,116,0,208.75
15328,408,1,107.24,2,1,1,211,4,Hibernating,2010-10-28 09:05:00,2010-10-28 09:05:00,88,0,107.24
15329,40,11,2984.33,4,5,5,455,14,Champions,2009-12-14 12:18:00,2011-10-31 15:36:00,1219,686,271.302727273
15330,33,2,714.96,4,2,3,423,9,Potential Loyalists,2011-10-10 12:30:00,2011-11-07 17:50:00,1312,28,357.48
15331,500,3,767.91,1,3,3,133,7,At Risk,2010-04-09 14:26:00,2010-07-28 09:42:00,701,110,255.97
15332,367,6,4892.68,2,4,5,245,11,At Risk,2010-07-14 13:01:00,2010-12-08 14:43:00,2306,147,815.446666667
15333,209,1,1028.56,2,1,3,213,6,Hibernating,2011-05-15 13:27:00,2011-05-15 13:27:00,344,0,1028.56
15334,157,3,348.72,3,3,2,332,8,Need Attention,2011-06-19 13:51:00,2011-07-06 11:22:00,273,17,116.24
15335,54,1,173.97,4,1,1,411,6,Promising,2011-10-17 12:50:00,2011-10-17 12:50:00,80,0,173.97
15336,402,1,240.5,2,1,1,211,4,Hibernating,2010-11-03 12:39:00,2010-11-03 12:39:00,84,0,240.5
15337,412,1,373.02,1,1,2,112,4,Lost,2010-10-24 15:29:00,2010-10-24 15:29:00,200,0,373.02
15338,678,1,283.43,1,1,1,111,3,Lost,2010-01-31 14:25:00,2010-01-31 14:25:00,150,0,283.43
15339,67,7,1827.84,3,4,4,344,11,Loyal Customers,2010-02-08 13:38:00,2011-10-04 12:51:00,1143,603,261.12
15340,562,1,105.5,1,1,1,111,3,Lost,2010-05-27 10:27:00,2010-05-27 10:27:00,76,0,105.5
15341,81,2,2402.72,3,2,4,324,9,Promising,2010-09-16 16:41:00,2011-09-20 09:40:00,1008,369,1201.36
15342,130,1,406.09,3,1,2,312,6,Need Attention,2011-08-02 10:19:00,2011-08-02 10:19:00,283,0,406.09
15343,88,1,364.5,3,1,2,312,6,Need Attention,2011-09-13 13:55:00,2011-09-13 13:55:00,84,0,364.5
15344,1,3,563.94,5,3,2,532,10,Potential Loyalists,2011-09-26 14:48:00,2011-12-09 10:45:00,116,74,187.98
15345,46,1,393.54,4,1,2,412,7,Promising,2011-10-25 11:28:00,2011-10-25 11:28:00,81,0,393.54
15346,333,3,596.12,2,3,2,232,7,At Risk,2010-10-04 15:11:00,2011-01-11 11:18:00,260,99,198.706666667
15347,367,4,1162,2,3,3,233,8,At Risk,2010-09-28 12:50:00,2010-12-08 15:25:00,542,71,290.5
15348,73,1,158.04,3,1,1,311,5,Need Attention,2011-09-28 13:17:00,2011-09-28 13:17:00,84,0,158.04
15349,159,2,473.81,3,2,2,322,7,Need Attention,2011-06-05 15:46:00,2011-07-04 16:06:00,327,29,236.905
15350,374,2,547.6,2,2,2,222,6,Hibernating,2010-11-21 15:14:00,2010-12-01 13:33:00,272,10,273.8
15351,13,10,3463.62,5,5,5,555,15,Champions,2010-10-03 12:18:00,2011-11-27 12:52:00,1362,420,346.362
15352,549,1,114.95,1,1,1,111,3,Lost,2010-06-09 11:28:00,2010-06-09 11:28:00,43,0,114.95
15353,255,7,2864.3,2,4,4,244,10,At Risk,2009-12-02 11:33:00,2011-03-30 12:15:00,1420,483,409.185714286
15355,30,2,277.05,4,2,1,421,7,Potential Loyalists,2011-10-17 15:22:00,2011-11-10 13:44:00,45,24,138.525
15356,32,13,3314.73,4,5,5,455,14,Champions,2010-10-13 13:12:00,2011-11-08 13:11:00,1935,391,254.979230769
15358,5,42,16425.86,5,5,5,555,15,Champions,2009-12-07 12:19:00,2011-12-05 09:04:00,14902,728,391.091904762
15359,663,8,181.35,1,4,1,141,6,At Risk,2010-01-15 11:30:00,2010-02-15 10:47:00,145,31,22.66875
15360,40,1,427.93,4,1,2,412,7,Promising,2011-10-31 09:35:00,2011-10-31 09:35:00,223,0,427.93
15361,362,4,689.07,2,3,3,233,8,At Risk,2010-06-14 13:27:00,2010-12-13 09:52:00,373,182,172.2675
15362,449,2,613.08,1,2,3,123,6,Lost,2009-12-01 09:08:00,2010-09-17 10:37:00,368,290,306.54
15363,373,2,678.11,2,2,3,223,7,Hibernating,2010-08-04 08:41:00,2010-12-02 12:28:00,383,120,339.055
15364,96,2,913.19,3,2,3,323,8,Promising,2011-03-30 13:39:00,2011-09-05 09:46:00,493,159,456.595
15365,26,13,4557.13,4,5,5,455,14,Champions,2010-02-04 16:43:00,2011-11-14 08:29:00,2131,648,350.548461538
15366,76,7,2389.08,3,4,4,344,11,Loyal Customers,2010-02-26 10:10:00,2011-09-25 15:01:00,2447,576,341.297142857
15367,58,11,5081.33,4,5,5,455,14,Champions,2009-12-10 14:20:00,2011-10-13 14:13:00,2944,672,461.939090909
15368,22,2,722.74,4,2,3,423,9,Potential Loyalists,2010-11-10 15:52:00,2011-11-18 14:42:00,406,373,361.37
15369,493,11,6251.26,1,5,5,155,11,At Risk,2009-12-08 07:43:00,2010-08-04 13:54:00,3288,239,568.296363636
15370,41,8,3739.01,4,4,5,445,13,Champions,2010-10-25 12:08:00,2011-10-30 10:58:00,1397,370,467.37625
15371,663,1,59.4,1,1,1,111,3,Lost,2010-02-15 13:14:00,2010-02-15 13:14:00,12,0,59.4
15372,138,8,6017.06,3,4,5,345,12,Loyal Customers,2010-02-14 11:24:00,2011-07-25 16:39:00,6410,526,752.1325
15373,9,17,3087.09,5,5,5,555,15,Champions,2010-05-02 11:57:00,2011-12-01 15:05:00,727,578,181.593529412
15374,129,2,307.32,3,2,2,322,7,Need Attention,2010-03-25 12:03:00,2011-08-03 09:59:00,290,496,153.66
15375,691,1,60.96,1,1,1,111,3,Lost,2010-01-18 15:38:00,2010-01-18 15:38:00,84,0,60.96
15376,41,3,1233.36,4,3,4,434,11,Potential Loyalists,2011-05-01 13:45:00,2011-10-30 15:04:00,619,182,411.12
15377,383,4,1211.75,2,3,3,233,8,At Risk,2010-10-20 11:42:00,2010-11-22 08:55:00,253,33,302.9375
15378,463,2,246.5,1,2,1,121,4,Lost,2010-07-26 08:47:00,2010-09-03 11:30:00,130,39,123.25
15379,170,8,4877.84,3,4,5,345,12,Loyal Customers,2010-11-04 11:59:00,2011-06-23 13:13:00,3000,231,609.73
15380,9,11,3248.96,5,5,5,555,15,Champions,2009-12-01 13:50:00,2011-12-01 12:13:00,954,730,295.36
15381,214,5,1890.57,2,4,4,244,10,At Risk,2010-05-05 14:35:00,2011-05-10 11:55:00,802,370,378.114
15382,15,12,13733.55,5,5,5,555,15,Champions,2009-12-04 14:13:00,2011-11-25 10:58:00,9178,721,1144.4625
15384,170,4,2027.79,3,3,4,334,10,Promising,2010-04-26 12:38:00,2011-06-23 10:57:00,1767,423,506.9475
15385,41,3,942.08,4,3,3,433,10,Potential Loyalists,2010-01-31 13:02:00,2011-10-30 15:11:00,428,637,314.026666667
15386,187,1,394.14,3,1,2,312,6,Need Attention,2011-06-06 13:47:00,2011-06-06 13:47:00,446,0,394.14
15387,493,1,468.65,1,1,2,112,4,Lost,2010-08-04 16:05:00,2010-08-04 16:05:00,335,0,468.65
15388,271,1,140.54,2,1,1,211,4,Hibernating,2011-03-14 13:53:00,2011-03-14 13:53:00,88,0,140.54
15389,173,5,2733.8,3,4,4,344,11,Loyal Customers,2010-01-27 12:44:00,2011-06-20 16:18:00,3940,509,546.76
15390,397,2,1216.66,2,2,4,224,8,Hibernating,2010-10-26 17:23:00,2010-11-08 15:19:00,894,13,608.33
15391,585,1,289.87,1,1,2,112,4,Lost,2010-05-04 15:04:00,2010-05-04 15:04:00,109,0,289.87
15392,5,7,2911.62,5,4,5,545,14,Champions,2010-10-04 12:50:00,2011-12-05 11:01:00,2144,427,415.945714286
15393,17,5,891.34,5,4,3,543,12,Loyal Customers,2009-12-15 17:56:00,2011-11-23 16:48:00,378,708,178.268
15394,10,11,5286.8,5,5,5,555,15,Champions,2009-12-15 19:05:00,2011-11-30 11:49:00,2372,715,480.618181818
15395,326,1,107.45,2,1,1,211,4,Hibernating,2011-01-18 12:40:00,2011-01-18 12:40:00,17,0,107.45
15396,113,2,796.38,3,2,3,323,8,Promising,2010-05-05 09:04:00,2011-08-19 10:56:00,278,471,398.19
15397,290,1,94,2,1,1,211,4,Hibernating,2011-02-23 09:25:00,2011-02-23 09:25:00,20,0,94
15398,17,2,1345.53,5,2,4,524,11,Potential Loyalists,2011-09-22 14:56:00,2011-11-23 16:47:00,769,62,672.765
15399,2,3,815.77,5,3,3,533,11,Potential Loyalists,2011-09-21 15:57:00,2011-12-08 13:04:00,611,78,271.923333333
15400,93,8,1302.3,3,4,4,344,11,Loyal Customers,2010-05-28 08:33:00,2011-09-08 13:57:00,662,468,162.7875
15401,453,2,216.95,1,2,1,121,4,Lost,2010-05-20 10:56:00,2010-09-13 13:42:00,93,116,108.475
15402,149,6,1830.12,3,4,4,344,11,Loyal Customers,2010-04-27 12:12:00,2011-07-14 12:17:00,2033,443,305.02
15403,492,2,170.88,1,2,1,121,4,Lost,2009-12-09 12:45:00,2010-08-05 12:21:00,492,239,85.44
15404,376,1,257.06,2,1,1,211,4,Hibernating,2010-11-29 11:03:00,2010-11-29 11:03:00,334,0,257.06
15405,190,2,659.84,2,2,3,223,7,Hibernating,2010-05-12 15:56:00,2011-06-03 14:44:00,348,387,329.92
15406,32,4,975.87,4,3,3,433,10,Potential Loyalists,2010-09-12 13:06:00,2011-11-08 13:22:00,547,422,243.9675
15407,34,4,1056.44,4,3,3,433,10,Potential Loyalists,2011-02-07 13:18:00,2011-11-06 11:55:00,558,272,264.11
15408,265,1,267.18,2,1,1,211,4,Hibernating,2011-03-20 15:02:00,2011-03-20 15:02:00,106,0,267.18
15409,722,1,131.25,1,1,1,111,3,Lost,2009-12-18 15:35:00,2009-12-18 15:35:00,59,0,131.25
15410,85,10,4685.72,3,5,5,355,13,Loyal Customers,2010-04-19 08:57:00,2011-09-16 14:47:00,1902,515,468.572
15411,27,4,1358.88,4,3,4,434,11,Potential Loyalists,2011-06-10 12:30:00,2011-11-13 15:19:00,530,156,339.72
15412,172,1,190.53,3,1,1,311,5,Need Attention,2011-06-21 15:24:00,2011-06-21 15:24:00,108,0,190.53
15413,692,5,6798.72,1,4,5,145,10,At Risk,2009-12-01 10:18:00,2010-01-17 11:33:00,2694,47,1359.744
15414,10,3,774.9,5,3,3,533,11,Potential Loyalists,2011-04-11 13:45:00,2011-11-30 09:50:00,443,233,258.3
15415,314,1,572.81,2,1,2,212,5,Hibernating,2011-01-30 14:13:00,2011-01-30 14:13:00,575,0,572.81
15416,65,7,4572.82,3,4,5,345,12,Loyal Customers,2010-02-01 11:55:00,2011-10-06 09:38:00,2420,612,653.26
15417,86,1,508.8,3,1,2,312,6,Need Attention,2011-09-15 15:26:00,2011-09-15 15:26:00,284,0,508.8
15418,426,2,452.32,1,2,2,122,5,Lost,2010-05-02 11:31:00,2010-10-10 13:38:00,266,161,226.16
15419,25,1,135.86,4,1,1,411,6,Promising,2011-11-15 09:23:00,2011-11-15 09:23:00,230,0,135.86
15420,435,6,743,1,4,3,143,8,At Risk,2009-12-05 13:29:00,2010-10-01 15:46:00,844,300,123.833333333
15421,59,10,3805.34,4,5,5,455,14,Champions,2009-12-07 15:10:00,2011-10-12 09:20:00,1927,674,380.534
15422,324,7,1619.97,2,4,4,244,10,At Risk,2010-02-07 11:52:00,2011-01-20 16:17:00,710,347,231.424285714
15423,39,3,266.89,4,3,1,431,8,Potential Loyalists,2010-03-28 13:42:00,2011-11-01 14:01:00,198,583,88.9633333333
15424,255,3,597.78,2,3,2,232,7,At Risk,2010-09-02 17:17:00,2011-03-30 13:02:00,873,209,199.26
15425,401,4,1944.57,2,3,4,234,9,At Risk,2010-02-14 12:36:00,2010-11-04 18:13:00,1042,263,486.1425
15426,20,9,2203.97,5,5,4,554,14,Champions,2010-05-02 15:10:00,2011-11-20 15:36:00,1061,567,244.885555556
15427,34,3,1483.14,4,3,4,434,11,Potential Loyalists,2011-10-23 14:47:00,2011-11-06 14:29:00,1013,14,494.38
15428,16,4,762.75,5,3,3,533,11,Potential Loyalists,2009-12-17 17:46:00,2011-11-24 16:54:00,347,707,190.6875
15429,27,2,397.35,4,2,2,422,8,Potential Loyalists,2011-09-25 13:42:00,2011-11-13 12:28:00,380,49,198.675
15430,468,2,954.75,1,2,3,123,6,Lost,2010-06-29 15:04:00,2010-08-29 10:42:00,309,61,477.375
15431,503,1,153.24,1,1,1,111,3,Lost,2010-07-25 12:44:00,2010-07-25 12:44:00,84,0,153.24
15432,24,2,320.76,4,2,2,422,8,Potential Loyalists,2010-06-16 14:34:00,2011-11-16 16:30:00,92,518,160.38
15433,214,2,533.3,2,2,2,222,6,Hibernating,2011-03-17 14:12:00,2011-05-10 10:45:00,534,54,266.65
15434,9,11,2567.06,5,5,4,554,14,Champions,2010-01-24 15:35:00,2011-12-01 13:33:00,1423,676,233.369090909
15435,23,1,149.29,4,1,1,411,6,Promising,2011-11-17 16:39:00,2011-11-17 16:39:00,54,0,149.29
15436,13,3,1122.53,5,3,3,533,11,Potential Loyalists,2011-04-19 16:52:00,2011-11-27 16:05:00,613,222,374.176666667
15437,263,2,393.45,2,2,2,222,6,Hibernating,2010-03-09 10:45:00,2011-03-22 13:11:00,177,378,196.725
15438,132,1,156.58,3,1,1,311,5,Need Attention,2011-07-31 14:19:00,2011-07-31 14:19:00,59,0,156.58
15439,405,4,1269.05,2,3,4,234,9,At Risk,2010-02-24 12:05:00,2010-10-31 10:38:00,572,249,317.2625
15440,55,3,383.68,4,3,2,432,9,Potential Loyalists,2011-05-15 11:30:00,2011-10-16 12:16:00,197,154,127.893333333
15441,397,3,1254.21,2,3,4,234,9,At Risk,2009-12-09 14:55:00,2010-11-08 15:50:00,587,334,418.07
15442,249,1,594,2,1,2,212,5,Hibernating,2011-04-05 12:24:00,2011-04-05 12:24:00,120,0,594
15443,2,14,5175.93,5,5,5,555,15,Champions,2010-03-07 12:10:00,2011-12-08 10:40:00,2735,641,369.709285714
15444,10,2,1418.26,5,2,4,524,11,Potential Loyalists,2011-10-30 16:12:00,2011-11-30 17:37:00,764,31,709.13
15445,265,2,284.5,2,2,1,221,5,Hibernating,2010-04-28 15:00:00,2011-03-20 15:06:00,118,326,142.25
15446,377,3,403.95,2,3,2,232,7,At Risk,2009-12-13 13:53:00,2010-11-28 11:59:00,264,350,134.65
15447,331,5,492.88,2,4,2,242,8,At Risk,2010-03-24 14:40:00,2011-01-13 11:26:00,228,295,98.576
15448,313,2,788.81,2,2,3,223,7,Hibernating,2010-02-03 13:29:00,2011-01-31 10:42:00,487,362,394.405
15449,27,3,974.52,4,3,3,433,10,Potential Loyalists,2011-03-23 10:43:00,2011-11-13 15:02:00,812,235,324.84
15450,31,1,429.84,4,1,2,412,7,Promising,2011-11-09 17:11:00,2011-11-09 17:11:00,376,0,429.84
15451,435,2,233.21,1,2,1,121,4,Lost,2010-04-19 14:08:00,2010-10-01 13:40:00,79,165,116.605
15452,30,6,1799.11,4,4,4,444,12,Champions,2010-07-16 14:23:00,2011-11-10 12:13:00,1091,482,299.851666667
15453,2,7,1388.37,5,4,4,544,13,Champions,2011-06-05 12:37:00,2011-12-08 10:59:00,845,186,198.338571429
15454,363,2,305.59,2,2,2,222,6,Hibernating,2010-03-31 13:15:00,2010-12-12 14:21:00,143,256,152.795
15455,598,1,38.25,1,1,1,111,3,Lost,2010-04-21 12:43:00,2010-04-21 12:43:00,3,0,38.25
15456,284,10,2119.27,2,5,4,254,11,At Risk,2009-12-08 12:54:00,2011-03-01 13:51:00,2826,448,211.927
15457,263,1,237.07,2,1,1,211,4,Hibernating,2011-03-22 15:31:00,2011-03-22 15:31:00,132,0,237.07
15458,26,2,370.44,4,2,2,422,8,Potential Loyalists,2010-11-02 19:50:00,2011-11-14 13:08:00,300,377,185.22
15459,418,2,202.83,1,2,1,121,4,Lost,2010-07-30 14:31:00,2010-10-18 15:25:00,121,80,101.415
15460,355,1,216.76,2,1,1,211,4,Hibernating,2010-12-20 16:08:00,2010-12-20 16:08:00,109,0,216.76
15461,461,2,429.7,1,2,2,122,5,Lost,2010-03-18 12:40:00,2010-09-05 12:31:00,230,171,214.85
15462,95,4,737.05,3,3,3,333,9,Promising,2010-09-20 10:23:00,2011-09-06 13:11:00,495,351,184.2625
15463,30,1,126.14,4,1,1,411,6,Promising,2011-11-10 12:57:00,2011-11-10 12:57:00,106,0,126.14
15464,339,1,1048.85,2,1,3,213,6,Hibernating,2011-01-05 15:56:00,2011-01-05 15:56:00,350,0,1048.85
15465,20,32,12119.9,5,5,5,555,15,Champions,2009-12-10 09:42:00,2011-11-20 10:11:00,2644,710,378.746875
15466,86,4,1571.01,3,3,4,334,10,Promising,2009-12-03 12:28:00,2011-09-15 14:08:00,944,651,392.7525
15467,10,3,524.88,5,3,2,532,10,Potential Loyalists,2011-07-10 14:42:00,2011-11-30 14:17:00,310,143,174.96
15468,52,3,1430.48,4,3,4,434,11,Potential Loyalists,2010-11-12 09:39:00,2011-10-19 13:49:00,1400,341,476.826666667
15469,51,3,874.25,4,3,3,433,10,Potential Loyalists,2010-09-27 10:09:00,2011-10-20 16:21:00,287,388,291.416666667
15470,576,1,63.42,1,1,1,111,3,Lost,2010-05-13 09:35:00,2010-05-13 09:35:00,232,0,63.42
15471,3,3,1316.56,5,3,4,534,12,Potential Loyalists,2010-06-07 12:17:00,2011-12-07 14:12:00,683,548,438.853333333
15472,114,1,371.56,3,1,2,312,6,Need Attention,2011-08-18 15:17:00,2011-08-18 15:17:00,251,0,371.56
15473,15,8,2046,5,4,4,544,13,Champions,2010-09-21 09:14:00,2011-11-25 15:15:00,776,430,255.75
15474,596,1,163.1,1,1,1,111,3,Lost,2010-04-23 11:14:00,2010-04-23 11:14:00,56,0,163.1
15475,78,1,454.11,3,1,2,312,6,Need Attention,2011-09-23 15:20:00,2011-09-23 15:20:00,319,0,454.11
15476,381,4,2209.98,2,3,4,234,9,At Risk,2010-09-23 14:00:00,2010-11-24 15:17:00,1174,62,552.495
15477,650,1,368.4,1,1,2,112,4,Lost,2010-02-28 10:37:00,2010-02-28 10:37:00,216,0,368.4
15478,41,3,1982.48,4,3,4,434,11,Potential Loyalists,2010-05-13 18:49:00,2011-10-30 14:19:00,854,535,660.826666667
15479,734,1,147.4,1,1,1,111,3,Lost,2009-12-06 15:08:00,2009-12-06 15:08:00,38,0,147.4
15480,117,3,3592.25,3,3,5,335,11,Promising,2010-02-01 14:52:00,2011-08-15 14:32:00,1850,560,1197.41666667
15481,402,1,1993.34,2,1,4,214,7,Hibernating,2010-11-03 14:52:00,2010-11-03 14:52:00,1450,0,1993.34
15482,16,18,14552.56,5,5,5,555,15,Champions,2009-12-02 16:59:00,2011-11-24 10:46:00,6531,722,808.475555556
15483,162,10,855.06,3,5,3,353,11,Loyal Customers,2010-01-24 15:42:00,2011-07-01 13:07:00,910,523,85.506
15484,2,6,4656,5,4,5,545,14,Champions,2009-12-05 15:18:00,2011-12-08 15:03:00,4076,733,776
15485,31,7,4821.42,4,4,5,445,13,Champions,2009-12-01 17:31:00,2011-11-09 14:31:00,2178,708,688.774285714
15486,528,1,102,1,1,1,111,3,Lost,2010-06-30 13:15:00,2010-06-30 13:15:00,40,0,102
15487,680,1,231.32,1,1,1,111,3,Lost,2010-01-29 12:07:00,2010-01-29 12:07:00,144,0,231.32
15488,93,5,431.92,3,4,2,342,9,Loyal Customers,2010-05-05 13:03:00,2011-09-08 10:11:00,251,491,86.384
15489,23,8,2419.61,4,4,4,444,12,Champions,2010-01-15 16:58:00,2011-11-17 08:53:00,1264,671,302.45125
15490,431,1,217.6,1,1,1,111,3,Lost,2010-10-05 13:11:00,2010-10-05 13:11:00,85,0,217.6
15491,96,6,3100.09,3,4,5,345,12,Loyal Customers,2011-04-18 10:04:00,2011-09-05 15:56:00,1646,140,516.681666667
15492,29,2,659.46,4,2,3,423,9,Potential Loyalists,2011-09-26 14:02:00,2011-11-11 14:53:00,483,46,329.73
15493,33,9,4306.49,4,5,5,455,14,Champions,2010-02-23 11:14:00,2011-11-07 12:04:00,1259,622,478.498888889
15494,22,5,3780.05,4,4,5,445,13,Champions,2009-12-10 20:16:00,2011-11-18 14:51:00,3097,708,756.01
15495,380,1,246.5,2,1,1,211,4,Hibernating,2010-11-25 13:46:00,2010-11-25 13:46:00,194,0,246.5
15496,632,1,146.14,1,1,1,111,3,Lost,2010-03-18 13:16:00,2010-03-18 13:16:00,98,0,146.14
15497,18,9,8657.39,5,5,5,555,15,Champions,2009-12-18 15:08:00,2011-11-22 11:51:00,2937,704,961.932222222
15498,3,44,25062.86,5,5,5,555,15,Champions,2009-12-16 17:27:00,2011-12-07 12:48:00,12158,721,569.610454545
15499,724,1,161.6,1,1,1,111,3,Lost,2009-12-16 12:17:00,2009-12-16 12:17:00,60,0,161.6
15500,9,4,1131.56,5,3,3,533,11,Potential Loyalists,2011-09-19 13:47:00,2011-12-01 13:47:00,572,73,282.89
15501,405,2,402.5,2,2,2,222,6,Hibernating,2010-10-20 12:47:00,2010-10-31 11:15:00,206,11,201.25
15502,16,12,9603.12,5,5,5,555,15,Champions,2010-06-03 11:12:00,2011-11-24 12:48:00,5567,539,800.26
15503,363,2,267.15,2,2,1,221,5,Hibernating,2009-12-13 11:34:00,2010-12-12 10:57:00,136,364,133.575
15504,82,4,412.6,3,3,2,332,8,Need Attention,2010-02-12 12:34:00,2011-09-19 13:45:00,145,584,103.15
15505,53,5,3610.96,4,4,5,445,13,Champions,2011-07-07 13:33:00,2011-10-18 07:56:00,2390,103,722.192
15506,23,6,2040.03,4,4,4,444,12,Champions,2010-08-19 12:38:00,2011-11-17 12:11:00,1647,455,340.005
15507,172,1,492.36,3,1,2,312,6,Need Attention,2011-06-21 11:19:00,2011-06-21 11:19:00,162,0,492.36
15508,190,6,1000.27,2,4,3,243,9,At Risk,2011-04-18 15:31:00,2011-06-03 15:43:00,440,46,166.711666667
15509,381,1,166.51,2,1,1,211,4,Hibernating,2010-11-24 14:48:00,2010-11-24 14:48:00,72,0,166.51
15510,331,1,250,2,1,1,211,4,Hibernating,2011-01-13 12:10:00,2011-01-13 12:10:00,2,0,250
15511,12,5,909.23,5,4,3,543,12,Loyal Customers,2011-09-15 15:05:00,2011-11-28 09:43:00,271,74,181.846
15512,156,4,331.58,3,3,2,332,8,Need Attention,2010-02-01 13:23:00,2011-07-07 10:20:00,235,521,82.895
15513,34,35,26437.05,4,5,5,455,14,Champions,2010-01-13 14:59:00,2011-11-06 14:36:00,10477,662,755.344285714
15514,13,18,6594.77,5,5,5,555,15,Champions,2009-12-04 16:37:00,2011-11-27 14:40:00,4228,723,366.376111111
15515,388,1,171.81,2,1,1,211,4,Hibernating,2010-11-17 13:39:00,2010-11-17 13:39:00,131,0,171.81
15516,45,3,62.43,4,3,1,431,8,Potential Loyalists,2011-10-24 11:33:00,2011-10-26 10:51:00,27,2,20.81
15517,234,1,267.03,2,1,1,211,4,Hibernating,2011-04-20 14:02:00,2011-04-20 14:02:00,293,0,267.03
15518,65,15,4218.94,3,5,5,355,13,Loyal Customers,2009-12-20 12:21:00,2011-10-06 13:05:00,2823,655,281.262666667
15519,384,2,344.61,2,2,2,222,6,Hibernating,2010-09-19 13:57:00,2010-11-21 14:35:00,116,63,172.305
15520,2,1,343.5,5,1,2,512,8,New Customers,2011-12-08 10:58:00,2011-12-08 10:58:00,314,0,343.5
15521,41,16,7096.09,4,5,5,455,14,Champions,2010-01-05 10:19:00,2011-10-30 13:42:00,4513,663,443.505625
15522,33,2,398.84,4,2,2,422,8,Potential Loyalists,2011-09-13 12:26:00,2011-11-07 11:26:00,573,55,199.42
15523,85,16,17359.99,3,5,5,355,13,Loyal Customers,2009-12-02 15:16:00,2011-09-16 16:29:00,15873,653,1084.999375
15524,25,2,591.4,4,2,2,422,8,Potential Loyalists,2010-04-12 09:19:00,2011-11-15 12:09:00,28,582,295.7
15525,3,4,979.27,5,3,3,533,11,Potential Loyalists,2010-11-22 12:10:00,2011-12-07 14:43:00,554,380,244.8175
15526,34,2,148.44,4,2,1,421,7,Potential Loyalists,2011-11-06 15:01:00,2011-11-06 15:04:00,24,0,74.22
15527,19,23,5574.79,5,5,5,555,15,Champions,2009-12-15 17:31:00,2011-11-21 12:17:00,2221,706,242.382173913
15528,255,1,229.33,2,1,1,211,4,Hibernating,2011-03-30 16:14:00,2011-03-30 16:14:00,123,0,229.33
15529,23,12,4813.74,4,5,5,455,14,Champions,2010-11-10 14:26:00,2011-11-17 11:29:00,4311,372,401.145
15530,22,5,1813.72,4,4,4,444,12,Champions,2010-07-15 11:10:00,2011-11-18 12:25:00,1340,491,362.744
15531,9,2,2007.44,5,2,4,524,11,Potential Loyalists,2011-11-09 17:47:00,2011-12-01 18:43:00,1105,22,1003.72
15532,26,10,3750.25,4,5,5,455,14,Champions,2010-06-08 14:52:00,2011-11-14 14:51:00,1340,524,375.025
15533,20,3,807.57,5,3,3,533,11,Potential Loyalists,2011-09-11 15:41:00,2011-11-20 15:35:00,289,70,269.19
15534,726,1,162.25,1,1,1,111,3,Lost,2009-12-14 12:48:00,2009-12-14 12:48:00,63,0,162.25
15535,174,6,1087.82,3,4,3,343,10,Loyal Customers,2010-09-16 20:04:00,2011-06-19 16:02:00,323,276,181.303333333
15536,410,1,259.09,1,1,1,111,3,Lost,2010-10-26 16:31:00,2010-10-26 16:31:00,242,0,259.09
15537,164,1,110.92,3,1,1,311,5,Need Attention,2011-06-29 13:10:00,2011-06-29 13:10:00,29,0,110.92
15538,538,6,3358.4,1,4,5,145,10,At Risk,2010-02-14 12:38:00,2010-06-20 10:49:00,1016,126,559.733333333
15539,8,1,538.46,5,1,2,512,8,New Customers,2011-12-02 13:36:00,2011-12-02 13:36:00,410,0,538.46
15540,12,2,460.68,5,2,2,522,9,Potential Loyalists,2010-11-29 11:10:00,2011-11-28 13:51:00,444,364,230.34
15541,115,1,85.13,3,1,1,311,5,Need Attention,2011-08-17 14:58:00,2011-08-17 14:58:00,49,0,85.13
15542,513,3,918.45,1,3,3,133,7,At Risk,2009-12-02 11:53:00,2010-07-15 13:32:00,469,225,306.15
15543,289,2,242.84,2,2,1,221,5,Hibernating,2010-09-06 11:28:00,2011-02-24 15:26:00,169,171,121.42
15544,10,20,7807.89,5,5,5,555,15,Champions,2010-01-28 14:39:00,2011-11-30 16:43:00,6745,671,390.3945
15545,55,2,292.72,4,2,2,422,8,Potential Loyalists,2010-12-03 17:28:00,2011-10-16 13:24:00,163,317,146.36
15546,607,2,1079.1,1,2,3,123,6,Lost,2010-04-12 11:45:00,2010-04-12 11:51:00,198,0,539.55
15547,8,26,10099.99,5,5,5,555,15,Champions,2009-12-06 13:40:00,2011-12-02 12:52:00,7335,726,388.461153846
15548,596,1,158.09,1,1,1,111,3,Lost,2010-04-23 12:20:00,2010-04-23 12:20:00,64,0,158.09
15549,78,8,2342.21,3,4,4,344,11,Loyal Customers,2010-01-11 13:16:00,2011-09-23 16:22:00,937,620,292.77625
15550,5,12,2218.8,5,5,4,554,14,Champions,2009-12-03 15:15:00,2011-12-05 15:38:00,1144,732,184.9
15551,37,7,1710.08,4,4,4,444,12,Champions,2010-06-07 15:05:00,2011-11-03 12:37:00,814,514,244.297142857
15552,218,2,252.52,2,2,1,221,5,Hibernating,2010-03-26 16:17:00,2011-05-06 14:47:00,166,406,126.26
15553,61,1,437.23,3,1,2,312,6,Need Attention,2011-10-10 14:02:00,2011-10-10 14:02:00,451,0,437.23
15554,278,1,217.2,2,1,1,211,4,Hibernating,2011-03-07 09:00:00,2011-03-07 09:00:00,74,0,217.2
15555,13,36,11283.44,5,5,5,555,15,Champions,2009-12-06 11:58:00,2011-11-27 16:19:00,8485,721,313.428888889
15556,25,1,279.77,4,1,1,411,6,Promising,2011-11-15 16:08:00,2011-11-15 16:08:00,236,0,279.77
15557,29,1,473.65,4,1,2,412,7,Promising,2011-11-11 12:46:00,2011-11-11 12:46:00,219,0,473.65
15558,640,1,214.13,1,1,1,111,3,Lost,2010-03-10 15:25:00,2010-03-10 15:25:00,86,0,214.13
15559,569,1,1109.4,1,1,3,113,5,Lost,2010-05-20 14:06:00,2010-05-20 14:06:00,526,0,1109.4
15560,398,2,153.52,2,2,1,221,5,Hibernating,2010-11-07 10:14:00,2010-11-07 10:15:00,72,0,76.76
15561,12,8,1934.39,5,4,4,544,13,Champions,2010-02-14 12:22:00,2011-11-28 11:07:00,1334,652,241.79875
15562,352,3,673.38,2,3,3,233,8,At Risk,2009-12-13 15:17:00,2010-12-23 09:55:00,561,375,224.46
15563,23,6,2828,4,4,4,444,12,Champions,2010-01-28 11:36:00,2011-11-17 12:59:00,2959,658,471.333333333
15564,464,2,70.74,1,2,1,121,4,Lost,2010-02-01 15:58:00,2010-09-02 15:52:00,42,213,35.37
15565,51,2,173.16,4,2,1,421,7,Potential Loyalists,2011-09-30 10:44:00,2011-10-20 14:33:00,60,20,86.58
15566,393,2,227.87,2,2,1,221,5,Hibernating,2009-12-15 14:53:00,2010-11-12 12:11:00,153,332,113.935
15567,19,1,186.01,5,1,1,511,7,New Customers,2011-11-21 10:48:00,2011-11-21 10:48:00,223,0,186.01
15568,3,3,758.29,5,3,3,533,11,Potential Loyalists,2011-09-27 14:37:00,2011-12-07 11:27:00,461,71,252.763333333
15569,104,10,3586.35,3,5,5,355,13,Loyal Customers,2010-02-28 10:55:00,2011-08-28 10:15:00,1736,546,358.635
15570,8,25,8793.39,5,5,5,555,15,Champions,2010-03-28 14:04:00,2011-12-02 14:47:00,4114,614,351.7356
15571,12,14,4051.63,5,5,5,555,15,Champions,2009-12-06 12:10:00,2011-11-28 10:02:00,2506,722,289.402142857
15572,5,10,4068.67,5,5,5,555,15,Champions,2010-04-14 14:38:00,2011-12-05 10:09:00,2148,600,406.867
15573,32,5,1199.23,4,4,3,443,11,Loyal Customers,2009-12-10 14:19:00,2011-11-08 11:38:00,779,698,239.846
15574,178,6,1143.05,3,4,3,343,10,Loyal Customers,2010-09-01 14:37:00,2011-06-15 12:01:00,773,287,190.508333333
15575,620,1,30.1,1,1,1,111,3,Lost,2010-03-30 12:50:00,2010-03-30 12:50:00,6,0,30.1
15576,38,1,940.67,4,1,3,413,8,Promising,2011-11-02 12:03:00,2011-11-02 12:03:00,404,0,940.67
15577,152,5,397.98,3,4,2,342,9,Loyal Customers,2009-12-13 16:17:00,2011-07-11 17:03:00,121,575,79.596
15578,163,1,127.1,3,1,1,311,5,Need Attention,2011-06-30 13:03:00,2011-06-30 13:03:00,52,0,127.1
15579,69,5,1302.5,3,4,4,344,11,Loyal Customers,2010-10-03 14:37:00,2011-10-02 12:45:00,723,364,260.5
15580,377,8,1381.19,2,4,4,244,10,At Risk,2010-02-07 11:21:00,2010-11-28 11:00:00,959,294,172.64875
15581,157,34,4547.01,3,5,5,355,13,Loyal Customers,2009-12-02 12:19:00,2011-07-06 14:04:00,3037,581,133.735588235
15582,25,3,682.91,4,3,3,433,10,Potential Loyalists,2011-05-03 13:36:00,2011-11-15 09:55:00,453,196,227.636666667
15583,377,1,107.86,2,1,1,211,4,Hibernating,2010-11-28 15:04:00,2010-11-28 15:04:00,63,0,107.86
15584,24,6,1277.5,4,4,4,444,12,Champions,2010-02-07 12:16:00,2011-11-16 10:55:00,487,647,212.916666667
15585,177,1,455.3,3,1,2,312,6,Need Attention,2011-06-16 08:38:00,2011-06-16 08:38:00,320,0,455.3
15586,593,3,1139.1,1,3,3,133,7,At Risk,2010-01-08 10:02:00,2010-04-26 11:00:00,1338,108,379.7
15587,51,7,1522.08,4,4,4,444,12,Champions,2010-08-05 08:44:00,2011-10-20 13:37:00,528,441,217.44
15588,678,1,579.6,1,1,2,112,4,Lost,2010-01-31 12:19:00,2010-01-31 12:19:00,96,0,579.6
15589,256,3,478.53,2,3,2,232,7,At Risk,2011-02-02 10:46:00,2011-03-29 09:54:00,243,55,159.51
15590,383,5,1496.6,2,4,4,244,10,At Risk,2010-04-12 10:09:00,2010-11-22 14:49:00,832,224,299.32
15591,583,3,217.9,1,3,1,131,5,At Risk,2010-02-04 09:20:00,2010-05-06 09:23:00,58,91,72.6333333333
15592,47,1,388.58,4,1,2,412,7,Promising,2011-10-24 08:59:00,2011-10-24 08:59:00,354,0,388.58
15593,71,1,199.8,3,1,1,311,5,Need Attention,2011-09-30 11:46:00,2011-09-30 11:46:00,60,0,199.8
15594,16,5,1771.78,5,4,4,544,13,Champions,2011-04-19 10:08:00,2011-11-24 08:53:00,983,219,354.356
15595,488,1,357.6,1,1,2,112,4,Lost,2010-08-09 12:27:00,2010-08-09 12:27:00,144,0,357.6
15596,101,9,2727.72,3,5,4,354,12,Loyal Customers,2010-07-28 11:46:00,2011-08-31 10:55:00,1208,399,303.08
15597,36,2,563.37,4,2,2,422,8,Potential Loyalists,2010-05-13 13:10:00,2011-11-04 13:26:00,393,540,281.685
15598,54,2,548.02,4,2,2,422,8,Potential Loyalists,2010-10-08 09:20:00,2011-10-17 16:04:00,404,374,274.01
15599,27,3,1250.06,4,3,4,434,11,Potential Loyalists,2010-09-20 10:15:00,2011-11-13 11:44:00,1098,419,416.686666667
15600,429,4,1199.31,1,3,3,133,7,At Risk,2010-04-25 11:50:00,2010-10-07 14:30:00,657,165,299.8275
15601,12,30,14191.74,5,5,5,555,15,Champions,2009-12-01 14:53:00,2011-11-28 15:15:00,10395,727,473.058
15602,9,16,3137.96,5,5,5,555,15,Champions,2009-12-02 09:35:00,2011-12-01 14:14:00,2292,729,196.1225
15603,79,2,88.48,3,2,1,321,6,Need Attention,2010-03-01 16:02:00,2011-09-22 10:04:00,128,570,44.24
15604,53,1,216.39,4,1,1,411,6,Promising,2011-10-18 14:47:00,2011-10-18 14:47:00,159,0,216.39
15605,37,9,1741.95,4,5,4,454,13,Champions,2010-01-14 14:03:00,2011-11-03 14:17:00,641,658,193.55
15606,62,17,5230.99,3,5,5,355,13,Loyal Customers,2010-03-02 14:48:00,2011-10-09 15:47:00,1615,586,307.705294118
15607,337,9,1708.97,2,5,4,254,11,At Risk,2010-01-08 12:16:00,2011-01-07 12:44:00,1470,364,189.885555556
15608,29,5,1785.98,4,4,4,444,12,Champions,2010-10-20 10:10:00,2011-11-11 13:20:00,1262,387,357.196
15609,185,1,298.48,3,1,2,312,6,Need Attention,2011-06-08 13:00:00,2011-06-08 13:00:00,148,0,298.48
15610,52,1,112.46,4,1,1,411,6,Promising,2011-10-19 10:36:00,2011-10-19 10:36:00,66,0,112.46
15611,10,24,2976.28,5,5,5,555,15,Champions,2010-01-25 14:50:00,2011-11-30 12:36:00,745,674,124.011666667
15612,37,2,195.15,4,2,1,421,7,Potential Loyalists,2011-10-09 12:49:00,2011-11-03 14:52:00,52,25,97.575
15613,611,1,433.72,1,1,2,112,4,Lost,2010-04-08 12:51:00,2010-04-08 12:51:00,700,0,433.72
15614,438,4,3147.36,1,3,5,135,9,At Risk,2010-03-23 11:13:00,2010-09-28 10:46:00,1632,189,786.84
15615,11,47,21373.97,5,5,5,555,15,Champions,2009-12-02 15:28:00,2011-11-29 14:42:00,12090,727,454.765319149
15616,439,1,317.11,1,1,2,112,4,Lost,2010-09-27 13:10:00,2010-09-27 13:10:00,137,0,317.11
15617,397,3,828.55,2,3,3,233,8,At Risk,2010-07-20 13:16:00,2010-11-08 16:07:00,485,111,276.183333333
15618,33,4,776.851,4,3,3,433,10,Potential Loyalists,2011-07-26 10:13:00,2011-11-07 08:34:00,454,104,194.21275
15619,11,1,336.4,5,1,2,512,8,New Customers,2011-11-29 08:14:00,2011-11-29 08:14:00,136,0,336.4
15620,57,4,1942.36,4,3,4,434,11,Potential Loyalists,2010-10-26 11:32:00,2011-10-14 12:41:00,1249,353,485.59
15621,5,4,1293.03,5,3,4,534,12,Potential Loyalists,2011-11-18 11:49:00,2011-12-05 14:01:00,501,17,323.2575
15622,44,17,7852.61,4,5,5,455,14,Champions,2010-03-04 10:29:00,2011-10-27 16:44:00,4091,602,461.918235294
15623,142,8,2437.05,3,4,4,344,11,Loyal Customers,2009-12-10 14:46:00,2011-07-21 17:26:00,1087,588,304.63125
15624,117,4,588.13,3,3,2,332,8,Need Attention,2011-03-28 13:32:00,2011-08-15 11:38:00,357,140,147.0325
15625,104,9,3236.4,3,5,5,355,13,Loyal Customers,2010-06-15 15:23:00,2011-08-28 10:21:00,3020,439,359.6
15626,75,3,1067.52,3,3,3,333,9,Promising,2010-10-14 17:16:00,2011-09-26 10:03:00,1138,347,355.84
15627,458,2,566.9,1,2,2,122,5,Lost,2010-07-05 11:56:00,2010-09-08 14:14:00,344,65,283.45
15628,5,17,5333.08,5,5,5,555,15,Champions,2009-12-13 13:39:00,2011-12-05 10:24:00,3569,722,313.710588235
15629,451,4,2240.9,1,3,4,134,8,At Risk,2010-06-25 11:39:00,2010-09-15 13:46:00,1518,82,560.225
15630,46,3,1481.4,4,3,4,434,11,Potential Loyalists,2010-03-05 14:30:00,2011-10-25 15:36:00,987,599,493.8
15631,643,1,596.67,1,1,2,112,4,Lost,2010-03-07 14:52:00,2010-03-07 14:52:00,525,0,596.67
15632,16,8,3285.31,5,4,5,545,14,Champions,2011-03-10 08:29:00,2011-11-24 09:51:00,2109,259,410.66375
15633,510,13,4352.46,1,5,5,155,11,At Risk,2009-12-08 17:51:00,2010-07-18 13:54:00,2058,222,334.804615385
15634,18,2,554.65,5,2,2,522,9,Potential Loyalists,2010-11-21 15:30:00,2011-11-22 16:28:00,227,366,277.325
15635,396,1,100.35,2,1,1,211,4,Hibernating,2010-11-09 08:58:00,2010-11-09 08:58:00,5,0,100.35
15636,90,4,1444.58,3,3,4,334,10,Promising,2010-05-19 11:37:00,2011-09-11 11:17:00,560,480,361.145
15637,53,5,797.59,4,4,3,443,11,Loyal Customers,2009-12-15 17:54:00,2011-10-18 08:28:00,651,672,159.518
15638,379,6,2265.2,2,4,4,244,10,At Risk,2010-04-08 14:37:00,2010-11-26 11:52:00,1134,232,377.533333333
15639,135,3,1065.08,3,3,3,333,9,Promising,2010-04-13 13:11:00,2011-07-28 14:30:00,849,471,355.026666667
15640,5,29,23589.06,5,5,5,555,15,Champions,2009-12-14 16:36:00,2011-12-05 14:35:00,12186,721,813.415862069
15641,106,12,5345.55,3,5,5,355,13,Loyal Customers,2009-12-06 15:31:00,2011-08-26 14:04:00,4422,628,445.4625
15642,730,1,105.78,1,1,1,111,3,Lost,2009-12-10 11:51:00,2009-12-10 11:51:00,270,0,105.78
15643,192,3,664,2,3,3,233,8,At Risk,2011-03-02 14:34:00,2011-06-01 07:38:00,246,91,221.333333333
15644,167,4,813,3,3,3,333,9,Promising,2011-03-23 15:37:00,2011-06-26 14:54:00,557,95,203.25
15645,19,3,1054.75,5,3,3,533,11,Potential Loyalists,2010-10-10 12:51:00,2011-11-21 11:55:00,395,407,351.583333333
15646,158,5,784.81,3,4,3,343,10,Loyal Customers,2010-10-25 13:06:00,2011-07-05 09:53:00,821,253,156.962
15647,416,1,169,1,1,1,111,3,Lost,2010-10-20 15:09:00,2010-10-20 15:09:00,124,0,169
15648,205,2,657.35,2,2,3,223,7,Hibernating,2011-03-17 18:59:00,2011-05-19 15:53:00,221,63,328.675
15649,337,4,1660.35,2,3,4,234,9,At Risk,2010-11-17 16:22:00,2011-01-07 13:34:00,365,51,415.0875
15650,522,2,553.88,1,2,2,122,5,Lost,2010-03-21 11:46:00,2010-07-06 10:41:00,210,107,276.94
15651,37,5,1259.06,4,4,4,444,12,Champions,2010-04-22 13:26:00,2011-11-03 08:41:00,871,560,251.812
15652,92,5,1420.34,3,4,4,344,11,Loyal Customers,2010-08-11 16:58:00,2011-09-09 14:22:00,659,394,284.068
15653,93,2,877.44,3,2,3,323,8,Promising,2011-08-16 09:50:00,2011-09-08 10:49:00,1200,23,438.72
15654,10,2,922.53,5,2,3,523,10,Potential Loyalists,2011-11-13 15:15:00,2011-11-30 13:08:00,475,17,461.265
15655,244,1,560.67,2,1,2,212,5,Hibernating,2011-04-10 15:25:00,2011-04-10 15:25:00,324,0,560.67
15656,46,4,748.5,4,3,3,433,10,Potential Loyalists,2011-02-28 15:32:00,2011-10-25 14:56:00,343,239,187.125
15657,23,1,30,4,1,1,411,6,Promising,2011-11-17 12:19:00,2011-11-17 12:19:00,24,0,30
15658,191,8,2117.27,2,4,4,244,10,At Risk,2009-12-03 11:19:00,2011-06-02 15:22:00,627,546,264.65875
15659,44,3,532.49,4,3,2,432,9,Potential Loyalists,2010-02-24 13:32:00,2011-10-27 09:23:00,161,610,177.496666667
15660,26,15,2603.69,4,5,4,454,13,Champions,2010-02-05 16:01:00,2011-11-14 16:58:00,1783,647,173.579333333
15661,318,8,1215.95,2,4,4,244,10,At Risk,2010-05-10 07:59:00,2011-01-26 13:56:00,779,261,151.99375
15662,662,2,283.73,1,2,1,121,4,Lost,2009-12-01 13:49:00,2010-02-16 16:47:00,145,77,141.865
15663,107,1,138.14,3,1,1,311,5,Need Attention,2011-08-25 15:50:00,2011-08-25 15:50:00,106,0,138.14
15664,51,4,1231.53,4,3,4,434,11,Potential Loyalists,2010-02-28 12:50:00,2011-10-20 10:57:00,524,599,307.8825
15665,169,5,4015.12,3,4,5,345,12,Loyal Customers,2010-03-14 15:07:00,2011-06-24 14:57:00,2794,467,803.024
15666,473,2,632.94,1,2,3,123,6,Lost,2010-08-01 15:41:00,2010-08-24 16:14:00,469,23,316.47
15667,40,1,301.32,4,1,2,412,7,Promising,2011-10-31 10:56:00,2011-10-31 10:56:00,240,0,301.32
15668,218,1,76.32,2,1,1,211,4,Hibernating,2011-05-06 10:39:00,2011-05-06 10:39:00,72,0,76.32
15669,41,4,684.34,4,3,3,433,10,Potential Loyalists,2011-03-21 09:13:00,2011-10-30 16:03:00,342,223,171.085
15670,297,2,325.2,2,2,2,222,6,Hibernating,2010-06-01 15:34:00,2011-02-16 10:50:00,132,260,162.6
15671,19,7,2657.13,5,4,4,544,13,Champions,2011-03-14 09:37:00,2011-11-21 12:43:00,1699,252,379.59
15672,726,1,45.3,1,1,1,111,3,Lost,2009-12-14 16:52:00,2009-12-14 16:52:00,10,0,45.3
15673,89,9,6414.79,3,5,5,355,13,Loyal Customers,2010-02-22 14:28:00,2011-09-12 16:12:00,3361,567,712.754444444
15674,74,12,6613.52,3,5,5,355,13,Loyal Customers,2009-12-08 17:08:00,2011-09-27 15:17:00,3647,658,551.126666667
15675,82,4,542.04,3,3,2,332,8,Need Attention,2010-10-31 14:14:00,2011-09-19 13:48:00,624,323,135.51
15676,19,3,3435.76,5,3,5,535,13,Potential Loyalists,2011-03-01 10:19:00,2011-11-21 12:40:00,2252,265,1145.25333333
15677,50,3,1305.63,4,3,4,434,11,Potential Loyalists,2010-09-02 12:08:00,2011-10-21 15:36:00,675,414,435.21
15678,53,3,1893.89,4,3,4,434,11,Potential Loyalists,2010-07-05 12:49:00,2011-10-18 09:25:00,1067,470,631.296666667
15679,25,4,781.28,4,3,3,433,10,Potential Loyalists,2011-06-10 08:24:00,2011-11-15 16:19:00,1170,158,195.32
15680,10,10,4028.69,5,5,5,555,15,Champions,2009-12-02 12:15:00,2011-11-30 13:46:00,2743,728,402.869
15681,26,14,2989.7,4,5,5,455,14,Champions,2010-05-24 14:18:00,2011-11-14 16:30:00,1392,539,213.55
15682,600,2,318.24,1,2,2,122,5,Lost,2010-01-21 14:37:00,2010-04-19 15:30:00,222,88,159.12
15683,118,2,524.54,3,2,2,322,7,Need Attention,2010-08-23 12:01:00,2011-08-14 12:56:00,332,356,262.27
15684,548,3,173.95,1,3,1,131,5,At Risk,2009-12-04 16:13:00,2010-06-10 18:51:00,77,188,57.9833333333
15685,451,1,55.98,1,1,1,111,3,Lost,2010-09-15 13:43:00,2010-09-15 13:43:00,36,0,55.98
15686,421,1,90,1,1,1,111,3,Lost,2010-10-15 13:50:00,2010-10-15 13:50:00,72,0,90
15687,9,9,2993.1,5,5,5,555,15,Champions,2011-01-13 15:13:00,2011-12-01 08:33:00,1310,322,332.566666667
15688,419,1,190.57,1,1,1,111,3,Lost,2010-10-17 12:06:00,2010-10-17 12:06:00,95,0,190.57
15689,120,3,521.03,3,3,2,332,8,Need Attention,2010-04-01 09:53:00,2011-08-12 09:37:00,207,498,173.676666667
15690,5,2,239.76,5,2,1,521,8,Potential Loyalists,2011-08-31 11:40:00,2011-12-05 15:59:00,408,96,119.88
15691,253,4,571.3,2,3,2,232,7,At Risk,2009-12-06 16:01:00,2011-04-01 15:13:00,212,481,142.825
15692,29,1,191.04,4,1,1,411,6,Promising,2011-11-11 14:12:00,2011-11-11 14:12:00,138,0,191.04
15693,660,1,37.5,1,1,1,111,3,Lost,2010-02-18 14:37:00,2010-02-18 14:37:00,30,0,37.5
15694,1,23,9963.48,5,5,5,555,15,Champions,2009-12-07 15:43:00,2011-12-09 09:44:00,2466,732,433.194782609
15695,267,4,1131.04,2,3,3,233,8,At Risk,2010-01-27 10:56:00,2011-03-18 08:32:00,484,415,282.76
15696,34,13,3906.57,4,5,5,455,14,Champions,2010-01-24 14:36:00,2011-11-06 14:02:00,1399,651,300.505384615
15697,690,1,246.75,1,1,1,111,3,Lost,2010-01-19 09:10:00,2010-01-19 09:10:00,127,0,246.75
15698,625,1,46.2,1,1,1,111,3,Lost,2010-03-25 17:38:00,2010-03-25 17:38:00,60,0,46.2
15699,18,1,309.65,5,1,2,512,8,New Customers,2011-11-22 08:26:00,2011-11-22 08:26:00,113,0,309.65
15700,173,2,696.68,3,2,3,323,8,Promising,2011-06-19 15:36:00,2011-06-20 16:53:00,357,1,348.34
15701,3,4,1542.14,5,3,4,534,12,Potential Loyalists,2011-08-21 12:36:00,2011-12-07 14:39:00,923,108,385.535
15702,477,1,112.57,1,1,1,111,3,Lost,2010-08-20 14:50:00,2010-08-20 14:50:00,102,0,112.57
15703,265,1,211.5,2,1,1,211,4,Hibernating,2011-03-20 10:51:00,2011-03-20 10:51:00,66,0,211.5
15704,141,6,3817.96,3,4,5,345,12,Loyal Customers,2010-05-05 14:51:00,2011-07-22 13:35:00,1723,443,636.326666667
15705,202,1,143.1,2,1,1,211,4,Hibernating,2011-05-22 15:37:00,2011-05-22 15:37:00,62,0,143.1
15706,64,4,1060.56,3,3,3,333,9,Promising,2011-08-15 14:32:00,2011-10-07 10:09:00,321,53,265.14
15707,36,4,945.58,4,3,3,433,10,Potential Loyalists,2011-09-14 14:19:00,2011-11-04 14:35:00,605,51,236.395
15708,41,9,4028.04,4,5,5,455,14,Champions,2010-10-10 11:33:00,2011-10-30 10:54:00,1517,385,447.56
15709,284,2,327.85,2,2,2,222,6,Hibernating,2010-04-29 18:31:00,2011-03-01 10:38:00,169,306,163.925
15710,418,1,898.87,1,1,3,113,5,Lost,2010-10-18 17:05:00,2010-10-18 17:05:00,641,0,898.87
15711,557,2,420.25,1,2,2,122,5,Lost,2010-01-24 12:13:00,2010-06-01 12:14:00,199,128,210.125
15712,10,12,3472.41,5,5,5,555,15,Champions,2009-12-01 11:17:00,2011-11-30 14:09:00,1277,729,289.3675
15713,144,4,839.64,3,3,3,333,9,Promising,2009-12-16 09:41:00,2011-07-19 13:34:00,451,580,209.91
15714,12,5,784.81,5,4,3,543,12,Loyal Customers,2010-06-02 12:08:00,2011-11-28 11:26:00,362,544,156.962
15715,556,5,658.02,1,4,3,143,8,At Risk,2010-03-30 12:17:00,2010-06-02 09:56:00,246,64,131.604
15716,146,11,2507.19,3,5,4,354,12,Loyal Customers,2009-12-07 12:42:00,2011-07-17 11:59:00,1380,587,227.926363636
15717,235,5,607,2,4,3,243,9,At Risk,2010-04-26 10:41:00,2011-04-19 13:21:00,224,358,121.4
15718,541,1,293.79,1,1,2,112,4,Lost,2010-06-17 16:20:00,2010-06-17 16:20:00,95,0,293.79
15719,33,31,10221.41,4,5,5,455,14,Champions,2009-12-01 12:47:00,2011-11-07 12:29:00,5367,706,329.722903226
15720,25,2,741.92,4,2,3,423,9,Potential Loyalists,2010-06-07 15:40:00,2011-11-15 14:48:00,329,526,370.96
15721,12,1,507.08,5,1,2,512,8,New Customers,2011-11-28 12:14:00,2011-11-28 12:14:00,409,0,507.08
15722,36,11,5258.1,4,5,5,455,14,Champions,2010-03-09 15:05:00,2011-11-04 11:43:00,2283,605,478.009090909
15723,365,4,947.65,2,3,3,233,8,At Risk,2010-05-14 12:55:00,2010-12-10 11:12:00,444,210,236.9125
15724,202,3,310.85,2,3,2,232,7,At Risk,2010-11-04 10:22:00,2011-05-22 14:40:00,117,199,103.616666667
15725,16,1,415.25,5,1,2,512,8,New Customers,2011-11-24 14:51:00,2011-11-24 14:51:00,221,0,415.25
15726,391,1,321.91,2,1,2,212,5,Hibernating,2010-11-14 16:12:00,2010-11-14 16:12:00,123,0,321.91
15727,17,15,9445.51,5,5,5,555,15,Champions,2010-01-24 12:12:00,2011-11-23 12:36:00,5942,668,629.700666667
15728,380,2,544.6,2,2,2,222,6,Hibernating,2010-09-21 14:46:00,2010-11-25 10:39:00,132,65,272.3
15729,213,3,192.55,2,3,1,231,6,At Risk,2010-11-01 13:44:00,2011-05-11 12:36:00,47,191,64.1833333333
15730,66,5,1726.58,3,4,4,344,11,Loyal Customers,2010-10-04 14:15:00,2011-10-05 12:31:00,1061,366,345.316
15731,554,1,125.3,1,1,1,111,3,Lost,2010-06-04 10:10:00,2010-06-04 10:10:00,122,0,125.3
15732,213,10,1543.97,2,5,4,254,11,At Risk,2010-02-04 10:10:00,2011-05-11 14:24:00,1264,461,154.397
15733,283,1,162.3,2,1,1,211,4,Hibernating,2011-03-02 09:05:00,2011-03-02 09:05:00,62,0,162.3
15734,115,4,2263.3,3,3,4,334,10,Promising,2010-06-10 14:25:00,2011-08-17 10:50:00,516,433,565.825
15735,422,1,327.68,1,1,2,112,4,Lost,2010-10-14 13:38:00,2010-10-14 13:38:00,206,0,327.68
15736,436,2,1815.72,1,2,4,124,7,Lost,2010-09-30 14:19:00,2010-09-30 14:20:00,1268,0,907.86
15737,15,8,1205.12,5,4,3,543,12,Loyal Customers,2011-04-11 10:01:00,2011-11-25 11:21:00,599,228,150.64
15738,19,41,13043.32,5,5,5,555,15,Champions,2009-12-10 15:52:00,2011-11-21 08:26:00,9030,711,318.129756098
15739,67,1,449.12,3,1,2,312,6,Need Attention,2011-10-04 13:42:00,2011-10-04 13:42:00,472,0,449.12
15740,50,1,154.88,4,1,1,411,6,Promising,2011-10-21 14:29:00,2011-10-21 14:29:00,152,0,154.88
15741,459,2,208.62,1,2,1,121,4,Lost,2010-03-31 11:55:00,2010-09-07 16:21:00,70,160,104.31
15742,620,1,156.87,1,1,1,111,3,Lost,2010-03-30 15:25:00,2010-03-30 15:25:00,51,0,156.87
15743,17,4,784.46,5,3,3,533,11,Potential Loyalists,2011-06-08 10:14:00,2011-11-23 17:19:00,216,168,196.115
15744,78,1,34.8,3,1,1,311,5,Need Attention,2011-09-23 09:52:00,2011-09-23 09:52:00,120,0,34.8
15745,20,4,1094.59,5,3,3,533,11,Potential Loyalists,2011-04-17 13:04:00,2011-11-20 13:45:00,421,217,273.6475
15746,135,1,196.88,3,1,1,311,5,Need Attention,2011-07-28 15:21:00,2011-07-28 15:21:00,178,0,196.88
15747,13,9,2562.61,5,5,4,554,14,Champions,2010-01-18 11:21:00,2011-11-27 12:26:00,1370,678,284.734444444
15748,41,3,614.76,4,3,3,433,10,Potential Loyalists,2010-09-16 16:52:00,2011-10-30 12:51:00,262,409,204.92
15749,236,3,44534.3,2,3,5,235,10,At Risk,2011-01-11 12:55:00,2011-04-18 13:20:00,18028,97,14844.7666667
15750,3,18,6456.671,5,5,5,555,15,Champions,2009-12-01 17:19:00,2011-12-07 12:34:00,4285,736,358.703944444
15751,461,11,1380.44,1,5,4,154,10,At Risk,2009-12-06 13:08:00,2010-09-05 12:44:00,443,273,125.494545455
15752,40,9,3947.89,4,5,5,455,14,Champions,2010-09-08 11:56:00,2011-10-31 11:37:00,2814,418,438.654444444
15753,305,1,79.2,2,1,1,211,4,Hibernating,2011-02-08 12:41:00,2011-02-08 12:41:00,144,0,79.2
15754,52,9,3037.61,4,5,5,455,14,Champions,2010-02-22 13:31:00,2011-10-19 14:40:00,1762,604,337.512222222
15755,11,17,5993.12,5,5,5,555,15,Champions,2009-12-04 08:24:00,2011-11-29 14:57:00,4034,725,352.536470588
15756,62,4,532.96,3,3,2,332,8,Need Attention,2011-04-04 14:00:00,2011-10-09 13:30:00,242,188,133.24
15757,66,6,2940.36,3,4,5,345,12,Loyal Customers,2010-06-10 13:47:00,2011-10-05 12:14:00,1757,482,490.06
15758,25,1,205.25,4,1,1,411,6,Promising,2011-11-15 10:48:00,2011-11-15 10:48:00,47,0,205.25
15759,219,7,830.93,2,4,3,243,9,At Risk,2009-12-02 10:08:00,2011-05-05 15:13:00,523,519,118.704285714
15761,443,1,143.05,1,1,1,111,3,Lost,2010-09-23 09:33:00,2010-09-23 09:33:00,31,0,143.05
15762,66,2,583.75,3,2,2,322,7,Need Attention,2011-09-23 15:17:00,2011-10-05 16:15:00,251,12,291.875
15763,32,2,1086.92,4,2,3,423,9,Potential Loyalists,2011-09-23 12:10:00,2011-11-08 09:44:00,271,46,543.46
15764,89,8,4503.08,3,4,5,345,12,Loyal Customers,2010-08-18 13:58:00,2011-09-12 17:58:00,2945,390,562.885
15765,667,1,370.63,1,1,2,112,4,Lost,2010-02-11 10:25:00,2010-02-11 10:25:00,335,0,370.63
15766,65,3,831.06,3,3,3,333,9,Promising,2010-01-26 15:55:00,2011-10-06 17:03:00,334,618,277.02
15768,116,34,15601.09,3,5,5,355,13,Loyal Customers,2009-12-03 12:10:00,2011-08-16 10:48:00,4259,621,458.855588235
15769,8,46,88612.52,5,5,5,555,15,Champions,2009-12-11 09:58:00,2011-12-02 13:52:00,49068,721,1926.35913043
15770,613,1,321.45,1,1,2,112,4,Lost,2010-04-06 11:47:00,2010-04-06 11:47:00,67,0,321.45
15771,605,3,1006.54,1,3,3,133,7,At Risk,2010-01-15 12:14:00,2010-04-14 13:56:00,512,89,335.513333333
15772,419,1,280.88,1,1,1,111,3,Lost,2010-10-17 13:33:00,2010-10-17 13:33:00,110,0,280.88
15773,6,2,774.52,5,2,3,523,10,Potential Loyalists,2010-10-26 15:27:00,2011-12-04 12:48:00,410,404,387.26
15774,69,6,1328.69,3,4,4,344,11,Loyal Customers,2010-02-21 12:57:00,2011-10-02 12:04:00,472,588,221.448333333
15775,246,2,150.5,2,2,1,221,5,Hibernating,2010-03-18 07:32:00,2011-04-08 12:56:00,260,386,75.25
15776,134,1,241.62,3,1,1,311,5,Need Attention,2011-07-29 13:46:00,2011-07-29 13:46:00,138,0,241.62
15777,242,7,1762.61,2,4,4,244,10,At Risk,2010-05-20 10:37:00,2011-04-12 16:43:00,599,327,251.801428571
15778,432,1,307.95,1,1,2,112,4,Lost,2010-10-04 15:10:00,2010-10-04 15:10:00,101,0,307.95
15779,464,2,124.08,1,2,1,121,4,Lost,2010-06-25 15:55:00,2010-09-02 16:40:00,20,69,62.04
15780,184,3,475.28,3,3,2,332,8,Need Attention,2010-12-17 11:43:00,2011-06-09 12:01:00,220,174,158.426666667
15781,26,3,345.46,4,3,2,432,9,Potential Loyalists,2011-02-07 09:15:00,2011-11-14 14:57:00,180,280,115.153333333
15782,10,4,4014.1,5,3,5,535,13,Potential Loyalists,2010-10-05 15:43:00,2011-11-30 10:49:00,1844,421,1003.525
15783,11,1,246.3,5,1,1,511,7,New Customers,2011-11-29 09:50:00,2011-11-29 09:50:00,212,0,246.3
15784,468,2,848.33,1,2,3,123,6,Lost,2010-02-05 14:42:00,2010-08-29 10:38:00,381,205,424.165
15785,33,16,5969.93,4,5,5,455,14,Champions,2009-12-15 16:28:00,2011-11-07 11:33:00,4479,692,373.120625
15786,47,5,8514.82,4,4,5,445,13,Champions,2010-06-21 10:13:00,2011-10-24 14:13:00,5981,490,1702.964
15787,27,3,948.05,4,3,3,433,10,Potential Loyalists,2011-10-09 13:11:00,2011-11-13 14:55:00,540,35,316.016666667
15788,509,1,221.83,1,1,1,111,3,Lost,2010-07-19 12:48:00,2010-07-19 12:48:00,115,0,221.83
15789,359,6,1962.01,2,4,4,244,10,At Risk,2010-03-26 11:21:00,2010-12-16 14:35:00,2499,265,327.001666667
15790,11,1,220.85,5,1,1,511,7,New Customers,2011-11-29 14:53:00,2011-11-29 14:53:00,114,0,220.85
15791,44,5,3608.34,4,4,5,445,13,Champions,2010-03-08 09:41:00,2011-10-27 10:14:00,1970,598,721.668
15792,400,2,933.84,2,2,3,223,7,Hibernating,2010-03-31 09:42:00,2010-11-05 08:21:00,606,219,466.92
15793,15,8,2399.57,5,4,4,544,13,Champions,2009-12-01 12:54:00,2011-11-25 09:31:00,1685,724,299.94625
15794,737,2,777,1,2,3,123,6,Lost,2009-12-02 15:10:00,2009-12-03 13:04:00,288,1,388.5
15795,150,8,1979.87,3,4,4,344,11,Loyal Customers,2010-01-18 11:31:00,2011-07-13 10:43:00,1411,541,247.48375
15796,2,17,5174.83,5,5,5,555,15,Champions,2010-03-31 13:10:00,2011-12-08 19:55:00,1734,617,304.401764706
15797,114,5,2806.08,3,4,4,344,11,Loyal Customers,2010-01-27 13:12:00,2011-08-18 17:04:00,1280,568,561.216
15798,493,3,1535.37,1,3,4,134,8,At Risk,2010-01-27 11:55:00,2010-08-04 09:13:00,915,189,511.79
15799,76,4,1424.29,3,3,4,334,10,Promising,2010-10-17 14:26:00,2011-09-25 12:46:00,1342,343,356.0725
15800,108,7,1242.58,3,4,4,344,11,Loyal Customers,2010-03-31 13:17:00,2011-08-24 14:23:00,588,511,177.511428571
15801,47,3,1063.95,4,3,3,433,10,Potential Loyalists,2011-08-22 09:53:00,2011-10-24 13:52:00,570,63,354.65
15803,52,4,1929.66,4,3,4,434,11,Potential Loyalists,2010-02-01 16:29:00,2011-10-19 14:56:00,1030,625,482.415
15804,1,13,4206.39,5,5,5,555,15,Champions,2011-05-25 10:12:00,2011-12-09 12:31:00,2565,198,323.568461538
15805,24,30,10189.23,4,5,5,455,14,Champions,2009-12-10 12:57:00,2011-11-16 16:32:00,6225,706,339.641
15806,47,3,784.58,4,3,3,433,10,Potential Loyalists,2011-03-08 09:24:00,2011-10-24 14:35:00,602,230,261.526666667
15807,51,5,1817.52,4,4,4,444,12,Champions,2010-02-11 15:32:00,2011-10-20 14:10:00,1532,616,363.504
15808,307,21,17388.48,2,5,5,255,12,At Risk,2009-12-01 16:30:00,2011-02-06 14:33:00,6874,432,828.022857143
15809,37,7,1274.44,4,4,4,444,12,Champions,2010-06-22 14:23:00,2011-11-03 16:40:00,700,499,182.062857143
15810,79,8,2999.04,3,4,5,345,12,Loyal Customers,2010-02-04 18:18:00,2011-09-22 09:38:00,1653,595,374.88
15811,23,7,3507.07,4,4,5,445,13,Champions,2010-11-16 16:46:00,2011-11-17 15:31:00,1779,366,501.01
15812,108,12,5201.47,3,5,5,355,13,Loyal Customers,2009-12-15 13:40:00,2011-08-24 14:19:00,3450,617,433.455833333
15813,208,2,1303.91,2,2,4,224,8,Hibernating,2011-04-14 09:09:00,2011-05-16 08:13:00,603,32,651.955
15814,17,6,2634.44,5,4,4,544,13,Champions,2010-04-15 14:31:00,2011-11-23 08:17:00,1728,587,439.073333333
15815,64,5,2100.6,3,4,4,344,11,Loyal Customers,2011-03-25 08:43:00,2011-10-07 12:42:00,1856,196,420.12
15816,543,2,144.15,1,2,1,121,4,Lost,2010-06-15 12:54:00,2010-06-15 13:36:00,54,0,72.075
15817,421,3,2766.4,1,3,4,134,8,At Risk,2010-06-14 13:31:00,2010-10-15 11:07:00,1596,123,922.133333333
15818,589,1,340.5,1,1,2,112,4,Lost,2010-04-30 12:58:00,2010-04-30 12:58:00,284,0,340.5
15819,50,10,3934.79,4,5,5,455,14,Champions,2010-03-18 11:08:00,2011-10-21 14:50:00,2928,582,393.479
15820,320,1,206.98,2,1,1,211,4,Hibernating,2011-01-24 12:00:00,2011-01-24 12:00:00,128,0,206.98
15821,45,2,570.96,4,2,2,422,8,Potential Loyalists,2011-10-09 13:28:00,2011-10-26 15:48:00,202,17,285.48
15822,4,6,1840.06,5,4,4,544,13,Champions,2009-12-06 15:12:00,2011-12-06 14:50:00,950,730,306.676666667
15823,730,2,3867.17,1,2,5,125,8,Lost,2009-12-08 15:12:00,2009-12-10 18:03:00,1773,2,1933.585
15824,454,2,890.94,1,2,3,123,6,Lost,2010-06-25 15:10:00,2010-09-12 13:20:00,478,79,445.47
15825,173,1,532.94,3,1,2,312,6,Need Attention,2011-06-20 13:27:00,2011-06-20 13:27:00,220,0,532.94
15826,57,4,2598.28,4,3,4,434,11,Potential Loyalists,2010-05-20 17:00:00,2011-10-14 16:05:00,1824,512,649.57
15827,74,28,3603.14,3,5,5,355,13,Loyal Customers,2010-01-08 11:25:00,2011-09-27 15:35:00,1715,627,128.683571429
15828,376,1,1108.82,2,1,3,213,6,Hibernating,2010-11-29 16:41:00,2010-11-29 16:41:00,367,0,1108.82
15829,100,2,636.14,3,2,3,323,8,Promising,2011-07-22 10:23:00,2011-09-01 16:45:00,996,41,318.07
15830,38,1,576,4,1,2,412,7,Promising,2011-11-02 10:40:00,2011-11-02 10:40:00,415,0,576
15831,59,3,801.76,4,3,3,433,10,Potential Loyalists,2011-01-19 14:52:00,2011-10-12 13:14:00,1105,266,267.253333333
15832,255,1,836.79,2,1,3,213,6,Hibernating,2011-03-30 15:29:00,2011-03-30 15:29:00,465,0,836.79
15833,738,1,80.4,1,1,1,111,3,Lost,2009-12-02 11:59:00,2009-12-02 11:59:00,24,0,80.4
15834,71,7,3770.49,3,4,5,345,12,Loyal Customers,2010-10-11 14:05:00,2011-09-30 14:41:00,1817,354,538.641428571
15835,45,4,954.09,4,3,3,433,10,Potential Loyalists,2011-01-13 10:35:00,2011-10-26 15:47:00,439,286,238.5225
15836,51,1,137.37,4,1,1,411,6,Promising,2011-10-20 17:13:00,2011-10-20 17:13:00,26,0,137.37
15837,65,2,777.01,3,2,3,323,8,Promising,2010-08-11 10:16:00,2011-10-06 09:01:00,405,421,388.505
15838,12,34,73205.5,5,5,5,555,15,Champions,2009-12-15 09:51:00,2011-11-28 14:00:00,64114,713,2153.10294118
15839,34,3,1048.49,4,3,3,433,10,Potential Loyalists,2011-07-14 16:35:00,2011-11-06 13:54:00,675,115,349.496666667
15840,59,2,355.56,4,2,2,422,8,Potential Loyalists,2011-06-20 11:42:00,2011-10-12 09:08:00,396,114,177.78
15841,73,9,2742.41,3,5,4,354,12,Loyal Customers,2009-12-10 08:29:00,2011-09-28 12:15:00,2391,657,304.712222222
15842,394,2,548.8,2,2,2,222,6,Hibernating,2010-06-30 09:06:00,2010-11-11 14:08:00,296,134,274.4
15843,304,1,118.95,2,1,1,211,4,Hibernating,2011-02-09 10:19:00,2011-02-09 10:19:00,27,0,118.95
15844,47,1,130.74,4,1,1,411,6,Promising,2011-10-24 15:19:00,2011-10-24 15:19:00,134,0,130.74
15845,18,11,4426.28,5,5,5,555,15,Champions,2010-01-26 14:44:00,2011-11-22 09:42:00,2128,665,402.389090909
15846,386,1,107.01,2,1,1,211,4,Hibernating,2010-11-19 14:40:00,2010-11-19 14:40:00,79,0,107.01
15847,39,5,822.57,4,4,3,443,11,Loyal Customers,2010-03-08 08:47:00,2011-11-01 14:41:00,643,603,164.514
15848,622,1,139.94,1,1,1,111,3,Lost,2010-03-28 10:54:00,2010-03-28 10:54:00,46,0,139.94
15850,20,6,1058.72,5,4,3,543,12,Loyal Customers,2009-12-13 13:27:00,2011-11-20 14:14:00,1379,707,176.453333333
15851,527,1,109.73,1,1,1,111,3,Lost,2010-07-01 12:34:00,2010-07-01 12:34:00,67,0,109.73
15852,187,3,257.26,3,3,1,331,7,Need Attention,2010-07-01 10:16:00,2011-06-06 11:22:00,60,340,85.7533333333
15853,52,1,110.8,4,1,1,411,6,Promising,2011-10-19 10:38:00,2011-10-19 10:38:00,135,0,110.8
15854,5,21,5583.81,5,5,5,555,15,Champions,2009-12-10 12:08:00,2011-12-05 13:39:00,1704,725,265.895714286
15855,137,6,1052.72,3,4,3,343,10,Loyal Customers,2010-08-20 17:15:00,2011-07-26 10:20:00,712,340,175.453333333
15856,5,52,32647.76,5,5,5,555,15,Champions,2009-12-03 14:02:00,2011-12-05 17:09:00,19754,732,627.841538462
15857,19,2,570.48,5,2,2,522,9,Potential Loyalists,2010-10-05 16:43:00,2011-11-21 12:18:00,584,412,285.24
15858,16,13,3576.44,5,5,5,555,15,Champions,2009-12-10 11:42:00,2011-11-24 12:48:00,2720,714,275.110769231
15859,433,1,438.46,1,1,2,112,4,Lost,2010-10-03 12:52:00,2010-10-03 12:52:00,174,0,438.46
15860,41,17,2400.05,4,5,4,454,13,Champions,2009-12-06 12:31:00,2011-10-30 11:25:00,1269,693,141.179411765
15861,13,12,4393.49,5,5,5,555,15,Champions,2010-01-28 19:41:00,2011-11-27 15:59:00,3856,668,366.124166667
15862,9,13,2568.91,5,5,4,554,14,Champions,2009-12-17 11:33:00,2011-12-01 13:28:00,1551,714,197.608461538
15863,26,5,358.7,4,4,2,442,10,Loyal Customers,2009-12-17 10:20:00,2011-11-14 12:49:00,164,697,71.74
15864,23,7,2180.76,4,4,4,444,12,Champions,2010-11-23 15:02:00,2011-11-17 13:32:00,1486,359,311.537142857
15865,41,5,2248.92,4,4,4,444,12,Champions,2010-01-05 13:58:00,2011-10-30 12:43:00,1147,663,449.784
15866,102,1,230.53,3,1,1,311,5,Need Attention,2011-08-30 14:09:00,2011-08-30 14:09:00,126,0,230.53
15867,6,31,8897.62,5,5,5,555,15,Champions,2009-12-14 15:16:00,2011-12-04 13:32:00,4994,720,287.02
15868,584,1,94.53,1,1,1,111,3,Lost,2010-05-05 14:11:00,2010-05-05 14:11:00,57,0,94.53
15869,278,3,323.66,2,3,2,232,7,At Risk,2010-03-23 16:50:00,2011-03-07 17:23:00,274,349,107.886666667
15870,33,4,862.61,4,3,3,433,10,Potential Loyalists,2010-09-19 16:22:00,2011-11-07 10:58:00,508,414,215.6525
15871,438,1,33.1,1,1,1,111,3,Lost,2010-09-28 14:16:00,2010-09-28 14:16:00,5,0,33.1
15872,15,4,795.68,5,3,3,533,11,Potential Loyalists,2010-06-07 14:53:00,2011-11-25 11:55:00,506,536,198.92
15873,500,4,313.92,1,3,2,132,6,At Risk,2010-07-27 11:58:00,2010-07-28 12:41:00,1152,1,78.48
15874,64,21,11284.76,3,5,5,355,13,Loyal Customers,2010-01-07 13:56:00,2011-10-07 12:31:00,5102,638,537.36952381
15875,647,1,111.72,1,1,1,111,3,Lost,2010-03-03 16:51:00,2010-03-03 16:51:00,76,0,111.72
15876,410,2,1449.14,1,2,4,124,7,Lost,2010-09-17 15:26:00,2010-10-26 18:58:00,886,39,724.57
15877,2,2,493.28,5,2,2,522,9,Potential Loyalists,2011-11-22 11:18:00,2011-12-08 11:53:00,371,16,246.64
15878,562,2,330.77,1,2,2,122,5,Lost,2009-12-06 12:28:00,2010-05-27 12:17:00,243,172,165.385
15879,405,4,1157.3,2,3,3,233,8,At Risk,2009-12-17 19:54:00,2010-10-31 16:21:00,643,318,289.325
15880,370,1,343.28,2,1,2,212,5,Hibernating,2010-12-05 13:00:00,2010-12-05 13:00:00,211,0,343.28
15881,313,5,501.39,2,4,2,242,8,At Risk,2010-12-10 13:32:00,2011-01-31 16:59:00,260,52,100.278
15882,199,8,1122.38,2,4,3,243,9,At Risk,2009-12-10 15:33:00,2011-05-25 11:35:00,638,531,140.2975
15883,3,2,396.48,5,2,2,522,9,Potential Loyalists,2011-11-06 14:50:00,2011-12-07 17:05:00,223,31,198.24
15884,433,2,249.7,1,2,1,121,4,Lost,2009-12-03 18:23:00,2010-10-03 15:55:00,158,304,124.85
15885,94,13,1921.82,3,5,4,354,12,Loyal Customers,2010-01-21 12:47:00,2011-09-07 14:56:00,620,594,147.832307692
15886,61,4,1052.87,3,3,3,333,9,Promising,2010-04-20 15:03:00,2011-10-10 14:25:00,667,538,263.2175
15887,407,3,1027.15,2,3,3,233,8,At Risk,2010-06-02 11:53:00,2010-10-29 08:36:00,605,149,342.383333333
15888,81,3,423.49,3,3,2,332,8,Need Attention,2010-07-01 11:51:00,2011-09-20 12:30:00,130,446,141.163333333
15889,157,8,1487.81,3,4,4,344,11,Loyal Customers,2009-12-10 12:21:00,2011-07-06 11:10:00,833,573,185.97625
15890,395,5,535.65,2,4,2,242,8,At Risk,2010-04-14 08:43:00,2010-11-10 12:46:00,119,210,107.13
15891,227,1,521.97,2,1,2,212,5,Hibernating,2011-04-27 12:35:00,2011-04-27 12:35:00,441,0,521.97
15892,670,1,128.2,1,1,1,111,3,Lost,2010-02-08 16:23:00,2010-02-08 16:23:00,46,0,128.2
15893,482,1,305.28,1,1,2,112,4,Lost,2010-08-15 11:12:00,2010-08-15 11:12:00,288,0,305.28
15894,254,2,262.9,2,2,1,221,5,Hibernating,2010-12-05 14:06:00,2011-03-31 13:50:00,167,116,131.45
15895,150,1,179.17,3,1,1,311,5,Need Attention,2011-07-13 10:27:00,2011-07-13 10:27:00,94,0,179.17
15897,195,2,222.05,2,2,1,221,5,Hibernating,2011-05-29 13:32:00,2011-05-29 13:50:00,261,0,111.025
15898,2,25,5070.87,5,5,5,555,15,Champions,2009-12-11 16:11:00,2011-12-08 15:23:00,2185,727,202.8348
15899,369,1,56.25,2,1,1,211,4,Hibernating,2010-12-06 10:36:00,2010-12-06 10:36:00,39,0,56.25
15900,24,4,900.4,4,3,3,433,10,Potential Loyalists,2010-05-26 11:27:00,2011-11-16 12:19:00,661,539,225.1
15901,17,6,683.39,5,4,3,543,12,Loyal Customers,2010-06-14 12:39:00,2011-11-23 12:43:00,693,527,113.898333333
15902,381,1,145.01,2,1,1,211,4,Hibernating,2010-11-24 16:57:00,2010-11-24 16:57:00,124,0,145.01
15903,10,12,8939.84,5,5,5,555,15,Champions,2010-01-14 10:57:00,2011-11-30 08:08:00,3926,685,744.986666667
15904,9,1,164.68,5,1,1,511,7,New Customers,2011-12-01 14:50:00,2011-12-01 14:50:00,84,0,164.68
15905,544,1,114.69,1,1,1,111,3,Lost,2010-06-14 16:00:00,2010-06-14 16:00:00,82,0,114.69
15906,20,10,2555.64,5,5,4,554,14,Champions,2010-09-15 12:17:00,2011-11-20 12:24:00,751,431,255.564
15907,4,3,966.6,5,3,3,533,11,Potential Loyalists,2011-05-13 13:01:00,2011-12-06 12:21:00,508,207,322.2
15908,491,2,764.57,1,2,3,123,6,Lost,2010-07-15 19:21:00,2010-08-06 11:56:00,174,22,382.285
15909,174,1,191.94,3,1,1,311,5,Need Attention,2011-06-19 10:38:00,2011-06-19 10:38:00,98,0,191.94
15910,1,15,2681.8,5,5,4,554,14,Champions,2010-01-21 11:51:00,2011-12-09 10:51:00,2171,687,178.786666667
15911,624,8,1685.89,1,4,4,144,9,At Risk,2009-12-09 13:26:00,2010-03-26 12:06:00,785,107,210.73625
15912,179,9,1074.7,3,5,3,353,11,Loyal Customers,2009-12-10 12:58:00,2011-06-14 14:29:00,759,551,119.411111111
15913,535,1,6.3,1,1,1,111,3,Lost,2010-06-23 16:31:00,2010-06-23 16:31:00,3,0,6.3
15914,379,2,205.99,2,2,1,221,5,Hibernating,2010-11-26 16:09:00,2010-11-26 16:10:00,149,0,102.995
15915,402,1,429,2,1,2,212,5,Hibernating,2010-11-03 11:13:00,2010-11-03 11:13:00,450,0,429
15916,17,13,3194.72,5,5,5,555,15,Champions,2009-12-10 16:21:00,2011-11-23 13:46:00,1638,713,245.747692308
15917,248,5,560.63,2,4,2,242,8,At Risk,2009-12-02 14:55:00,2011-04-06 10:40:00,263,490,112.126
15918,191,3,582.88,2,3,2,232,7,At Risk,2010-03-18 11:40:00,2011-06-02 11:42:00,240,441,194.293333333
15919,20,2,639.89,5,2,3,523,10,Potential Loyalists,2010-12-06 11:26:00,2011-11-20 11:28:00,545,349,319.945
15920,155,8,567.69,3,4,2,342,9,Loyal Customers,2009-12-14 13:09:00,2011-07-08 15:25:00,235,571,70.96125
15921,173,4,792.46,3,3,3,333,9,Promising,2010-03-09 11:03:00,2011-06-20 11:03:00,340,468,198.115
15922,374,1,369.5,2,1,2,212,5,Hibernating,2010-12-01 13:51:00,2010-12-01 13:51:00,138,0,369.5
15923,373,1,127.08,2,1,1,211,4,Hibernating,2010-12-02 12:16:00,2010-12-02 12:16:00,122,0,127.08
15924,732,1,102.82,1,1,1,111,3,Lost,2009-12-08 15:00:00,2009-12-08 15:00:00,103,0,102.82
15925,195,1,207.15,2,1,1,211,4,Hibernating,2011-05-29 15:35:00,2011-05-29 15:35:00,93,0,207.15
15926,543,1,134.44,1,1,1,111,3,Lost,2010-06-15 15:23:00,2010-06-15 15:23:00,155,0,134.44
15927,648,1,123.39,1,1,1,111,3,Lost,2010-03-02 13:25:00,2010-03-02 13:25:00,69,0,123.39
15928,657,1,293.53,1,1,2,112,4,Lost,2010-02-21 15:16:00,2010-02-21 15:16:00,164,0,293.53
15929,645,1,594,1,1,2,112,4,Lost,2010-03-05 14:56:00,2010-03-05 14:56:00,120,0,594
15930,68,1,426.63,3,1,2,312,6,Need Attention,2011-10-03 14:52:00,2011-10-03 14:52:00,139,0,426.63
15931,429,1,239.9,1,1,1,111,3,Lost,2010-10-07 16:46:00,2010-10-07 16:46:00,118,0,239.9
15932,5,8,2495.87,5,4,4,544,13,Champions,2011-02-23 14:50:00,2011-12-05 17:13:00,2325,285,311.98375
15933,22,3,1107.46,4,3,3,433,10,Potential Loyalists,2011-09-14 12:05:00,2011-11-18 13:14:00,885,65,369.153333333
15934,418,2,2190.66,1,2,4,124,7,Lost,2010-10-06 12:08:00,2010-10-18 10:13:00,2166,12,1095.33
15935,240,1,108.04,2,1,1,211,4,Hibernating,2011-04-14 13:27:00,2011-04-14 13:27:00,114,0,108.04
15936,380,2,282.79,2,2,1,221,5,Hibernating,2010-08-29 11:42:00,2010-11-25 16:39:00,211,88,141.395
15937,65,1,145.35,3,1,1,311,5,Need Attention,2011-10-06 15:48:00,2011-10-06 15:48:00,73,0,145.35
15938,113,9,734.81,3,5,3,353,11,Loyal Customers,2010-06-01 09:42:00,2011-08-19 12:56:00,449,444,81.6455555556
15939,90,15,9004.84,3,5,5,355,13,Loyal Customers,2010-11-30 12:07:00,2011-09-11 11:30:00,6227,285,600.322666667
15940,312,1,35.8,2,1,1,211,4,Hibernating,2011-02-01 16:18:00,2011-02-01 16:18:00,4,0,35.8
15941,638,1,405,1,1,2,112,4,Lost,2010-03-12 14:45:00,2010-03-12 14:45:00,60,0,405
15942,134,1,337.44,3,1,2,312,6,Need Attention,2011-07-29 09:01:00,2011-07-29 09:01:00,232,0,337.44
15943,650,2,271.29,1,2,1,121,4,Lost,2010-01-31 11:04:00,2010-02-28 12:49:00,183,28,135.645
15944,277,4,2164.24,2,3,4,234,9,At Risk,2009-12-13 12:57:00,2011-03-08 10:33:00,859,450,541.06
15945,366,4,646.27,2,3,3,233,8,At Risk,2009-12-01 13:47:00,2010-12-09 13:14:00,345,373,161.5675
15946,503,3,2304.18,1,3,4,134,8,At Risk,2010-03-16 10:49:00,2010-07-25 12:18:00,1614,131,768.06
15947,83,1,1708.24,3,1,4,314,8,Need Attention,2011-09-18 10:46:00,2011-09-18 10:46:00,898,0,1708.24
15948,9,3,1509.09,5,3,4,534,12,Potential Loyalists,2010-10-11 12:16:00,2011-12-01 15:32:00,852,416,503.03
15949,17,2,364.72,5,2,2,522,9,Potential Loyalists,2011-09-29 17:34:00,2011-11-23 09:09:00,284,55,182.36
15950,32,10,7180.71,4,5,5,455,14,Champions,2010-01-26 11:39:00,2011-11-08 11:09:00,3384,651,718.071
15951,9,3,1013.17,5,3,3,533,11,Potential Loyalists,2010-11-23 18:20:00,2011-12-01 08:34:00,420,373,337.723333333
15952,34,4,806.57,4,3,3,433,10,Potential Loyalists,2011-04-28 12:55:00,2011-11-06 11:18:00,399,192,201.6425
15953,16,18,3459.71,5,5,5,555,15,Champions,2009-12-03 14:00:00,2011-11-24 15:32:00,1751,721,192.206111111
15954,590,1,187.8,1,1,1,111,3,Lost,2010-04-29 13:35:00,2010-04-29 13:35:00,118,0,187.8
15955,25,22,8085.98,4,5,5,455,14,Champions,2010-02-23 16:36:00,2011-11-15 14:15:00,3967,630,367.544545455
15956,552,2,617.6,1,2,3,123,6,Lost,2009-12-13 11:16:00,2010-06-06 13:06:00,278,175,308.8
15957,32,3,930.1,4,3,3,433,10,Potential Loyalists,2010-10-15 12:11:00,2011-11-08 12:14:00,458,389,310.033333333
15958,75,4,492.99,3,3,2,332,8,Need Attention,2010-06-07 10:59:00,2011-09-26 13:41:00,164,476,123.2475
15959,683,3,579.49,1,3,2,132,6,At Risk,2010-01-26 16:19:00,2010-01-26 16:38:00,282,0,193.163333333
15960,375,4,410.95,2,3,2,232,7,At Risk,2010-09-30 15:50:00,2010-11-30 15:57:00,258,61,102.7375
15961,380,1,451.29,2,1,2,212,5,Hibernating,2010-11-25 15:59:00,2010-11-25 15:59:00,154,0,451.29
15962,450,1,295.83,1,1,2,112,4,Lost,2010-09-16 13:48:00,2010-09-16 13:48:00,235,0,295.83
15963,20,2,470.76,5,2,2,522,9,Potential Loyalists,2011-10-25 13:05:00,2011-11-20 11:33:00,298,26,235.38
15964,664,1,272.96,1,1,1,111,3,Lost,2010-02-14 15:30:00,2010-02-14 15:30:00,94,0,272.96
15965,18,13,2856.9,5,5,4,554,14,Champions,2009-12-03 11:45:00,2011-11-22 16:44:00,1359,719,219.761538462
15966,451,1,426.53,1,1,2,112,4,Lost,2010-09-15 10:44:00,2010-09-15 10:44:00,275,0,426.53
15967,24,12,3041.6,4,5,5,455,14,Champions,2009-12-01 13:29:00,2011-11-16 15:41:00,1204,715,253.466666667
15968,389,1,415.3,2,1,2,212,5,Hibernating,2010-11-16 13:04:00,2010-11-16 13:04:00,248,0,415.3
15969,3,5,1127.05,5,4,3,543,12,Loyal Customers,2010-07-05 13:10:00,2011-12-07 11:06:00,223,520,225.41
15970,304,2,1017.32,2,2,3,223,7,Hibernating,2010-04-20 11:30:00,2011-02-09 12:08:00,498,295,508.66
15971,18,18,5897.88,5,5,5,555,15,Champions,2009-12-08 09:46:00,2011-11-22 12:50:00,2250,714,327.66
15972,457,5,1810.27,1,4,4,144,9,At Risk,2010-04-18 14:06:00,2010-09-09 13:20:00,480,144,362.054
15973,367,2,665.62,2,2,3,223,7,Hibernating,2010-10-07 08:33:00,2010-12-08 11:42:00,194,62,332.81
15974,40,7,3442.15,4,4,5,445,13,Champions,2011-02-24 10:10:00,2011-10-31 13:13:00,2262,249,491.735714286
15975,85,1,371.01,3,1,2,312,6,Need Attention,2011-09-16 13:33:00,2011-09-16 13:33:00,243,0,371.01
15976,166,6,1732.54,3,4,4,344,11,Loyal Customers,2010-06-06 14:01:00,2011-06-27 13:00:00,1069,386,288.756666667
15977,18,2,1054.73,5,2,3,523,10,Potential Loyalists,2011-10-31 16:24:00,2011-11-22 13:29:00,1016,22,527.365
15978,78,3,3279.42,3,3,5,335,11,Promising,2010-03-05 14:39:00,2011-09-23 15:21:00,2444,567,1093.14
15979,603,1,329.22,1,1,2,112,4,Lost,2010-04-16 11:35:00,2010-04-16 11:35:00,450,0,329.22
15980,89,7,6593.68,3,4,5,345,12,Loyal Customers,2010-06-01 14:40:00,2011-09-12 09:41:00,4862,468,941.954285714
15981,25,21,9362.77,4,5,5,455,14,Champions,2010-03-29 10:07:00,2011-11-15 08:00:00,4827,596,445.846190476
15982,606,1,324.51,1,1,2,112,4,Lost,2010-04-13 15:47:00,2010-04-13 15:47:00,131,0,324.51
15983,23,8,3135.27,4,4,5,445,13,Champions,2009-12-06 12:52:00,2011-11-17 17:34:00,1890,711,391.90875
15984,3,30,8636.62,5,5,5,555,15,Champions,2009-12-01 13:38:00,2011-12-07 12:16:00,6028,736,287.887333333
15985,124,7,2715.28,3,4,4,344,11,Loyal Customers,2010-05-27 15:51:00,2011-08-08 16:31:00,2750,438,387.897142857
15986,31,2,354.42,4,2,2,422,8,Potential Loyalists,2010-11-23 10:02:00,2011-11-09 15:17:00,368,351,177.21
15987,13,8,1568.65,5,4,4,544,13,Champions,2010-11-25 12:56:00,2011-11-27 15:38:00,1629,367,196.08125
15988,20,3,767.59,5,3,3,533,11,Potential Loyalists,2010-02-21 11:36:00,2011-11-20 13:23:00,484,637,255.863333333
15989,376,2,372.51,2,2,2,222,6,Hibernating,2009-12-02 15:51:00,2010-11-29 12:03:00,171,362,186.255
15990,45,7,2010.05,4,4,4,444,12,Champions,2010-02-28 12:30:00,2011-10-26 15:58:00,1090,605,287.15
15991,535,1,150.55,1,1,1,111,3,Lost,2010-06-23 15:50:00,2010-06-23 15:50:00,41,0,150.55
15992,4,3,896.6,5,3,3,533,11,Potential Loyalists,2010-09-12 11:52:00,2011-12-06 11:00:00,514,450,298.866666667
15993,9,7,2788.87,5,4,4,544,13,Champions,2011-10-26 16:21:00,2011-12-01 10:45:00,2045,36,398.41
15994,55,3,1202.18,4,3,3,433,10,Potential Loyalists,2010-03-14 11:55:00,2011-10-16 12:28:00,469,581,400.726666667
15995,415,1,696.19,1,1,3,113,5,Lost,2010-10-21 13:57:00,2010-10-21 13:57:00,353,0,696.19
15996,89,7,1423.65,3,4,4,344,11,Loyal Customers,2010-11-07 15:49:00,2011-09-12 15:14:00,652,309,203.378571429
15998,37,16,8308.34,4,5,5,455,14,Champions,2009-12-01 11:45:00,2011-11-03 12:45:00,5372,702,519.27125
15999,736,1,20.4,1,1,1,111,3,Lost,2009-12-04 12:31:00,2009-12-04 12:31:00,24,0,20.4
16000,3,3,12393.7,5,3,5,535,13,Potential Loyalists,2011-12-07 12:14:00,2011-12-07 12:17:00,5110,0,4131.23333333
16001,382,1,583.39,2,1,2,212,5,Hibernating,2010-11-23 17:10:00,2010-11-23 17:10:00,337,0,583.39
16002,626,1,169.21,1,1,1,111,3,Lost,2010-03-24 13:08:00,2010-03-24 13:08:00,70,0,169.21
16003,30,10,5613.83,4,5,5,455,14,Champions,2009-12-03 18:51:00,2011-11-10 09:57:00,2210,707,561.383
16004,475,5,2146.39,1,4,4,144,9,At Risk,2010-01-25 13:56:00,2010-08-22 11:48:00,1076,209,429.278
16005,13,10,2435.8,5,5,4,554,14,Champions,2010-09-15 13:21:00,2011-11-27 13:47:00,1308,438,243.58
16006,212,2,347.17,2,2,2,222,6,Hibernating,2010-11-17 12:03:00,2011-05-12 13:12:00,211,176,173.585
16007,48,7,3075.14,4,4,5,445,13,Champions,2010-06-14 13:18:00,2011-10-23 11:05:00,2643,496,439.305714286
16008,24,15,5384.13,4,5,5,455,14,Champions,2010-03-19 11:07:00,2011-11-16 10:32:00,3273,607,358.942
16009,23,4,992.71,4,3,3,433,10,Potential Loyalists,2011-07-03 11:26:00,2011-11-17 16:51:00,378,137,248.1775
16010,246,11,1724.06,2,5,4,254,11,At Risk,2010-10-24 10:54:00,2011-04-08 10:14:00,931,166,156.732727273
16011,9,29,5640.81,5,5,5,555,15,Champions,2009-12-01 12:02:00,2011-12-01 16:31:00,3344,730,194.510689655
16012,36,5,2989.79,4,4,5,445,13,Champions,2010-06-28 11:39:00,2011-11-04 13:25:00,1766,494,597.958
16013,4,84,56384.44,5,5,5,555,15,Champions,2009-12-08 10:24:00,2011-12-06 10:36:00,25592,728,671.243333333
16014,38,5,1130.27,4,4,3,443,11,Loyal Customers,2010-01-31 12:43:00,2011-11-02 12:04:00,478,640,226.054
16015,4,3,705.1,5,3,3,533,11,Potential Loyalists,2011-10-21 12:56:00,2011-12-06 10:58:00,908,46,235.033333333
16016,4,11,2151.67,5,5,4,554,14,Champions,2010-11-02 13:27:00,2011-12-06 14:35:00,913,399,195.606363636
16017,48,5,1553.83,4,4,4,444,12,Champions,2010-01-05 12:06:00,2011-10-23 12:56:00,640,656,310.766
16018,40,4,698.13,4,3,3,433,10,Potential Loyalists,2009-12-07 13:57:00,2011-10-31 14:13:00,503,693,174.5325
16019,47,27,17465.85,4,5,5,455,14,Champions,2009-12-14 14:12:00,2011-10-24 11:51:00,6976,679,646.883333333
16020,17,3,851.01,5,3,3,533,11,Potential Loyalists,2011-10-05 13:54:00,2011-11-23 11:18:00,487,49,283.67
16021,396,2,532.25,2,2,2,222,6,Hibernating,2010-06-13 11:05:00,2010-11-09 14:48:00,297,149,266.125
16022,261,1,628.28,2,1,3,213,6,Hibernating,2011-03-24 13:16:00,2011-03-24 13:16:00,261,0,628.28
16023,47,3,719.81,4,3,3,433,10,Potential Loyalists,2011-03-18 13:32:00,2011-10-24 16:34:00,358,220,239.936666667
16024,13,3,478.92,5,3,2,532,10,Potential Loyalists,2010-10-24 11:40:00,2011-11-27 13:26:00,485,399,159.64
16025,30,1,439.66,4,1,2,412,7,Promising,2011-11-10 11:45:00,2011-11-10 11:45:00,338,0,439.66
16026,44,1,236.09,4,1,1,411,6,Promising,2011-10-27 13:53:00,2011-10-27 13:53:00,243,0,236.09
16027,92,15,2048.36,3,5,4,354,12,Loyal Customers,2010-01-08 13:21:00,2011-09-09 10:47:00,2099,609,136.557333333
16028,596,1,82.2,1,1,1,111,3,Lost,2010-04-23 11:45:00,2010-04-23 11:45:00,18,0,82.2
16029,39,106,109794.87,4,5,5,455,14,Champions,2009-12-08 11:23:00,2011-11-01 10:27:00,54549,693,1035.80066038
16030,310,1,331.24,2,1,2,212,5,Hibernating,2011-02-03 11:28:00,2011-02-03 11:28:00,283,0,331.24
16031,93,2,548.94,3,2,2,322,7,Need Attention,2011-04-06 14:23:00,2011-09-08 13:07:00,423,155,274.47
16032,457,6,1970.45,1,4,4,144,9,At Risk,2010-07-04 13:31:00,2010-09-09 18:00:00,1480,67,328.408333333
16033,6,27,10680.49,5,5,5,555,15,Champions,2010-08-11 16:44:00,2011-12-04 12:44:00,4236,480,395.573703704
16034,197,6,928.72,2,4,3,243,9,At Risk,2010-10-26 13:00:00,2011-05-27 16:17:00,597,213,154.786666667
16035,561,1,217.73,1,1,1,111,3,Lost,2010-05-28 15:09:00,2010-05-28 15:09:00,33,0,217.73
16036,88,4,2556.84,3,3,4,334,10,Promising,2010-03-29 14:47:00,2011-09-13 14:53:00,1369,533,639.21
16037,270,5,1509.34,2,4,4,244,10,At Risk,2010-03-01 12:31:00,2011-03-15 09:13:00,766,379,301.868
16038,8,3,471.78,5,3,2,532,10,Potential Loyalists,2011-05-22 11:29:00,2011-12-02 12:40:00,244,194,157.26
16039,424,2,456.4,1,2,2,122,5,Lost,2010-03-21 15:17:00,2010-10-12 10:44:00,409,205,228.2
16040,66,7,2416.9,3,4,4,344,11,Loyal Customers,2010-04-09 10:12:00,2011-10-05 13:47:00,1185,544,345.271428571
16041,31,3,3166.4,4,3,5,435,12,Potential Loyalists,2011-07-21 16:27:00,2011-11-09 12:25:00,1584,111,1055.46666667
16042,23,8,2265.12,4,4,4,444,12,Champions,2010-09-12 12:00:00,2011-11-17 17:50:00,1442,431,283.14
16043,38,8,1856.59,4,4,4,444,12,Champions,2010-08-15 11:26:00,2011-11-02 12:50:00,1011,444,232.07375
16044,436,1,340.84,1,1,2,112,4,Lost,2010-09-30 18:12:00,2010-09-30 18:12:00,170,0,340.84
16045,120,8,3434.93,3,4,5,345,12,Loyal Customers,2010-07-29 12:50:00,2011-08-12 12:41:00,2108,379,429.36625
16046,563,1,235.78,1,1,1,111,3,Lost,2010-05-26 13:18:00,2010-05-26 13:18:00,248,0,235.78
16048,374,4,818.79,2,3,3,233,8,At Risk,2010-06-08 12:36:00,2010-12-01 15:28:00,425,176,204.6975
16049,41,6,1899.68,4,4,4,444,12,Champions,2010-07-11 13:53:00,2011-10-30 13:19:00,1165,476,316.613333333
16050,174,3,300.7,3,3,2,332,8,Need Attention,2010-11-03 15:55:00,2011-06-19 11:44:00,388,228,100.233333333
16051,682,1,188.44,1,1,1,111,3,Lost,2010-01-27 09:38:00,2010-01-27 09:38:00,80,0,188.44
16052,55,1,362.06,4,1,2,412,7,Promising,2011-10-16 15:13:00,2011-10-16 15:13:00,282,0,362.06
16053,33,6,3634.84,4,4,5,445,13,Champions,2010-04-08 11:11:00,2011-11-07 11:21:00,3067,578,605.806666667
16054,146,4,2111.88,3,3,4,334,10,Promising,2010-04-01 18:37:00,2011-07-17 13:08:00,791,472,527.97
16055,221,1,134.8,2,1,1,211,4,Hibernating,2011-05-03 09:26:00,2011-05-03 09:26:00,22,0,134.8
16056,46,1,664.85,4,1,3,413,8,Promising,2011-10-25 15:19:00,2011-10-25 15:19:00,347,0,664.85
16057,17,10,3854.85,5,5,5,555,15,Champions,2010-01-07 17:11:00,2011-11-23 15:23:00,1691,685,385.485
16058,407,1,62.7,2,1,1,211,4,Hibernating,2010-10-29 16:48:00,2010-10-29 16:48:00,18,0,62.7
16059,66,12,3099.52,3,5,5,355,13,Loyal Customers,2010-05-19 13:04:00,2011-10-05 09:56:00,1458,504,258.293333333
16060,401,3,541.95,2,3,2,232,7,At Risk,2010-08-02 15:26:00,2010-11-04 12:10:00,243,94,180.65
16061,432,1,89.65,1,1,1,111,3,Lost,2010-10-04 15:29:00,2010-10-04 15:29:00,19,0,89.65
16062,10,8,2863.45,5,4,4,544,13,Champions,2010-06-21 13:32:00,2011-11-30 12:15:00,2035,527,357.93125
16063,261,1,335.32,2,1,2,212,5,Hibernating,2011-03-24 14:55:00,2011-03-24 14:56:00,262,0,335.32
16064,726,1,111,1,1,1,111,3,Lost,2009-12-14 16:11:00,2009-12-14 16:11:00,56,0,111
16065,366,8,2010.53,2,4,4,244,10,At Risk,2010-09-02 13:27:00,2010-12-09 13:03:00,1216,98,251.31625
16066,17,5,1521.87,5,4,4,544,13,Champions,2011-08-07 14:33:00,2011-11-23 11:54:00,936,108,304.374
16067,563,3,3395.29,1,3,5,135,9,At Risk,2010-02-02 18:01:00,2010-05-26 12:33:00,1279,113,1131.76333333
16068,594,1,122.93,1,1,1,111,3,Lost,2010-04-25 11:52:00,2010-04-25 11:52:00,52,0,122.93
16069,418,1,457.7,1,1,2,112,4,Lost,2010-10-18 10:32:00,2010-10-18 10:32:00,138,0,457.7
16070,23,2,852.15,4,2,3,423,9,Potential Loyalists,2011-11-07 16:36:00,2011-11-17 15:50:00,457,10,426.075
16071,45,4,1076.8,4,3,3,433,10,Potential Loyalists,2010-02-22 14:48:00,2011-10-26 11:14:00,697,611,269.2
16072,289,4,4328.89,2,3,5,235,10,At Risk,2010-06-08 16:47:00,2011-02-24 14:32:00,1611,261,1082.2225
16073,298,1,122.4,2,1,1,211,4,Hibernating,2011-02-15 15:41:00,2011-02-15 15:41:00,48,0,122.4
16074,391,1,265.25,2,1,1,211,4,Hibernating,2010-11-14 13:19:00,2010-11-14 13:19:00,39,0,265.25
16075,503,2,736.93,1,2,3,123,6,Lost,2010-05-24 15:57:00,2010-07-25 11:31:00,271,62,368.465
16076,4,10,2234.73,5,5,4,554,14,Champions,2011-05-15 12:31:00,2011-12-06 14:59:00,1435,205,223.473
16077,626,1,2300.4,1,1,4,114,6,Lost,2010-03-24 10:42:00,2010-03-24 10:42:00,840,0,2300.4
16078,284,2,362.99,2,2,2,222,6,Hibernating,2010-02-08 13:29:00,2011-03-01 09:47:00,200,386,181.495
16079,17,3,1352,5,3,4,534,12,Potential Loyalists,2011-10-30 13:06:00,2011-11-23 12:48:00,864,24,450.666666667
16080,82,4,602.56,3,3,2,332,8,Need Attention,2010-09-15 14:19:00,2011-09-19 10:42:00,298,369,150.64
16081,57,8,4302.58,4,4,5,445,13,Champions,2010-02-03 12:46:00,2011-10-14 13:06:00,2191,618,537.8225
16082,671,1,106.75,1,1,1,111,3,Lost,2010-02-07 15:16:00,2010-02-07 15:16:00,39,0,106.75
16083,101,4,2351.42,3,3,4,334,10,Promising,2010-11-16 11:53:00,2011-08-31 10:47:00,1514,288,587.855
16084,300,1,436.18,2,1,2,212,5,Hibernating,2011-02-13 16:05:00,2011-02-13 16:05:00,216,0,436.18
16085,24,12,2327.21,4,5,4,454,13,Champions,2010-01-20 14:03:00,2011-11-16 13:24:00,1381,665,193.934166667
16086,60,10,2687.73,3,5,4,354,12,Loyal Customers,2009-12-02 13:20:00,2011-10-11 13:09:00,1450,678,268.773
16087,390,5,1739.92,2,4,4,244,10,At Risk,2010-01-19 12:30:00,2010-11-15 16:44:00,664,300,347.984
16088,576,2,1437.43,1,2,4,124,7,Lost,2010-04-27 10:56:00,2010-05-13 10:16:00,373,16,718.715
16089,387,2,271.44,2,2,1,221,5,Hibernating,2010-07-18 15:51:00,2010-11-18 13:51:00,122,123,135.72
16090,625,1,205.91,1,1,1,111,3,Lost,2010-03-25 13:05:00,2010-03-25 13:05:00,65,0,205.91
16091,155,2,315.06,3,2,2,322,7,Need Attention,2011-05-25 09:18:00,2011-07-08 08:45:00,154,44,157.53
16092,115,6,1587.94,3,4,4,344,11,Loyal Customers,2010-05-09 16:10:00,2011-08-17 10:46:00,1188,465,264.656666667
16093,107,1,17,3,1,1,311,5,Need Attention,2011-08-25 11:09:00,2011-08-25 11:09:00,20,0,17
16094,12,11,3695.56,5,5,5,555,15,Champions,2010-04-16 14:00:00,2011-11-28 12:45:00,2020,591,335.96
16095,457,1,447.05,1,1,2,112,4,Lost,2010-09-09 16:54:00,2010-09-09 16:54:00,265,0,447.05
16096,265,4,1584.97,2,3,4,234,9,At Risk,2010-03-04 15:44:00,2011-03-20 13:38:00,700,381,396.2425
16097,241,1,185.05,2,1,1,211,4,Hibernating,2011-04-13 13:47:00,2011-04-13 13:47:00,87,0,185.05
16098,88,14,4017.5,3,5,5,355,13,Loyal Customers,2009-12-15 09:40:00,2011-09-13 09:59:00,2016,637,286.964285714
16099,51,7,1573.2,4,4,4,444,12,Champions,2010-03-03 11:13:00,2011-10-20 13:13:00,960,596,224.742857143
16100,463,1,582.64,1,1,2,112,4,Lost,2010-09-03 11:39:00,2010-09-03 11:39:00,438,0,582.64
16101,71,4,3229.16,3,3,5,335,11,Promising,2010-05-27 12:50:00,2011-09-30 10:18:00,1844,491,807.29
16102,43,3,1842.14,4,3,4,434,11,Potential Loyalists,2011-08-03 12:50:00,2011-10-28 13:19:00,942,86,614.046666667
16103,8,22,6191.71,5,5,5,555,15,Champions,2010-01-08 12:08:00,2011-12-02 14:16:00,2639,693,281.441363636
16104,62,9,2778.61,3,5,4,354,12,Loyal Customers,2009-12-06 10:41:00,2011-10-09 10:23:00,1048,672,308.734444444
16105,249,5,2386.19,2,4,4,244,10,At Risk,2010-04-14 13:27:00,2011-04-05 10:13:00,2125,356,477.238
16106,66,1,108.38,3,1,1,311,5,Need Attention,2011-10-05 10:37:00,2011-10-05 10:37:00,74,0,108.38
16107,18,7,3204.16,5,4,5,545,14,Champions,2011-06-09 18:42:00,2011-11-22 09:40:00,1176,166,457.737142857
16108,85,4,2235.92,3,3,4,334,10,Promising,2010-03-18 14:14:00,2011-09-16 11:48:00,1473,547,558.98
16109,219,3,939.48,2,3,3,233,8,At Risk,2010-01-10 10:37:00,2011-05-05 09:17:00,1092,480,313.16
16110,46,4,1819.27,4,3,4,434,11,Potential Loyalists,2010-07-05 13:04:00,2011-10-25 14:35:00,902,477,454.8175
16111,429,1,562.48,1,1,2,112,4,Lost,2010-10-07 19:51:00,2010-10-07 19:51:00,236,0,562.48
16112,144,4,195.74,3,3,1,331,7,Need Attention,2011-01-05 11:47:00,2011-07-19 14:28:00,574,195,48.935
16113,184,1,161.38,3,1,1,311,5,Need Attention,2011-06-09 16:16:00,2011-06-09 16:16:00,176,0,161.38
16114,171,1,135.75,3,1,1,311,5,Need Attention,2011-06-22 10:13:00,2011-06-22 10:13:00,43,0,135.75
16115,10,12,2575.14,5,5,4,554,14,Champions,2010-05-14 11:59:00,2011-11-30 11:32:00,1601,565,214.595
16116,212,1,612.78,2,1,3,213,6,Hibernating,2011-05-12 12:01:00,2011-05-12 12:01:00,248,0,612.78
16117,190,3,654.4,2,3,3,233,8,At Risk,2010-04-27 11:50:00,2011-06-03 11:42:00,321,402,218.133333333
16118,653,1,4376.25,1,1,5,115,7,Lost,2010-02-25 09:40:00,2010-02-25 09:40:00,2851,0,4376.25
16119,9,8,1720.81,5,4,4,544,13,Champions,2009-12-16 11:56:00,2011-12-01 15:11:00,811,715,215.10125
16120,60,6,3056.91,3,4,5,345,12,Loyal Customers,2010-10-13 15:07:00,2011-10-11 14:22:00,2205,363,509.485
16121,58,5,1477.09,4,4,4,444,12,Champions,2010-05-23 10:52:00,2011-10-13 12:59:00,897,508,295.418
16122,74,6,895.62,3,4,3,343,10,Loyal Customers,2010-10-10 15:26:00,2011-09-27 15:34:00,1280,352,149.27
16123,52,1,307.78,4,1,2,412,7,Promising,2011-10-19 09:18:00,2011-10-19 09:18:00,170,0,307.78
16124,318,4,1772.49,2,3,4,234,9,At Risk,2009-12-07 10:33:00,2011-01-26 14:45:00,797,415,443.1225
16125,368,14,4298.3,2,5,5,255,12,At Risk,2009-12-14 15:38:00,2010-12-07 15:48:00,1820,358,307.021428571
16126,30,15,14646.8,4,5,5,455,14,Champions,2009-12-02 13:34:00,2011-11-10 16:03:00,6142,708,976.453333333
16127,40,2,801.31,4,2,3,423,9,Potential Loyalists,2009-12-13 12:19:00,2011-10-31 13:58:00,391,687,400.655
16128,18,11,3801.05,5,5,5,555,15,Champions,2010-07-16 16:30:00,2011-11-22 11:14:00,2445,494,345.55
16129,408,3,1396.05,2,3,4,234,9,At Risk,2010-07-20 12:32:00,2010-10-28 14:29:00,1261,100,465.35
16130,423,4,987.48,1,3,3,133,7,At Risk,2010-04-01 13:58:00,2010-10-13 15:14:00,296,195,246.87
16131,52,12,9957.42,4,5,5,455,14,Champions,2009-12-02 10:09:00,2011-10-19 11:53:00,4768,686,829.785
16132,545,2,664.2,1,2,3,123,6,Lost,2010-03-22 10:25:00,2010-06-13 13:49:00,280,83,332.1
16133,4,56,22992.26,5,5,5,555,15,Champions,2010-03-31 12:21:00,2011-12-06 11:24:00,13653,615,410.576071429
16134,22,5,2145.34,4,4,4,444,12,Champions,2010-06-17 09:48:00,2011-11-18 10:05:00,1637,519,429.068
16135,263,2,819.45,2,2,3,223,7,Hibernating,2010-05-05 09:35:00,2011-03-22 12:30:00,395,321,409.725
16136,60,4,946.8,3,3,3,333,9,Promising,2010-02-14 12:49:00,2011-10-11 09:10:00,674,604,236.7
16137,681,1,422.7,1,1,2,112,4,Lost,2010-01-28 15:04:00,2010-01-28 15:04:00,210,0,422.7
16138,379,3,910.35,2,3,3,233,8,At Risk,2010-04-28 09:51:00,2010-11-26 12:13:00,774,212,303.45
16139,19,5,1111.15,5,4,3,543,12,Loyal Customers,2009-12-03 13:51:00,2011-11-21 08:37:00,602,718,222.23
16140,66,3,1433.46,3,3,4,334,10,Promising,2010-09-24 12:03:00,2011-10-05 12:15:00,1272,376,477.82
16141,89,2,955.94,3,2,3,323,8,Promising,2010-10-18 14:12:00,2011-09-12 13:11:00,410,329,477.97
16142,250,1,535.34,2,1,2,212,5,Hibernating,2011-04-04 10:16:00,2011-04-04 10:16:00,422,0,535.34
16143,4,12,4555.08,5,5,5,555,15,Champions,2009-12-10 09:44:00,2011-12-06 14:13:00,1866,726,379.59
16144,247,1,175.2,2,1,1,211,4,Hibernating,2011-04-07 10:09:00,2011-04-07 10:09:00,16,0,175.2
16145,9,19,6805.44,5,5,5,555,15,Champions,2010-05-04 13:31:00,2011-12-01 10:33:00,5270,576,358.181052632
16146,158,4,946.38,3,3,3,333,9,Promising,2010-09-17 10:46:00,2011-07-05 14:20:00,544,291,236.595
16147,134,5,2398.91,3,4,4,344,11,Loyal Customers,2010-02-05 12:26:00,2011-07-29 09:57:00,1395,539,479.782
16148,297,2,386.62,2,2,2,222,6,Hibernating,2010-09-29 10:12:00,2011-02-16 14:01:00,250,140,193.31
16149,5,3,422.22,5,3,2,532,10,Potential Loyalists,2010-10-06 15:54:00,2011-12-05 11:29:00,598,425,140.74
16150,43,10,4002.17,4,5,5,455,14,Champions,2009-12-17 15:33:00,2011-10-28 12:39:00,1990,680,400.217
16152,269,1,1829.04,2,1,4,214,7,Hibernating,2011-03-16 09:47:00,2011-03-16 09:47:00,642,0,1829.04
16153,50,11,5133.49,4,5,5,455,14,Champions,2010-05-26 12:41:00,2011-10-21 10:50:00,3693,513,466.680909091
16155,382,5,796.9,2,4,3,243,9,At Risk,2010-06-18 11:23:00,2010-11-23 12:03:00,495,158,159.38
16156,9,20,6218.18,5,5,5,555,15,Champions,2009-12-02 17:06:00,2011-12-01 12:42:00,3240,729,310.909
16157,16,3,656.69,5,3,3,533,11,Potential Loyalists,2011-09-28 11:48:00,2011-11-24 11:41:00,347,57,218.896666667
16158,523,9,628.32,1,5,3,153,9,At Risk,2009-12-05 15:00:00,2010-07-05 13:55:00,182,212,69.8133333333
16159,282,4,1232.79,2,3,4,234,9,At Risk,2009-12-03 11:51:00,2011-03-03 12:27:00,635,455,308.1975
16160,66,2,1025.44,3,2,3,323,8,Promising,2011-09-15 10:53:00,2011-10-05 14:19:00,1162,20,512.72
16161,2,43,12667.6,5,5,5,555,15,Champions,2010-02-08 11:06:00,2011-12-08 12:10:00,6292,668,294.595348837
16162,253,1,37.4,2,1,1,211,4,Hibernating,2011-04-01 15:03:00,2011-04-01 15:03:00,4,0,37.4
16163,233,6,2407.98,2,4,4,244,10,At Risk,2009-12-02 10:00:00,2011-04-21 15:15:00,676,505,401.33
16164,18,3,822.48,5,3,3,533,11,Potential Loyalists,2011-10-28 09:12:00,2011-11-22 15:04:00,433,25,274.16
16165,506,1,79.9,1,1,1,111,3,Lost,2010-07-22 14:17:00,2010-07-22 14:17:00,2,0,79.9
16166,429,2,435.83,1,2,2,122,5,Lost,2010-01-17 14:16:00,2010-10-07 15:44:00,173,263,217.915
16167,415,5,1386.12,1,4,4,144,9,At Risk,2009-12-01 10:46:00,2010-10-21 15:33:00,1494,324,277.224
16168,11,66,10360.67,5,5,5,555,15,Champions,2009-12-03 12:38:00,2011-11-29 12:45:00,4975,726,156.979848485
16169,9,4,1822.97,5,3,4,534,12,Potential Loyalists,2011-09-25 11:33:00,2011-12-01 15:28:00,1325,67,455.7425
16170,51,20,6869,4,5,5,455,14,Champions,2010-02-18 13:50:00,2011-10-20 08:21:00,6056,609,343.45
16171,60,1,73.2,3,1,1,311,5,Need Attention,2011-10-11 14:51:00,2011-10-11 14:51:00,24,0,73.2
16172,96,8,1884.55,3,4,4,344,11,Loyal Customers,2010-07-14 15:34:00,2011-09-05 13:22:00,1419,418,235.56875
16173,16,6,1418.32,5,4,4,544,13,Champions,2011-09-02 15:23:00,2011-11-24 10:53:00,575,83,236.386666667
16174,127,7,2246.75,3,4,4,344,11,Loyal Customers,2010-04-15 15:12:00,2011-08-05 13:26:00,1431,477,320.964285714
16175,95,7,1836.44,3,4,4,344,11,Loyal Customers,2010-05-25 12:01:00,2011-09-06 14:32:00,932,469,262.348571429
16176,422,4,2052.69,1,3,4,134,8,At Risk,2010-03-29 14:52:00,2010-10-14 13:54:00,952,199,513.1725
16177,51,8,2247.31,4,4,4,444,12,Champions,2010-03-02 14:03:00,2011-10-20 12:57:00,1021,597,280.91375
16178,139,2,612.6,3,2,3,323,8,Promising,2010-11-03 14:46:00,2011-07-24 16:05:00,304,263,306.3
16179,61,1,215.83,3,1,1,311,5,Need Attention,2011-10-10 09:41:00,2011-10-10 09:41:00,99,0,215.83
16180,101,13,16249.87,3,5,5,355,13,Loyal Customers,2010-06-23 13:19:00,2011-08-31 16:28:00,9813,434,1249.99
16181,74,1,305.54,3,1,2,312,6,Need Attention,2011-09-27 13:38:00,2011-09-27 13:38:00,152,0,305.54
16182,73,9,9971.65,3,5,5,355,13,Loyal Customers,2010-03-09 09:34:00,2011-09-28 13:23:00,5887,568,1107.96111111
16183,68,4,1077.81,3,3,3,333,9,Promising,2010-10-28 14:43:00,2011-10-03 14:59:00,351,340,269.4525
16184,65,6,1158.79,3,4,3,343,10,Loyal Customers,2011-05-12 13:33:00,2011-10-06 17:43:00,561,147,193.131666667
16185,17,3,644.72,5,3,3,533,11,Potential Loyalists,2010-05-24 11:04:00,2011-11-23 09:41:00,321,548,214.906666667
16186,23,26,8718.43,4,5,5,455,14,Champions,2009-12-09 15:36:00,2011-11-17 12:43:00,6594,708,335.324230769
16187,32,15,6911.44,4,5,5,455,14,Champions,2011-02-28 13:34:00,2011-11-08 09:50:00,5048,253,460.762666667
16188,45,5,1087.66,4,4,3,443,11,Loyal Customers,2010-10-27 11:50:00,2011-10-26 12:19:00,838,364,217.532
16189,16,2,215.48,5,2,1,521,8,Potential Loyalists,2011-09-15 15:21:00,2011-11-24 11:47:00,134,70,107.74
16190,41,8,2723.55,4,4,4,444,12,Champions,2009-12-14 11:59:00,2011-10-30 15:59:00,1231,685,340.44375
16191,3,24,15688.02,5,5,5,555,15,Champions,2009-12-11 12:24:00,2011-12-07 11:26:00,9360,726,653.6675
16192,736,1,351.3,1,1,2,112,4,Lost,2009-12-04 12:28:00,2009-12-04 12:28:00,208,0,351.3
16193,237,2,630.43,2,2,3,223,7,Hibernating,2010-10-25 10:25:00,2011-04-17 11:45:00,379,174,315.215
16194,376,1,308.6,2,1,2,212,5,Hibernating,2010-11-29 13:28:00,2010-11-29 13:28:00,140,0,308.6
16195,724,1,323.25,1,1,2,112,4,Lost,2009-12-16 14:09:00,2009-12-16 14:09:00,123,0,323.25
16196,489,1,93.3,1,1,1,111,3,Lost,2010-08-08 11:40:00,2010-08-08 11:40:00,26,0,93.3
16197,470,9,2016.71,1,5,4,154,10,At Risk,2009-12-16 11:44:00,2010-08-27 12:56:00,1420,254,224.078888889
16198,76,2,1030.041,3,2,3,323,8,Promising,2010-09-28 13:59:00,2011-09-25 14:58:00,384,362,515.0205
16199,393,7,942.75,2,4,3,243,9,At Risk,2010-03-18 18:47:00,2010-11-12 12:55:00,321,239,134.678571429
16200,5,12,5643.45,5,5,5,555,15,Champions,2009-12-02 15:04:00,2011-12-05 14:40:00,3089,733,470.2875
16201,4,5,2112.12,5,4,4,544,13,Champions,2010-10-20 12:00:00,2011-12-06 16:02:00,1421,412,422.424
16202,361,9,2501.99,2,5,4,254,11,At Risk,2009-12-02 10:48:00,2010-12-14 10:43:00,1307,377,277.998888889
16203,59,6,943.84,4,4,3,443,11,Loyal Customers,2010-07-23 13:09:00,2011-10-12 12:31:00,537,446,157.306666667
16204,24,3,944.24,4,3,3,433,10,Potential Loyalists,2009-12-08 17:44:00,2011-11-16 13:40:00,686,708,314.746666667
16205,31,7,1824.01,4,4,4,444,12,Champions,2010-06-15 11:58:00,2011-11-09 09:32:00,1451,512,260.572857143
16206,55,13,2589.57,4,5,4,454,13,Champions,2010-01-24 15:25:00,2011-10-16 10:41:00,1383,630,199.197692308
16207,26,1,394.38,4,1,2,412,7,Promising,2011-11-14 13:51:00,2011-11-14 13:51:00,140,0,394.38
16208,45,10,3440.45,4,5,5,455,14,Champions,2010-02-24 14:24:00,2011-10-26 11:36:00,1541,609,344.045
16209,89,9,4146.78,3,5,5,355,13,Loyal Customers,2010-06-11 11:58:00,2011-09-12 11:58:00,1895,458,460.753333333
16210,2,33,33730.97,5,5,5,555,15,Champions,2009-12-02 12:54:00,2011-12-08 12:36:00,12395,736,1022.15060606
16211,89,3,1090.59,3,3,3,333,9,Promising,2010-09-27 15:24:00,2011-09-12 12:11:00,519,350,363.53
16212,20,4,1293.71,5,3,4,534,12,Potential Loyalists,2010-02-07 15:26:00,2011-11-20 13:00:00,571,651,323.4275
16213,79,1,159,3,1,1,311,5,Need Attention,2011-09-22 10:03:00,2011-09-22 10:03:00,48,0,159
16214,171,4,2038.25,3,3,4,334,10,Promising,2010-09-30 13:57:00,2011-06-22 11:30:00,1308,265,509.5625
16215,81,1,242.35,3,1,1,311,5,Need Attention,2011-09-20 10:18:00,2011-09-20 10:18:00,104,0,242.35
16216,268,1,914.93,2,1,3,213,6,Hibernating,2011-03-17 15:34:00,2011-03-17 15:34:00,254,0,914.93
16217,236,2,304.25,2,2,2,222,6,Hibernating,2011-03-02 15:28:00,2011-04-18 13:31:00,91,47,152.125
16218,30,13,3968.67,4,5,5,455,14,Champions,2010-05-27 16:09:00,2011-11-10 09:59:00,2799,532,305.282307692
16219,501,1,40.8,1,1,1,111,3,Lost,2010-07-27 11:44:00,2010-07-27 11:44:00,48,0,40.8
16221,37,9,2067.32,4,5,4,454,13,Champions,2010-08-10 13:32:00,2011-11-03 11:43:00,1462,450,229.702222222
16222,319,2,1345.22,2,2,4,224,8,Hibernating,2009-12-18 14:31:00,2011-01-25 13:38:00,503,403,672.61
16223,375,2,1102.35,2,2,3,223,7,Hibernating,2010-11-09 12:07:00,2010-11-30 11:50:00,651,21,551.175
16224,58,5,1616.54,4,4,4,444,12,Champions,2010-11-17 13:14:00,2011-10-13 17:51:00,1555,330,323.308
16225,45,15,2867.41,4,5,4,454,13,Champions,2010-02-07 12:41:00,2011-10-26 08:30:00,1285,626,191.160666667
16226,204,5,672.17,2,4,3,243,9,At Risk,2010-10-22 11:19:00,2011-05-20 14:41:00,521,210,134.434
16227,226,3,1027.22,2,3,3,233,8,At Risk,2010-06-22 13:28:00,2011-04-28 13:33:00,436,310,342.406666667
16228,386,3,890.81,2,3,3,233,8,At Risk,2010-11-04 18:54:00,2010-11-19 14:20:00,561,15,296.936666667
16229,88,6,2867.86,3,4,4,344,11,Loyal Customers,2010-05-24 12:59:00,2011-09-13 17:16:00,1292,477,477.976666667
16230,190,2,542.03,2,2,2,222,6,Hibernating,2011-05-03 15:12:00,2011-06-03 10:06:00,365,31,271.015
16231,380,4,1078.22,2,3,3,233,8,At Risk,2010-04-21 12:06:00,2010-11-25 15:00:00,564,218,269.555
16232,44,7,2712.97,4,4,4,444,12,Champions,2010-06-07 14:04:00,2011-10-27 12:16:00,1849,507,387.567142857
16233,72,9,1818.31,3,5,4,354,12,Loyal Customers,2009-12-02 13:23:00,2011-09-29 17:27:00,677,666,202.034444444
16234,477,3,333.18,1,3,2,132,6,At Risk,2010-05-27 10:39:00,2010-08-20 14:33:00,170,85,111.06
16235,41,8,2043.71,4,4,4,444,12,Champions,2010-08-26 12:10:00,2011-10-30 10:56:00,787,430,255.46375
16236,79,1,432.2,3,1,2,312,6,Need Attention,2011-09-22 14:10:00,2011-09-22 14:10:00,184,0,432.2
16237,438,1,136.65,1,1,1,111,3,Lost,2010-09-28 17:02:00,2010-09-28 17:02:00,57,0,136.65
16238,423,1,63.66,1,1,1,111,3,Lost,2010-10-13 12:36:00,2010-10-13 12:36:00,85,0,63.66
16239,57,6,1492.2,4,4,4,444,12,Champions,2010-09-02 19:17:00,2011-10-14 08:29:00,692,407,248.7
16240,25,2,3718.8,4,2,5,425,11,Potential Loyalists,2011-09-23 13:44:00,2011-11-15 14:30:00,1641,53,1859.4
16241,10,16,4048.61,5,5,5,555,15,Champions,2010-10-25 13:40:00,2011-11-30 11:08:00,2272,401,253.038125
16242,9,14,7474.4,5,5,5,555,15,Champions,2010-03-15 16:02:00,2011-12-01 15:12:00,3955,626,533.885714286
16243,34,2,409.1,4,2,2,422,8,Potential Loyalists,2011-10-16 12:09:00,2011-11-06 12:32:00,110,21,204.55
16244,212,2,1522.75,2,2,4,224,8,Hibernating,2010-12-02 11:41:00,2011-05-12 10:18:00,855,161,761.375
16245,24,3,1413.66,4,3,4,434,11,Potential Loyalists,2011-03-28 09:30:00,2011-11-16 10:14:00,1014,233,471.22
16246,460,2,827.25,1,2,3,123,6,Lost,2010-02-08 12:32:00,2010-09-06 12:04:00,338,210,413.625
16247,171,1,114.56,3,1,1,311,5,Need Attention,2011-06-22 14:23:00,2011-06-22 14:23:00,182,0,114.56
16248,62,1,152.94,3,1,1,311,5,Need Attention,2011-10-09 11:32:00,2011-10-09 11:32:00,78,0,152.94
16249,53,5,1800.07,4,4,4,444,12,Champions,2011-04-14 13:50:00,2011-10-18 10:07:00,950,187,360.014
16250,262,3,565.24,2,3,2,232,7,At Risk,2010-11-18 10:43:00,2011-03-23 15:07:00,268,125,188.413333333
16251,513,1,128.31,1,1,1,111,3,Lost,2010-07-15 14:55:00,2010-07-15 14:55:00,44,0,128.31
16252,383,1,295.09,2,1,2,212,5,Hibernating,2010-11-22 11:57:00,2010-11-22 11:57:00,158,0,295.09
16253,67,7,7260.15,3,4,5,345,12,Loyal Customers,2009-12-08 17:24:00,2011-10-04 09:09:00,6060,665,1037.16428571
16254,379,3,985.14,2,3,3,233,8,At Risk,2010-03-17 15:43:00,2010-11-26 13:22:00,549,254,328.38
16255,17,15,4532.55,5,5,5,555,15,Champions,2010-01-24 12:21:00,2011-11-23 12:40:00,2877,668,302.17
16256,267,3,1579.37,2,3,4,234,9,At Risk,2010-04-21 10:34:00,2011-03-18 12:18:00,1589,331,526.456666667
16257,177,1,21.95,3,1,1,311,5,Need Attention,2011-06-16 10:11:00,2011-06-16 10:11:00,1,0,21.95
16258,46,15,11942.52,4,5,5,455,14,Champions,2010-03-10 14:19:00,2011-10-25 13:30:00,7200,594,796.168
16259,411,3,361.94,1,3,2,132,6,At Risk,2010-04-13 16:57:00,2010-10-25 14:27:00,162,195,120.646666667
16260,51,1,1035.45,4,1,3,413,8,Promising,2011-10-20 09:40:00,2011-10-20 09:40:00,311,0,1035.45
16261,18,6,1059.45,5,4,3,543,12,Loyal Customers,2010-09-23 16:40:00,2011-11-22 17:23:00,459,425,176.575
16262,379,1,755.15,2,1,3,213,6,Hibernating,2010-11-26 13:22:00,2010-11-26 13:22:00,446,0,755.15
16263,424,1,351.01,1,1,2,112,4,Lost,2010-10-12 14:52:00,2010-10-12 14:52:00,200,0,351.01
16264,439,2,837.53,1,2,3,123,6,Lost,2010-09-19 16:14:00,2010-09-27 15:00:00,632,8,418.765
16265,10,12,6685.17,5,5,5,555,15,Champions,2010-10-28 15:18:00,2011-11-30 16:41:00,3209,398,557.0975
16266,74,14,1757.95,3,5,4,354,12,Loyal Customers,2010-02-04 16:21:00,2011-09-27 12:08:00,791,600,125.567857143
16267,592,1,186.66,1,1,1,111,3,Lost,2010-04-27 14:10:00,2010-04-27 14:10:00,198,0,186.66
16268,72,2,617.65,3,2,3,323,8,Promising,2011-09-29 18:30:00,2011-09-29 18:30:00,532,0,308.825
16269,438,1,717.57,1,1,3,113,5,Lost,2010-09-28 11:50:00,2010-09-28 11:50:00,579,0,717.57
16270,354,1,1141.24,2,1,3,213,6,Hibernating,2010-12-21 14:26:00,2010-12-21 14:26:00,688,0,1141.24
16271,16,8,3433.02,5,4,5,545,14,Champions,2010-03-07 12:03:00,2011-11-24 12:12:00,2397,627,429.1275
16272,117,1,411.7,3,1,2,312,6,Need Attention,2011-08-15 10:53:00,2011-08-15 10:54:00,224,0,411.7
16273,649,2,336.04,1,2,2,122,5,Lost,2010-02-21 16:02:00,2010-03-01 13:24:00,46,8,168.02
16274,374,1,337.75,2,1,2,212,5,Hibernating,2010-12-01 15:35:00,2010-12-01 15:35:00,153,0,337.75
16275,197,3,2151.11,2,3,4,234,9,At Risk,2010-03-08 14:41:00,2011-05-27 12:41:00,1268,445,717.036666667
16276,177,3,2629.39,3,3,4,334,10,Promising,2010-04-11 12:02:00,2011-06-16 09:34:00,1467,431,876.463333333
16277,734,1,188.69,1,1,1,111,3,Lost,2009-12-06 11:27:00,2009-12-06 11:27:00,33,0,188.69
16278,101,3,1117.84,3,3,3,333,9,Promising,2010-07-28 15:40:00,2011-08-31 17:12:00,342,399,372.613333333
16279,22,9,5705.08,4,5,5,455,14,Champions,2010-04-22 14:09:00,2011-11-18 15:00:00,3691,575,633.897777778
16280,726,1,238.05,1,1,1,111,3,Lost,2009-12-14 15:49:00,2009-12-14 15:49:00,101,0,238.05
16281,73,3,3424.02,3,3,5,335,11,Promising,2010-01-26 13:41:00,2011-09-28 14:57:00,1570,610,1141.34
16282,340,3,1307.58,2,3,4,234,9,At Risk,2009-12-21 11:52:00,2011-01-04 11:42:00,790,379,435.86
16283,6,8,4402.12,5,4,5,545,14,Champions,2010-02-28 14:12:00,2011-12-04 12:08:00,2887,644,550.265
16284,32,3,1029.77,4,3,3,433,10,Potential Loyalists,2010-11-11 13:27:00,2011-11-08 16:12:00,683,362,343.256666667
16285,647,1,176.9,1,1,1,111,3,Lost,2010-03-03 16:03:00,2010-03-03 16:03:00,60,0,176.9
16286,478,2,328.95,1,2,2,122,5,Lost,2010-03-26 09:58:00,2010-08-19 14:48:00,101,146,164.475
16287,170,5,1006.98,3,4,3,343,10,Loyal Customers,2010-01-19 09:46:00,2011-06-23 09:08:00,1426,520,201.396
16288,471,1,129.85,1,1,1,111,3,Lost,2010-08-26 14:45:00,2010-08-26 14:45:00,19,0,129.85
16289,463,1,136.31,1,1,1,111,3,Lost,2010-09-03 14:02:00,2010-09-03 14:02:00,97,0,136.31
16290,465,4,2069.3,1,3,4,134,8,At Risk,2010-05-23 11:46:00,2010-09-01 11:52:00,1001,101,517.325
16292,122,5,1253.76,3,4,4,344,11,Loyal Customers,2010-04-14 13:29:00,2011-08-10 12:24:00,688,483,250.752
16293,22,15,4279.2,4,5,5,455,14,Champions,2009-12-11 09:58:00,2011-11-18 09:58:00,1833,707,285.28
16294,477,1,126.05,1,1,1,111,3,Lost,2010-08-20 12:01:00,2010-08-20 12:01:00,54,0,126.05
16295,10,4,1328.55,5,3,4,534,12,Potential Loyalists,2011-10-06 10:45:00,2011-11-30 08:17:00,841,55,332.1375
16296,627,4,1313.67,1,3,4,134,8,At Risk,2009-12-18 12:03:00,2010-03-23 13:11:00,645,95,328.4175
16297,269,1,301.9,2,1,2,212,5,Hibernating,2011-03-16 08:29:00,2011-03-16 08:29:00,206,0,301.9
16298,23,7,1085.7,4,4,3,443,11,Loyal Customers,2010-09-23 15:23:00,2011-11-17 11:59:00,308,420,155.1
16299,478,1,193.65,1,1,1,111,3,Lost,2010-08-19 17:46:00,2010-08-19 17:46:00,107,0,193.65
16300,431,3,1392.43,1,3,4,134,8,At Risk,2010-02-02 11:40:00,2010-10-05 13:14:00,658,245,464.143333333
16301,737,1,107.33,1,1,1,111,3,Lost,2009-12-03 10:20:00,2009-12-03 10:20:00,41,0,107.33
16302,127,1,233.22,3,1,1,311,5,Need Attention,2011-08-05 09:44:00,2011-08-05 09:44:00,158,0,233.22
16303,26,7,7928.27,4,4,5,445,13,Champions,2010-03-18 14:12:00,2011-11-14 10:49:00,3859,606,1132.61
16304,695,1,381.66,1,1,2,112,4,Lost,2010-01-14 08:30:00,2010-01-14 08:30:00,228,0,381.66
16305,139,1,361.22,3,1,2,312,6,Need Attention,2011-07-24 12:18:00,2011-07-24 12:18:00,256,0,361.22
16306,214,7,1124.72,2,4,3,243,9,At Risk,2010-10-01 09:36:00,2011-05-10 12:12:00,712,221,160.674285714
16307,430,3,1194.92,1,3,3,133,7,At Risk,2010-05-11 14:40:00,2010-10-06 14:31:00,1123,148,398.306666667
16308,38,7,5120,4,4,5,445,13,Champions,2009-12-15 15:48:00,2011-11-02 11:24:00,16000,687,731.428571429
16309,107,2,706.57,3,2,3,323,8,Promising,2011-04-13 11:46:00,2011-08-25 15:35:00,467,134,353.285
16310,415,2,460.08,1,2,2,122,5,Lost,2010-03-07 15:41:00,2010-10-21 14:47:00,270,228,230.04
16311,18,2,616.26,5,2,3,523,10,Potential Loyalists,2011-10-21 13:13:00,2011-11-22 08:54:00,394,32,308.13
16312,433,1,171.15,1,1,1,111,3,Lost,2010-10-03 14:15:00,2010-10-03 14:15:00,53,0,171.15
16313,4,2,274.15,5,2,1,521,8,Potential Loyalists,2011-10-21 09:04:00,2011-12-06 13:02:00,165,46,137.075
16314,390,3,1491.4,2,3,4,234,9,At Risk,2010-08-24 11:52:00,2010-11-15 12:06:00,636,83,497.133333333
16315,331,2,402.71,2,2,2,222,6,Hibernating,2010-06-21 13:53:00,2011-01-13 11:57:00,143,206,201.355
16316,65,13,5744.91,3,5,5,355,13,Loyal Customers,2010-08-03 14:38:00,2011-10-06 13:48:00,3057,429,441.916153846
16317,120,5,2192.51,3,4,4,344,11,Loyal Customers,2010-05-04 10:17:00,2011-08-12 12:46:00,1236,465,438.502
16318,36,1,328.15,4,1,2,412,7,Promising,2011-11-04 13:05:00,2011-11-04 13:05:00,199,0,328.15
16319,218,1,404.4,2,1,2,212,5,Hibernating,2011-05-06 11:27:00,2011-05-06 11:27:00,72,0,404.4
16320,173,6,5628.99,3,4,5,345,12,Loyal Customers,2010-01-27 13:29:00,2011-06-20 15:25:00,3319,509,938.165
16321,73,7,604.55,3,4,2,342,9,Loyal Customers,2009-12-01 10:36:00,2011-09-28 14:55:00,259,666,86.3642857143
16322,2,2,326.75,5,2,2,522,9,Potential Loyalists,2011-11-03 14:33:00,2011-12-08 15:41:00,231,35,163.375
16323,197,2,353.66,2,2,2,222,6,Hibernating,2010-05-11 09:48:00,2011-05-27 14:48:00,146,381,176.83
16324,129,3,428.68,3,3,2,332,8,Need Attention,2011-06-15 14:26:00,2011-08-03 12:58:00,282,49,142.893333333
16325,47,12,3597.5,4,5,5,455,14,Champions,2009-12-04 13:21:00,2011-10-24 08:48:00,2464,689,299.791666667
16326,6,24,4731.99,5,5,5,555,15,Champions,2010-01-28 13:23:00,2011-12-04 10:11:00,1119,675,197.16625
16327,15,16,10165.14,5,5,5,555,15,Champions,2009-12-14 13:06:00,2011-11-25 13:23:00,8112,711,635.32125
16328,564,1,310.83,1,1,2,112,4,Lost,2010-05-25 14:02:00,2010-05-25 14:02:00,141,0,310.83
16329,428,4,1703.07,1,3,4,134,8,At Risk,2009-12-01 11:34:00,2010-10-08 12:44:00,826,311,425.7675
16330,18,7,634.33,5,4,3,543,12,Loyal Customers,2010-02-15 12:36:00,2011-11-22 12:24:00,327,645,90.6185714286
16331,433,6,2037.7,1,4,4,144,9,At Risk,2010-03-07 10:55:00,2010-10-03 13:47:00,756,210,339.616666667
16332,29,11,2007.89,4,5,4,454,13,Champions,2010-04-29 13:41:00,2011-11-11 14:22:00,1126,561,182.535454545
16333,8,22,26626.8,5,5,5,555,15,Champions,2011-02-03 10:50:00,2011-12-02 12:19:00,32184,302,1210.30909091
16334,493,1,277.48,1,1,1,111,3,Lost,2010-08-04 16:38:00,2010-08-04 16:38:00,211,0,277.48
16335,552,7,2774,1,4,4,144,9,At Risk,2009-12-04 10:18:00,2010-06-06 11:35:00,1016,184,396.285714286
16336,421,4,3517.69,1,3,5,135,9,At Risk,2010-03-18 08:05:00,2010-10-15 12:32:00,1473,211,879.4225
16337,37,1,151.05,4,1,1,411,6,Promising,2011-11-03 10:03:00,2011-11-03 10:03:00,87,0,151.05
16338,158,1,214.8,3,1,1,311,5,Need Attention,2011-07-05 13:56:00,2011-07-05 13:56:00,94,0,214.8
16339,285,1,109.95,2,1,1,211,4,Hibernating,2011-02-28 13:41:00,2011-02-28 13:41:00,23,0,109.95
16340,108,3,1526.06,3,3,4,334,10,Promising,2010-06-06 13:26:00,2011-08-24 14:53:00,1345,444,508.686666667
16341,25,7,3850.79,4,4,5,445,13,Champions,2010-04-09 10:30:00,2011-11-15 09:12:00,3022,585,550.112857143
16342,76,4,322.41,3,3,2,332,8,Need Attention,2011-06-13 10:10:00,2011-09-25 14:36:00,157,104,80.6025
16343,17,3,687.07,5,3,3,533,11,Potential Loyalists,2010-10-28 14:15:00,2011-11-23 17:45:00,422,391,229.023333333
16344,159,4,842.42,3,3,3,333,9,Promising,2010-02-09 12:16:00,2011-07-04 15:50:00,706,510,210.605
16345,45,2,1198.74,4,2,3,423,9,Potential Loyalists,2010-08-13 17:13:00,2011-10-26 16:03:00,620,439,599.37
16346,386,1,224.51,2,1,1,211,4,Hibernating,2010-11-19 15:55:00,2010-11-19 15:55:00,289,0,224.51
16347,12,11,3509.41,5,5,5,555,15,Champions,2010-03-12 12:41:00,2011-11-28 13:14:00,1750,626,319.037272727
16348,33,8,1795.88,4,4,4,444,12,Champions,2010-10-05 13:57:00,2011-11-07 15:44:00,1172,398,224.485
16349,291,1,53.5,2,1,1,211,4,Hibernating,2011-02-22 12:40:00,2011-02-22 12:40:00,9,0,53.5
16350,22,9,2253.89,4,5,4,454,13,Champions,2010-10-07 16:33:00,2011-11-18 15:53:00,1077,407,250.432222222
16351,333,13,3330.03,2,5,5,255,12,At Risk,2009-12-04 16:12:00,2011-01-11 10:26:00,2165,403,256.156153846
16352,18,2,494.44,5,2,2,522,9,Potential Loyalists,2011-11-02 08:44:00,2011-11-22 10:32:00,300,20,247.22
16353,4,38,9795.46,5,5,5,555,15,Champions,2009-12-07 13:55:00,2011-12-06 12:23:00,3483,729,257.775263158
16354,64,5,1129.51,3,4,3,343,10,Loyal Customers,2010-04-27 13:33:00,2011-10-07 14:28:00,599,528,225.902
16355,376,1,416.35,2,1,2,212,5,Hibernating,2010-11-29 14:21:00,2010-11-29 14:21:00,179,0,416.35
16356,198,6,415.87,2,4,2,242,8,At Risk,2010-06-06 11:26:00,2011-05-26 11:51:00,190,354,69.3116666667
16357,34,4,868.37,4,3,3,433,10,Potential Loyalists,2010-11-23 18:52:00,2011-11-06 16:04:00,389,348,217.0925
16358,2,5,2919.65,5,4,5,545,14,Champions,2010-11-10 11:36:00,2011-12-08 15:09:00,2065,393,583.93
16359,8,16,2697.75,5,5,4,554,14,Champions,2010-02-16 10:39:00,2011-12-02 17:04:00,1764,654,168.609375
16360,5,6,3512.53,5,4,5,545,14,Champions,2011-09-12 13:50:00,2011-12-05 12:16:00,2144,84,585.421666667
16361,10,4,896.66,5,3,3,533,11,Potential Loyalists,2011-09-29 13:13:00,2011-11-30 12:32:00,421,62,224.165
16362,33,6,946.94,4,4,3,443,11,Loyal Customers,2010-09-28 09:24:00,2011-11-07 13:01:00,478,405,157.823333333
16363,54,1,109.36,4,1,1,411,6,Promising,2011-10-17 14:14:00,2011-10-17 14:14:00,52,0,109.36
16364,12,2,707.04,5,2,3,523,10,Potential Loyalists,2011-07-25 14:35:00,2011-11-28 11:27:00,280,126,353.52
16365,18,15,3167.34,5,5,5,555,15,Champions,2009-12-11 12:41:00,2011-11-22 11:24:00,1034,711,211.156
16366,19,4,1548.13,5,3,4,534,12,Potential Loyalists,2009-12-16 10:39:00,2011-11-21 08:19:00,882,705,387.0325
16367,38,3,1362.4,4,3,4,434,11,Potential Loyalists,2010-11-21 13:23:00,2011-11-02 13:13:00,1117,346,454.133333333
16368,3,3,640.21,5,3,3,533,11,Potential Loyalists,2010-09-30 11:30:00,2011-12-07 13:12:00,317,433,213.403333333
16369,19,7,2662.73,5,4,4,544,13,Champions,2010-04-07 16:52:00,2011-11-21 16:25:00,1590,593,380.39
16370,83,4,1320.56,3,3,4,334,10,Promising,2011-04-28 16:40:00,2011-09-18 15:55:00,647,143,330.14
16371,449,1,157.2,1,1,1,111,3,Lost,2010-09-17 12:09:00,2010-09-17 12:09:00,108,0,157.2
16372,34,5,1328.61,4,4,4,444,12,Champions,2010-04-11 15:20:00,2011-11-06 13:08:00,748,574,265.722
16373,383,2,309.49,2,2,2,222,6,Hibernating,2010-10-24 13:10:00,2010-11-22 15:50:00,119,29,154.745
16374,67,5,1757.6,3,4,4,344,11,Loyal Customers,2010-04-30 13:10:00,2011-10-04 15:21:00,797,522,351.52
16375,471,2,104,1,2,1,121,4,Lost,2010-08-26 14:12:00,2010-08-26 14:25:00,74,0,52
16376,9,2,987.01,5,2,3,523,10,Potential Loyalists,2011-11-22 16:47:00,2011-12-01 11:38:00,694,9,493.505
16377,268,2,1308.48,2,2,4,224,8,Hibernating,2010-04-01 10:36:00,2011-03-17 15:41:00,2928,350,654.24
16378,248,3,362.95,2,3,2,232,7,At Risk,2011-02-02 12:42:00,2011-04-06 15:07:00,267,63,120.983333333
16379,5,4,2157.4,5,3,4,534,12,Potential Loyalists,2011-09-22 09:33:00,2011-12-05 15:38:00,1410,74,539.35
16380,62,1,1780.59,3,1,4,314,8,Need Attention,2011-10-09 15:40:00,2011-10-09 15:40:00,1524,0,1780.59
16381,396,2,258.7,2,2,1,221,5,Hibernating,2010-10-17 13:06:00,2010-11-09 09:56:00,112,23,129.35
16382,409,2,353.1,2,2,2,222,6,Hibernating,2010-06-07 12:42:00,2010-10-27 16:23:00,167,142,176.55
16383,75,7,2966.14,3,4,5,345,12,Loyal Customers,2010-02-04 13:18:00,2011-09-26 12:45:00,1614,599,423.734285714
16384,90,4,1358.95,3,3,4,334,10,Promising,2010-04-28 14:01:00,2011-09-11 11:19:00,861,501,339.7375
16385,61,5,882.38,3,4,3,343,10,Loyal Customers,2010-03-18 12:45:00,2011-10-10 13:12:00,479,571,176.476
16386,29,3,1102.59,4,3,3,433,10,Potential Loyalists,2010-11-17 11:19:00,2011-11-11 12:28:00,723,359,367.53
16387,323,5,918.55,2,4,3,243,9,At Risk,2010-03-11 12:22:00,2011-01-21 11:34:00,457,316,183.71
16388,654,1,186.05,1,1,1,111,3,Lost,2010-02-24 10:20:00,2010-02-24 10:20:00,83,0,186.05
16389,54,4,1382.07,4,3,4,434,11,Potential Loyalists,2011-03-01 15:47:00,2011-10-17 14:41:00,1242,230,345.5175
16390,537,3,467.5,1,3,2,132,6,At Risk,2010-01-29 15:25:00,2010-06-21 10:11:00,122,143,155.833333333
16391,401,4,1100.21,2,3,3,233,8,At Risk,2010-05-27 11:27:00,2010-11-04 12:27:00,746,161,275.0525
16392,270,3,761.8,2,3,3,233,8,At Risk,2010-05-27 11:17:00,2011-03-15 12:11:00,608,292,253.933333333
16393,3,23,5376.86,5,5,5,555,15,Champions,2009-12-01 12:13:00,2011-12-07 12:51:00,3046,736,233.776521739
16394,57,5,1555.34,4,4,4,444,12,Champions,2011-02-23 10:58:00,2011-10-14 09:48:00,2604,233,311.068
16395,61,14,3537,3,5,5,355,13,Loyal Customers,2009-12-06 12:26:00,2011-10-10 12:50:00,2918,673,252.642857143
16396,477,1,137.8,1,1,1,111,3,Lost,2010-08-20 14:17:00,2010-08-20 14:17:00,80,0,137.8
16397,629,1,127.88,1,1,1,111,3,Lost,2010-03-21 15:36:00,2010-03-21 15:36:00,50,0,127.88
16398,155,2,1705.8,3,2,4,324,9,Promising,2011-03-31 09:38:00,2011-07-08 15:16:00,758,99,852.9
16399,20,3,640.02,5,3,3,533,11,Potential Loyalists,2010-11-15 15:03:00,2011-11-20 16:12:00,438,370,213.34
16400,95,9,3159.44,3,5,5,355,13,Loyal Customers,2009-12-08 12:38:00,2011-09-06 12:27:00,2159,637,351.048888889
16401,2,23,6847.45,5,5,5,555,15,Champions,2010-06-02 13:13:00,2011-12-08 18:15:00,6033,554,297.715217391
16402,265,2,299.6,2,2,2,222,6,Hibernating,2010-12-05 13:42:00,2011-03-20 12:25:00,149,105,149.8
16403,313,1,177.5,2,1,1,211,4,Hibernating,2011-01-31 13:39:00,2011-01-31 13:39:00,114,0,177.5
16404,71,1,443.05,3,1,2,312,6,Need Attention,2011-09-30 14:55:00,2011-09-30 14:55:00,157,0,443.05
16405,303,2,167.25,2,2,1,221,5,Hibernating,2011-02-02 17:08:00,2011-02-10 15:24:00,187,8,83.625
16406,19,3,552.68,5,3,2,532,10,Potential Loyalists,2010-02-24 11:51:00,2011-11-21 11:57:00,271,635,184.226666667
16407,13,14,2821.65,5,5,4,554,14,Champions,2010-10-03 13:56:00,2011-11-27 11:05:00,1484,420,201.546428571
16408,592,1,231.93,1,1,1,111,3,Lost,2010-04-27 14:08:00,2010-04-27 14:08:00,227,0,231.93
16409,37,12,5709.04,4,5,5,455,14,Champions,2009-12-13 15:38:00,2011-11-03 16:45:00,3706,690,475.753333333
16410,735,1,130.32,1,1,1,111,3,Lost,2009-12-05 14:51:00,2009-12-05 14:51:00,348,0,130.32
16411,20,4,778.69,5,3,3,533,11,Potential Loyalists,2010-10-07 15:09:00,2011-11-20 13:23:00,473,409,194.6725
16412,54,5,647.23,4,4,3,443,11,Loyal Customers,2010-02-04 13:46:00,2011-10-17 12:35:00,311,620,129.446
16413,57,2,528.98,4,2,2,422,8,Potential Loyalists,2010-11-29 12:49:00,2011-10-14 12:08:00,284,319,264.49
16414,22,5,559.71,4,4,2,442,10,Loyal Customers,2010-01-14 10:21:00,2011-11-18 09:42:00,202,673,111.942
16415,45,3,719.44,4,3,3,433,10,Potential Loyalists,2010-02-01 12:30:00,2011-10-26 13:35:00,527,632,239.813333333
16416,27,9,2972.88,4,5,5,455,14,Champions,2010-02-23 12:00:00,2011-11-13 12:50:00,2210,628,330.32
16417,493,1,35.7,1,1,1,111,3,Lost,2010-08-04 09:08:00,2010-08-04 09:08:00,6,0,35.7
16418,45,5,1101.94,4,4,3,443,11,Loyal Customers,2010-10-13 12:31:00,2011-10-26 12:39:00,580,378,220.388
16419,113,8,1487.42,3,4,4,344,11,Loyal Customers,2010-02-09 13:26:00,2011-08-19 12:33:00,721,556,185.9275
16420,397,1,75,2,1,1,211,4,Hibernating,2010-11-08 15:15:00,2010-11-08 15:15:00,120,0,75
16421,377,3,526.27,2,3,2,232,7,At Risk,2010-08-27 12:02:00,2010-11-28 13:31:00,123,93,175.423333333
16422,18,108,61791.27,5,5,5,555,15,Champions,2010-01-12 11:57:00,2011-11-22 14:00:00,64129,679,572.141388889
16423,25,1,346.12,4,1,2,412,7,Promising,2011-11-15 09:21:00,2011-11-15 09:21:00,230,0,346.12
16424,192,2,443.06,2,2,2,222,6,Hibernating,2010-11-22 11:24:00,2011-06-01 13:40:00,212,191,221.53
16425,303,1,302.7,2,1,2,212,5,Hibernating,2011-02-10 14:30:00,2011-02-10 14:30:00,199,0,302.7
16426,3,10,1908.25,5,5,4,554,14,Champions,2011-03-08 15:45:00,2011-12-07 14:01:00,1243,274,190.825
16427,264,2,241.06,2,2,1,221,5,Hibernating,2011-02-28 15:18:00,2011-03-21 17:10:00,156,21,120.53
16428,414,3,660.28,1,3,3,133,7,At Risk,2010-07-30 12:10:00,2010-10-22 12:22:00,595,84,220.093333333
16429,107,1,284.55,3,1,1,311,5,Need Attention,2011-08-25 13:54:00,2011-08-25 13:54:00,9,0,284.55
16430,58,6,1102.94,4,4,3,443,11,Loyal Customers,2010-01-27 12:45:00,2011-10-13 14:47:00,306,624,183.823333333
16431,214,3,642.81,2,3,3,233,8,At Risk,2011-02-15 14:02:00,2011-05-10 14:09:00,453,84,214.27
16432,65,1,287.4,3,1,2,312,6,Need Attention,2011-10-06 13:59:00,2011-10-06 13:59:00,276,0,287.4
16433,29,2,384.52,4,2,2,422,8,Potential Loyalists,2010-10-27 12:26:00,2011-11-11 14:09:00,214,380,192.26
16434,30,12,2741.74,4,5,4,454,13,Champions,2010-01-17 14:51:00,2011-11-10 14:28:00,1338,662,228.478333333
16435,513,3,1011.57,1,3,3,133,7,At Risk,2010-07-13 13:29:00,2010-07-15 18:22:00,609,2,337.19
16436,669,3,329.34,1,3,2,132,6,At Risk,2009-12-06 16:02:00,2010-02-09 13:19:00,239,65,109.78
16437,382,2,301.25,2,2,2,222,6,Hibernating,2010-10-06 12:34:00,2010-11-23 16:59:00,197,48,150.625
16438,6,5,798.35,5,4,3,543,12,Loyal Customers,2011-09-18 13:31:00,2011-12-04 10:51:00,463,77,159.67
16439,723,1,310.7,1,1,2,112,4,Lost,2009-12-17 14:22:00,2009-12-17 14:22:00,74,0,310.7
16440,8,6,3856.97,5,4,5,545,14,Champions,2010-08-03 11:32:00,2011-12-02 12:02:00,2108,486,642.828333333
16441,68,5,1028.48,3,4,3,343,10,Loyal Customers,2010-03-22 18:00:00,2011-10-03 17:48:00,483,560,205.696
16442,2,5,899.47,5,4,3,543,12,Loyal Customers,2009-12-13 11:05:00,2011-12-08 11:43:00,583,725,179.894
16443,521,1,162.24,1,1,1,111,3,Lost,2010-07-07 11:57:00,2010-07-07 11:57:00,96,0,162.24
16444,47,17,3656.58,4,5,5,455,14,Champions,2010-03-24 14:06:00,2011-10-24 13:50:00,1959,579,215.092941176
16445,34,4,602.73,4,3,2,432,9,Potential Loyalists,2010-10-24 12:39:00,2011-11-06 12:32:00,299,378,150.6825
16446,1,2,168472.5,5,2,5,525,12,Potential Loyalists,2011-05-18 09:52:00,2011-12-09 09:15:00,80997,205,84236.25
16447,136,3,775.14,3,3,3,333,9,Promising,2010-02-17 14:09:00,2011-07-27 12:45:00,323,525,258.38
16448,199,2,367.87,2,2,2,222,6,Hibernating,2010-08-25 16:58:00,2011-05-25 16:28:00,179,273,183.935
16449,198,2,707.69,2,2,3,223,7,Hibernating,2011-03-04 12:15:00,2011-05-26 10:25:00,367,83,353.845
16450,150,3,1505.73,3,3,4,334,10,Promising,2010-02-21 15:46:00,2011-07-13 11:47:00,681,507,501.91
16451,88,3,1013.15,3,3,3,333,9,Promising,2009-12-04 15:11:00,2011-09-13 09:17:00,524,648,337.716666667
16452,631,2,332.17,1,2,2,122,5,Lost,2010-01-15 12:22:00,2010-03-19 12:39:00,199,63,166.085
16453,531,2,251.71,1,2,1,121,4,Lost,2010-06-09 13:15:00,2010-06-27 12:46:00,139,18,125.855
16454,65,2,7.45,3,2,1,321,6,Need Attention,2010-04-07 15:54:00,2011-10-06 16:57:00,3,547,3.725
16455,64,11,4003.07,3,5,5,355,13,Loyal Customers,2010-03-30 10:31:00,2011-10-07 12:17:00,2853,556,363.915454545
16456,100,13,6075.51,3,5,5,355,13,Loyal Customers,2010-03-29 11:16:00,2011-09-01 13:50:00,3333,521,467.346923077
16457,219,1,208.36,2,1,1,211,4,Hibernating,2011-05-05 13:19:00,2011-05-05 13:19:00,140,0,208.36
16458,3,30,5715.34,5,5,5,555,15,Champions,2010-05-26 14:38:00,2011-12-07 09:34:00,3406,560,190.511333333
16459,730,1,71.79,1,1,1,111,3,Lost,2009-12-10 12:42:00,2009-12-10 12:42:00,59,0,71.79
16460,29,3,814.72,4,3,3,433,10,Potential Loyalists,2011-09-19 10:15:00,2011-11-11 13:46:00,879,53,271.573333333
16461,178,3,1609.22,3,3,4,334,10,Promising,2010-03-03 13:57:00,2011-06-15 12:07:00,1033,469,536.406666667
16462,74,3,136,3,3,1,331,7,Need Attention,2011-03-01 08:58:00,2011-09-27 10:24:00,16,210,45.3333333333
16463,22,4,1422.4,4,3,4,434,11,Potential Loyalists,2011-05-19 14:45:00,2011-11-18 14:01:00,1163,183,355.6
16464,20,3,1314.68,5,3,4,534,12,Potential Loyalists,2011-07-20 13:53:00,2011-11-20 12:11:00,963,123,438.226666667
16465,421,2,746.24,1,2,3,123,6,Lost,2010-09-21 10:46:00,2010-10-15 09:27:00,504,24,373.12
16466,34,15,3838.59,4,5,5,455,14,Champions,2010-03-07 14:31:00,2011-11-06 11:35:00,1806,609,255.906
16467,509,7,2869.16,1,4,4,144,9,At Risk,2009-12-02 11:59:00,2010-07-19 11:49:00,7384,229,409.88
16468,75,3,787.52,3,3,3,333,9,Promising,2010-08-15 13:10:00,2011-09-26 14:13:00,371,407,262.506666667
16469,24,5,828.91,4,4,3,443,11,Loyal Customers,2010-07-13 13:17:00,2011-11-16 12:25:00,345,491,165.782
16470,52,11,2458.6,4,5,4,454,13,Champions,2009-12-11 12:21:00,2011-10-19 12:11:00,1357,677,223.509090909
16471,275,4,1189.98,2,3,3,233,8,At Risk,2010-02-25 10:07:00,2011-03-10 09:41:00,670,378,297.495
16472,435,2,789.6,1,2,3,123,6,Lost,2010-04-21 11:48:00,2010-10-01 13:56:00,252,163,394.8
16473,165,4,470.83,3,3,2,332,8,Need Attention,2010-11-30 16:29:00,2011-06-28 09:10:00,296,210,117.7075
16474,8,7,1871.34,5,4,4,544,13,Champions,2011-07-17 14:51:00,2011-12-02 13:02:00,941,138,267.334285714
16475,89,4,544.3,3,3,2,332,8,Need Attention,2011-03-11 09:39:00,2011-09-12 14:37:00,319,185,136.075
16476,432,1,350.35,1,1,2,112,4,Lost,2010-10-04 10:29:00,2010-10-04 10:29:00,187,0,350.35
16477,64,11,4094.37,3,5,5,355,13,Loyal Customers,2010-08-12 09:43:00,2011-10-07 09:44:00,2507,421,372.215454545
16478,26,3,331,4,3,2,432,9,Potential Loyalists,2011-10-05 12:02:00,2011-11-14 15:51:00,224,40,110.333333333
16479,11,2,300.83,5,2,2,522,9,Potential Loyalists,2011-11-29 13:04:00,2011-11-29 13:40:00,102,0,150.415
16480,76,1,769.29,3,1,3,313,7,Need Attention,2011-09-25 11:40:00,2011-09-25 11:40:00,455,0,769.29
16481,683,1,453.38,1,1,2,112,4,Lost,2010-01-26 13:09:00,2010-01-26 13:09:00,201,0,453.38
16482,16,1,220.62,5,1,1,511,7,New Customers,2011-11-24 12:33:00,2011-11-24 12:33:00,346,0,220.62
16483,193,1,139.35,2,1,1,211,4,Hibernating,2011-05-31 13:08:00,2011-05-31 13:08:00,44,0,139.35
16484,174,2,404.3,3,2,2,322,7,Need Attention,2011-06-02 10:39:00,2011-06-19 12:06:00,200,17,202.15
16485,78,5,2294.68,3,4,4,344,11,Loyal Customers,2009-12-06 12:28:00,2011-09-23 15:50:00,1154,656,458.936
16486,538,1,134.36,1,1,1,111,3,Lost,2010-06-20 12:16:00,2010-06-20 12:16:00,24,0,134.36
16487,578,2,209.4,1,2,1,121,4,Lost,2010-02-18 17:36:00,2010-05-11 13:38:00,163,82,104.7
16488,34,3,498.8,4,3,2,432,9,Potential Loyalists,2011-07-14 11:46:00,2011-11-06 13:42:00,728,115,166.266666667
16489,381,2,303.7,2,2,2,222,6,Hibernating,2010-09-29 15:02:00,2010-11-24 14:40:00,38,56,151.85
16490,437,1,205.41,1,1,1,111,3,Lost,2010-09-29 16:30:00,2010-09-29 16:30:00,113,0,205.41
16491,47,2,1533.16,4,2,4,424,10,Potential Loyalists,2010-10-22 15:42:00,2011-10-24 10:18:00,1060,367,766.58
16492,541,1,385.56,1,1,2,112,4,Lost,2010-06-17 08:20:00,2010-06-17 08:20:00,235,0,385.56
16493,80,7,2132.09,3,4,4,344,11,Loyal Customers,2010-03-26 13:05:00,2011-09-21 11:10:00,1988,544,304.584285714
16494,297,1,826.53,2,1,3,213,6,Hibernating,2011-02-16 12:49:00,2011-02-16 12:49:00,675,0,826.53
16495,4,3,684.41,5,3,3,533,11,Potential Loyalists,2011-03-08 16:38:00,2011-12-06 13:20:00,337,273,228.136666667
16496,9,6,2330.77,5,4,4,544,13,Champions,2010-07-18 13:42:00,2011-12-01 10:31:00,1764,501,388.461666667
16497,50,23,6695.28,4,5,5,455,14,Champions,2009-12-03 14:11:00,2011-10-21 10:55:00,3050,687,291.099130435
16498,162,2,100.97,3,2,1,321,6,Need Attention,2011-06-30 19:52:00,2011-07-01 15:07:00,45,1,50.485
16499,361,8,2578.34,2,4,4,244,10,At Risk,2010-06-11 12:22:00,2010-12-14 13:31:00,1364,186,322.2925
16500,5,9,843.91,5,5,3,553,13,Loyal Customers,2010-06-14 14:54:00,2011-12-05 12:04:00,386,539,93.7677777778
16501,384,1,1237.23,2,1,4,214,7,Hibernating,2010-11-21 14:10:00,2010-11-21 14:10:00,642,0,1237.23
16502,621,2,266.5,1,2,1,121,4,Lost,2010-03-29 13:39:00,2010-03-29 13:44:00,251,0,133.25
16503,107,11,3614.34,3,5,5,355,13,Loyal Customers,2010-06-21 14:07:00,2011-08-25 11:46:00,1535,430,328.576363636
16504,26,1,484.38,4,1,2,412,7,Promising,2011-11-14 15:18:00,2011-11-14 15:18:00,524,0,484.38
16505,32,1,777.6,4,1,3,413,8,Promising,2011-11-08 12:14:00,2011-11-08 12:14:00,576,0,777.6
16506,20,2,90.3,5,2,1,521,8,Potential Loyalists,2011-10-30 15:50:00,2011-11-20 12:17:00,42,21,45.15
16507,573,1,152.76,1,1,1,111,3,Lost,2010-05-16 12:56:00,2010-05-16 12:56:00,116,0,152.76
16508,631,1,248.8,1,1,1,111,3,Lost,2010-03-19 13:41:00,2010-03-19 13:41:00,106,0,248.8
16509,297,1,363.7,2,1,2,212,5,Hibernating,2011-02-16 09:25:00,2011-02-16 09:25:00,64,0,363.7
16510,373,6,1831.65,2,4,4,244,10,At Risk,2010-01-17 12:30:00,2010-12-02 13:39:00,981,319,305.275
16511,22,6,1817.02,4,4,4,444,12,Champions,2010-03-01 12:21:00,2011-11-18 10:41:00,783,627,302.836666667
16513,5,4,874.59,5,3,3,533,11,Potential Loyalists,2011-10-27 14:56:00,2011-12-05 10:18:00,407,39,218.6475
16515,53,10,3216.3,4,5,5,455,14,Champions,2010-06-17 12:17:00,2011-10-18 13:10:00,1601,488,321.63
16516,31,1,101.7,4,1,1,411,6,Promising,2011-11-09 14:59:00,2011-11-09 14:59:00,58,0,101.7
16517,278,1,162.7,2,1,1,211,4,Hibernating,2011-03-07 13:50:00,2011-03-07 13:50:00,96,0,162.7
16518,62,4,959.37,3,3,3,333,9,Promising,2010-06-01 13:31:00,2011-10-09 15:04:00,524,495,239.8425
16519,26,4,450.46,4,3,2,432,9,Potential Loyalists,2010-03-01 13:51:00,2011-11-14 15:41:00,151,623,112.615
16520,187,6,2156.86,3,4,4,344,11,Loyal Customers,2010-03-02 16:50:00,2011-06-06 13:24:00,1049,461,359.476666667
16521,416,3,1144.26,1,3,3,133,7,At Risk,2010-03-01 13:22:00,2010-10-20 13:09:00,1015,233,381.42
16522,436,2,433.36,1,2,2,122,5,Lost,2010-09-15 13:32:00,2010-09-30 10:54:00,212,15,216.68
16523,2,28,11916.33,5,5,5,555,15,Champions,2010-01-24 13:14:00,2011-12-08 09:06:00,4979,683,425.583214286
16524,447,2,308.14,1,2,2,122,5,Lost,2010-01-17 13:16:00,2010-09-19 13:37:00,260,245,154.07
16525,3,48,24171.2,5,5,5,555,15,Champions,2009-12-02 13:53:00,2011-12-07 15:07:00,14432,735,503.566666667
16526,172,2,717.21,3,2,3,323,8,Promising,2010-05-04 16:34:00,2011-06-21 12:02:00,279,413,358.605
16527,82,2,1272.44,3,2,4,324,9,Promising,2010-10-11 13:25:00,2011-09-19 16:21:00,726,343,636.22
16528,4,1,244.41,5,1,1,511,7,New Customers,2011-12-06 12:45:00,2011-12-06 12:45:00,171,0,244.41
16529,191,4,2012,2,3,4,234,9,At Risk,2010-06-27 13:29:00,2011-06-02 17:23:00,751,340,503
16530,669,1,48.35,1,1,1,111,3,Lost,2010-02-09 15:30:00,2010-02-09 15:30:00,17,0,48.35
16531,23,11,2298.33,4,5,4,454,13,Champions,2010-09-24 09:49:00,2011-11-17 16:29:00,1863,419,208.939090909
16532,18,5,8756.64,5,4,5,545,14,Champions,2010-03-29 10:26:00,2011-11-22 11:08:00,2544,603,1751.328
16533,20,3,1095.56,5,3,3,533,11,Potential Loyalists,2011-10-02 15:07:00,2011-11-20 13:08:00,612,49,365.186666667
16534,643,1,635.9,1,1,3,113,5,Lost,2010-03-07 15:47:00,2010-03-07 15:47:00,168,0,635.9
16535,6,2,981.59,5,2,3,523,10,Potential Loyalists,2010-11-19 13:01:00,2011-12-04 15:18:00,684,380,490.795
16536,111,1,548.97,3,1,2,312,6,Need Attention,2011-08-21 15:54:00,2011-08-21 15:54:00,251,0,548.97
16537,642,1,10.55,1,1,1,111,3,Lost,2010-03-08 13:41:00,2010-03-08 13:41:00,19,0,10.55
16538,542,3,399.62,1,3,2,132,6,At Risk,2010-04-23 16:25:00,2010-06-16 16:59:00,257,54,133.206666667
16539,3,10,3289.66,5,5,5,555,15,Champions,2010-06-25 15:24:00,2011-12-07 08:41:00,1014,530,328.966
16540,415,1,226.7,1,1,1,111,3,Lost,2010-10-21 17:22:00,2010-10-21 17:22:00,114,0,226.7
16541,736,1,424.03,1,1,2,112,4,Lost,2009-12-04 13:22:00,2009-12-04 13:22:00,173,0,424.03
16542,54,2,257.32,4,2,1,421,7,Potential Loyalists,2010-11-03 14:44:00,2011-10-17 10:47:00,142,348,128.66
16543,592,1,292.21,1,1,2,112,4,Lost,2010-04-27 11:38:00,2010-04-27 11:38:00,317,0,292.21
16544,520,4,376.7,1,3,2,132,6,At Risk,2010-02-15 13:20:00,2010-07-08 11:11:00,150,143,94.175
16545,165,2,689.82,3,2,3,323,8,Promising,2010-11-29 10:39:00,2011-06-28 10:37:00,322,211,344.91
16546,291,5,5307.07,2,4,5,245,11,At Risk,2010-09-23 15:43:00,2011-02-22 11:20:00,4211,152,1061.414
16547,547,1,111.71,1,1,1,111,3,Lost,2010-06-11 13:02:00,2010-06-11 13:02:00,113,0,111.71
16548,600,1,30.15,1,1,1,111,3,Lost,2010-04-19 16:15:00,2010-04-19 16:15:00,6,0,30.15
16549,11,34,13182.19,5,5,5,555,15,Champions,2010-03-28 15:45:00,2011-11-29 15:06:00,7278,611,387.711470588
16550,109,18,8874.57,3,5,5,355,13,Loyal Customers,2009-12-02 11:24:00,2011-08-23 11:12:00,5468,629,493.031666667
16551,96,7,2237.12,3,4,4,344,11,Loyal Customers,2009-12-13 16:12:00,2011-09-05 09:38:00,2076,631,319.588571429
16552,243,2,379.73,2,2,2,222,6,Hibernating,2010-12-01 12:36:00,2011-04-11 10:04:00,219,131,189.865
16553,164,33,16644.01,3,5,5,355,13,Loyal Customers,2010-02-11 18:46:00,2011-06-29 15:42:00,16475,503,504.363939394
16554,43,8,2841.72,4,4,4,444,12,Champions,2009-12-15 09:42:00,2011-10-28 14:51:00,1346,682,355.215
16555,36,6,1915.68,4,4,4,444,12,Champions,2010-07-22 13:39:00,2011-11-04 14:31:00,1816,470,319.28
16556,67,17,8012.58,3,5,5,355,13,Loyal Customers,2009-12-07 10:51:00,2011-10-04 11:36:00,4353,666,471.328235294
16557,25,2,281.85,4,2,1,421,7,Potential Loyalists,2011-07-25 13:28:00,2011-11-15 14:04:00,111,113,140.925
16558,1,38,13304.11,5,5,5,555,15,Champions,2009-12-03 18:11:00,2011-12-09 10:20:00,7813,736,350.108157895
16559,398,1,185.2,2,1,1,211,4,Hibernating,2010-11-07 13:52:00,2010-11-07 13:52:00,73,0,185.2
16560,27,8,3048.38,4,4,5,445,13,Champions,2009-12-08 12:05:00,2011-11-13 10:35:00,1603,705,381.0475
16561,6,2,511.12,5,2,2,522,9,Potential Loyalists,2011-10-11 09:53:00,2011-12-04 11:50:00,244,54,255.56
16562,477,1,223.86,1,1,1,111,3,Lost,2010-08-20 11:45:00,2010-08-20 11:45:00,264,0,223.86
16563,54,6,4422.76,4,4,5,445,13,Champions,2009-12-01 18:35:00,2011-10-17 11:51:00,2596,685,737.126666667
16564,570,1,87.8,1,1,1,111,3,Lost,2010-05-19 14:41:00,2010-05-19 14:41:00,40,0,87.8
16565,365,4,773.05,2,3,3,233,8,At Risk,2010-06-02 12:47:00,2010-12-10 15:21:00,211,191,193.2625
16566,16,5,614.66,5,4,3,543,12,Loyal Customers,2011-02-20 10:29:00,2011-11-24 16:34:00,362,277,122.932
16567,195,2,865.6,2,2,3,223,7,Hibernating,2011-01-07 09:31:00,2011-05-29 13:57:00,996,142,432.8
16568,428,2,1020.9,1,2,3,123,6,Lost,2010-03-08 14:51:00,2010-10-08 10:54:00,366,214,510.45
16569,4,5,1455.23,5,4,4,544,13,Champions,2009-12-16 15:05:00,2011-12-06 15:32:00,988,720,291.046
16570,16,20,7434.31,5,5,5,555,15,Champions,2010-03-30 09:32:00,2011-11-24 17:02:00,4292,604,371.7155
16571,27,10,4248.74,4,5,5,455,14,Champions,2010-03-18 09:12:00,2011-11-13 11:46:00,3703,605,424.874
16572,128,3,1009.6,3,3,3,333,9,Promising,2011-03-09 12:04:00,2011-08-04 16:34:00,532,148,336.533333333
16573,85,2,663.61,3,2,3,323,8,Promising,2011-02-22 15:14:00,2011-09-16 09:13:00,360,206,331.805
16574,72,3,1301.78,3,3,4,334,10,Promising,2010-02-19 11:46:00,2011-09-29 13:39:00,1002,587,433.926666667
16576,421,2,540.87,1,2,2,122,5,Lost,2010-07-06 10:42:00,2010-10-15 13:37:00,323,101,270.435
16577,667,1,380,1,1,2,112,4,Lost,2010-02-11 09:45:00,2010-02-11 09:45:00,142,0,380
16578,627,1,156.6,1,1,1,111,3,Lost,2010-03-23 15:11:00,2010-03-23 15:11:00,108,0,156.6
16579,426,1,295.05,1,1,2,112,4,Lost,2010-10-10 11:58:00,2010-10-10 11:58:00,119,0,295.05
16581,183,1,105.84,3,1,1,311,5,Need Attention,2011-06-10 10:05:00,2011-06-10 10:05:00,134,0,105.84
16582,114,1,313.62,3,1,2,312,6,Need Attention,2011-08-18 17:02:00,2011-08-18 17:02:00,164,0,313.62
16583,374,2,297.95,2,2,2,222,6,Hibernating,2010-02-04 12:18:00,2010-12-01 12:03:00,153,300,148.975
16584,81,5,3163.67,3,4,5,345,12,Loyal Customers,2010-02-16 10:41:00,2011-09-20 13:45:00,1919,581,632.734
16585,594,2,341.59,1,2,2,122,5,Lost,2010-01-13 13:31:00,2010-04-25 10:34:00,151,102,170.795
16586,249,3,1462.78,2,3,4,234,9,At Risk,2010-03-14 11:24:00,2011-04-05 09:32:00,348,387,487.593333333
16587,233,1,225.15,2,1,1,211,4,Hibernating,2011-04-21 15:51:00,2011-04-21 15:51:00,71,0,225.15
16588,387,4,1361.28,2,3,4,234,9,At Risk,2010-05-14 13:43:00,2010-11-18 17:56:00,882,188,340.32
16589,72,4,612.36,3,3,3,333,9,Promising,2010-09-15 14:56:00,2011-09-29 14:50:00,536,379,153.09
16590,401,2,605.9,2,2,2,222,6,Hibernating,2010-10-21 12:09:00,2010-11-04 09:06:00,240,14,302.95
16591,69,1,213.5,3,1,1,311,5,Need Attention,2011-10-02 10:43:00,2011-10-02 10:43:00,41,0,213.5
16592,5,28,7807.91,5,5,5,555,15,Champions,2009-12-18 15:57:00,2011-12-05 13:49:00,5504,717,278.853928571
16593,51,8,1071.14,4,4,3,443,11,Loyal Customers,2009-12-05 10:44:00,2011-10-20 12:41:00,377,684,133.8925
16594,76,1,181.09,3,1,1,311,5,Need Attention,2011-09-25 14:08:00,2011-09-25 14:08:00,64,0,181.09
16595,62,5,1810.18,3,4,4,344,11,Loyal Customers,2010-01-17 12:12:00,2011-10-09 13:15:00,1378,630,362.036
16596,16,4,458.98,5,3,2,532,10,Potential Loyalists,2009-12-10 13:09:00,2011-11-24 10:02:00,180,714,114.745
16597,5,1,90.04,5,1,1,511,7,New Customers,2011-12-05 15:44:00,2011-12-05 15:44:00,184,0,90.04
16598,286,1,145.05,2,1,1,211,4,Hibernating,2011-02-27 11:42:00,2011-02-27 11:42:00,73,0,145.05
16599,386,1,172.8,2,1,1,211,4,Hibernating,2010-11-19 12:45:00,2010-11-19 12:45:00,159,0,172.8
16600,5,13,2153.41,5,5,4,554,14,Champions,2009-12-18 12:59:00,2011-12-05 16:00:00,2420,717,165.646923077
16601,41,3,683.08,4,3,3,433,10,Potential Loyalists,2010-03-26 13:39:00,2011-10-30 11:09:00,392,583,227.693333333
16602,37,2,763.33,4,2,3,423,9,Potential Loyalists,2010-11-16 09:13:00,2011-11-03 15:54:00,429,352,381.665
16603,75,2,482.47,3,2,2,322,7,Need Attention,2011-09-09 13:02:00,2011-09-26 10:06:00,480,17,241.235
16604,563,2,432.45,1,2,2,122,5,Lost,2010-05-20 16:34:00,2010-05-26 09:10:00,175,6,216.225
16605,725,1,60.48,1,1,1,111,3,Lost,2009-12-15 19:03:00,2009-12-15 19:03:00,144,0,60.48
16606,405,2,357.66,2,2,2,222,6,Hibernating,2010-10-01 13:21:00,2010-10-31 13:57:00,148,30,178.83
16607,18,25,5706.87,5,5,5,555,15,Champions,2010-04-29 14:01:00,2011-11-22 10:24:00,4436,572,228.2748
16608,454,2,1288.72,1,2,4,124,7,Lost,2010-02-14 11:57:00,2010-09-12 11:44:00,613,210,644.36
16609,16,7,5493.46,5,4,5,545,14,Champions,2011-04-01 10:11:00,2011-11-24 13:32:00,2420,237,784.78
16610,220,1,75.66,2,1,1,211,4,Hibernating,2011-05-04 13:13:00,2011-05-04 13:13:00,66,0,75.66
16611,187,6,1785.13,3,4,4,344,11,Loyal Customers,2010-03-10 16:07:00,2011-06-06 15:46:00,874,453,297.521666667
16612,33,9,3245.43,4,5,5,455,14,Champions,2009-12-03 15:54:00,2011-11-07 07:38:00,1419,704,360.603333333
16613,71,1,618.59,3,1,3,313,7,Need Attention,2011-09-30 15:52:00,2011-09-30 15:52:00,293,0,618.59
16614,183,3,1179.79,3,3,3,333,9,Promising,2010-05-10 15:18:00,2011-06-10 11:36:00,349,396,393.263333333
16615,627,1,291.5,1,1,2,112,4,Lost,2010-03-23 15:13:00,2010-03-23 15:13:00,211,0,291.5
16616,16,2,500.42,5,2,2,522,9,Potential Loyalists,2011-07-05 13:38:00,2011-11-24 16:31:00,370,142,250.21
16617,236,1,151.85,2,1,1,211,4,Hibernating,2011-04-18 10:35:00,2011-04-18 10:35:00,91,0,151.85
16618,32,5,2647.59,4,4,4,444,12,Champions,2011-01-21 11:55:00,2011-11-08 13:52:00,1363,291,529.518
16619,264,4,1938.33,2,3,4,234,9,At Risk,2010-02-22 12:05:00,2011-03-21 08:18:00,1055,392,484.5825
16620,4,6,1758.93,5,4,4,544,13,Champions,2009-12-01 14:35:00,2011-12-06 12:19:00,1146,735,293.155
16621,52,4,813.48,4,3,3,433,10,Potential Loyalists,2011-03-07 11:32:00,2011-10-19 11:38:00,302,226,203.37
16622,544,1,225.4,1,1,1,111,3,Lost,2010-06-14 10:44:00,2010-06-14 10:44:00,44,0,225.4
16623,246,4,1015.24,2,3,3,233,8,At Risk,2010-04-26 14:04:00,2011-04-08 10:09:00,442,347,253.81
16624,81,2,810.57,3,2,3,323,8,Promising,2011-05-26 14:20:00,2011-09-20 12:39:00,488,117,405.285
16625,275,5,1654.03,2,4,4,244,10,At Risk,2010-06-14 11:56:00,2011-03-10 12:50:00,1057,269,330.806
16626,1,17,4413.1,5,5,5,555,15,Champions,2011-03-18 12:27:00,2011-12-09 11:56:00,2690,266,259.594117647
16627,80,1,322.8,3,1,2,312,6,Need Attention,2011-09-21 14:38:00,2011-09-21 14:38:00,162,0,322.8
16628,30,7,2318.1,4,4,4,444,12,Champions,2010-03-08 12:24:00,2011-11-10 12:45:00,1260,612,331.157142857
16629,74,2,417.73,3,2,2,322,7,Need Attention,2011-09-04 16:12:00,2011-09-27 10:34:00,493,23,208.865
16630,408,1,106.8,2,1,1,211,4,Hibernating,2010-10-28 14:30:00,2010-10-28 14:30:00,72,0,106.8
16631,482,7,1892.52,1,4,4,144,9,At Risk,2010-02-26 10:49:00,2010-08-15 11:20:00,775,170,270.36
16632,486,2,406.4,1,2,2,122,5,Lost,2010-05-07 16:46:00,2010-08-11 11:39:00,256,96,203.2
16633,18,6,2883.1,5,4,4,544,13,Champions,2011-04-19 14:36:00,2011-11-22 13:41:00,1138,217,480.516666667
16634,223,6,1649.81,2,4,4,244,10,At Risk,2010-01-21 09:30:00,2011-05-01 12:09:00,1257,465,274.968333333
16635,407,1,473,2,1,2,212,5,Hibernating,2010-10-29 09:41:00,2010-10-29 09:41:00,277,0,473
16636,439,4,3802.04,1,3,5,135,9,At Risk,2010-03-03 14:06:00,2010-09-27 13:13:00,2186,208,950.51
16637,33,4,1154.47,4,3,3,433,10,Potential Loyalists,2011-04-28 10:20:00,2011-11-07 13:17:00,927,193,288.6175
16638,23,15,2380.13,4,5,4,454,13,Champions,2010-08-18 13:33:00,2011-11-17 11:09:00,1627,456,158.675333333
16639,32,4,1747.98,4,3,4,434,11,Potential Loyalists,2010-10-26 18:23:00,2011-11-08 13:20:00,751,378,436.995
16640,398,1,179.4,2,1,1,211,4,Hibernating,2010-11-07 10:48:00,2010-11-07 10:48:00,146,0,179.4
16641,106,2,554.5,3,2,2,322,7,Need Attention,2010-01-07 12:22:00,2011-08-26 12:49:00,454,596,277.25
16642,5,3,1077.45,5,3,3,533,11,Potential Loyalists,2010-10-20 14:22:00,2011-12-05 11:31:00,775,411,359.15
16643,246,2,923.11,2,2,3,223,7,Hibernating,2010-10-13 09:47:00,2011-04-08 08:24:00,553,177,461.555
16644,178,2,833.78,3,2,3,323,8,Promising,2011-05-11 12:53:00,2011-06-15 12:39:00,826,35,416.89
16645,736,1,160.39,1,1,1,111,3,Lost,2009-12-04 09:49:00,2009-12-04 09:49:00,117,0,160.39
16646,450,1,678.8,1,1,3,113,5,Lost,2010-09-16 13:28:00,2010-09-16 13:28:00,1072,0,678.8
16647,170,4,541.9,3,3,2,332,8,Need Attention,2010-06-13 15:52:00,2011-06-23 11:47:00,396,375,135.475
16648,43,3,672.8,4,3,3,433,10,Potential Loyalists,2010-04-28 14:58:00,2011-10-28 08:58:00,503,548,224.266666667
16649,521,1,306.58,1,1,2,112,4,Lost,2010-07-07 15:41:00,2010-07-07 15:41:00,82,0,306.58
16650,72,7,1916.11,3,4,4,344,11,Loyal Customers,2010-07-08 14:18:00,2011-09-29 09:51:00,1511,448,273.73
16651,587,1,136.2,1,1,1,111,3,Lost,2010-05-02 11:46:00,2010-05-02 11:46:00,60,0,136.2
16652,59,16,17550.39,4,5,5,455,14,Champions,2010-03-17 10:22:00,2011-10-12 09:38:00,7477,574,1096.899375
16653,17,2,1212.66,5,2,3,523,10,Potential Loyalists,2011-09-29 13:38:00,2011-11-23 14:51:00,733,55,606.33
16654,142,8,1484.07,3,4,4,344,11,Loyal Customers,2010-04-06 13:29:00,2011-07-21 15:23:00,640,471,185.50875
16655,18,13,6548.37,5,5,5,555,15,Champions,2010-01-31 15:40:00,2011-11-22 11:25:00,4013,660,503.720769231
16656,23,30,16833.17,4,5,5,455,14,Champions,2009-12-04 12:59:00,2011-11-17 14:43:00,15433,713,561.105666667
16657,10,4,933.62,5,3,3,533,11,Potential Loyalists,2011-03-30 12:02:00,2011-11-30 11:48:00,1229,245,233.405
16658,369,5,680.83,2,4,3,243,9,At Risk,2010-03-30 16:24:00,2010-12-06 13:47:00,269,251,136.166
16659,190,1,39.12,2,1,1,211,4,Hibernating,2011-06-03 15:03:00,2011-06-03 15:03:00,72,0,39.12
16660,17,7,1879.55,5,4,4,544,13,Champions,2010-01-14 11:09:00,2011-11-23 14:53:00,991,678,268.507142857
16661,541,4,986.63,1,3,3,133,7,At Risk,2009-12-17 15:39:00,2010-06-17 15:24:00,385,182,246.6575
16662,395,1,163.8,2,1,1,211,4,Hibernating,2010-11-10 16:56:00,2010-11-10 16:56:00,36,0,163.8
16663,730,1,165,1,1,1,111,3,Lost,2009-12-10 13:12:00,2009-12-10 13:12:00,100,0,165
16664,570,1,109.2,1,1,1,111,3,Lost,2010-05-19 17:11:00,2010-05-19 17:11:00,24,0,109.2
16665,363,1,135.4,2,1,1,211,4,Hibernating,2010-12-12 14:03:00,2010-12-12 14:03:00,59,0,135.4
16666,20,2,225.94,5,2,1,521,8,Potential Loyalists,2010-03-28 15:13:00,2011-11-20 14:01:00,367,602,112.97
16667,69,2,570.13,3,2,2,322,7,Need Attention,2011-02-28 12:57:00,2011-10-02 15:26:00,237,216,285.065
16668,16,13,862.42,5,5,3,553,13,Loyal Customers,2010-03-18 18:25:00,2011-11-24 17:43:00,773,616,66.34
16669,24,2,1370.47,4,2,4,424,10,Potential Loyalists,2011-09-22 14:13:00,2011-11-16 12:26:00,878,55,685.235
16670,17,20,8030.15,5,5,5,555,15,Champions,2009-12-10 15:28:00,2011-11-23 09:34:00,4534,713,401.5075
16671,29,3,1692.27,4,3,4,434,11,Potential Loyalists,2011-06-28 11:20:00,2011-11-11 13:40:00,875,136,564.09
16672,3,20,8134.94,5,5,5,555,15,Champions,2011-03-18 10:15:00,2011-12-07 16:29:00,2832,264,406.747
16673,680,1,188.83,1,1,1,111,3,Lost,2010-01-29 14:22:00,2010-01-29 14:22:00,101,0,188.83
16674,55,2,319.61,4,2,2,422,8,Potential Loyalists,2011-09-02 13:59:00,2011-10-16 11:31:00,188,44,159.805
16675,442,2,608.86,1,2,3,123,6,Lost,2010-08-18 13:11:00,2010-09-24 12:15:00,296,37,304.43
16676,34,6,2361.9,4,4,4,444,12,Champions,2010-10-17 13:07:00,2011-11-06 12:01:00,927,385,393.65
16677,412,2,880.62,1,2,3,123,6,Lost,2010-02-25 16:11:00,2010-10-24 14:53:00,457,241,440.31
16678,3,12,3109.99,5,5,5,555,15,Champions,2011-03-02 09:24:00,2011-12-07 12:17:00,2397,280,259.165833333
16679,367,3,663.31,2,3,3,233,8,At Risk,2010-06-10 18:35:00,2010-12-08 13:51:00,247,181,221.103333333
16680,44,3,821.45,4,3,3,433,10,Potential Loyalists,2010-06-23 09:30:00,2011-10-27 17:35:00,377,491,273.816666667
16681,73,7,1921.84,3,4,4,344,11,Loyal Customers,2010-03-08 14:10:00,2011-09-28 11:11:00,1492,569,274.548571429
16682,5,5,1028,5,4,3,543,12,Loyal Customers,2011-06-05 11:02:00,2011-12-05 12:13:00,1040,183,205.6
16683,534,1,320.25,1,1,2,112,4,Lost,2010-06-24 10:36:00,2010-06-24 10:36:00,190,0,320.25
16684,5,55,147142.77,5,5,5,555,15,Champions,2009-12-07 12:56:00,2011-12-05 14:06:00,104810,728,2675.32309091
16685,62,2,324.24,3,2,2,322,7,Need Attention,2011-10-09 13:44:00,2011-10-09 13:58:00,396,0,162.12
16686,48,16,5070.92,4,5,5,455,14,Champions,2009-12-06 15:48:00,2011-10-23 13:49:00,3510,686,316.9325
16687,391,1,157.63,2,1,1,211,4,Hibernating,2010-11-14 11:46:00,2010-11-14 11:46:00,141,0,157.63
16688,2,4,1260.86,5,3,4,534,12,Potential Loyalists,2011-10-10 12:23:00,2011-12-08 15:24:00,804,59,315.215
16689,76,2,422.6,3,2,2,322,7,Need Attention,2011-09-18 13:29:00,2011-09-25 11:39:00,330,7,211.3
16690,73,4,353.03,3,3,2,332,8,Need Attention,2010-09-14 15:00:00,2011-09-28 15:02:00,209,379,88.2575
16691,419,2,178.83,1,2,1,121,4,Lost,2010-05-27 14:55:00,2010-10-17 15:03:00,92,143,89.415
16692,257,4,1764.7,2,3,4,234,9,At Risk,2010-09-24 11:31:00,2011-03-28 14:46:00,877,185,441.175
16693,69,5,1199.46,3,4,3,343,10,Loyal Customers,2010-02-21 12:42:00,2011-10-02 11:10:00,688,588,239.892
16694,724,1,98.3,1,1,1,111,3,Lost,2009-12-16 15:45:00,2009-12-16 15:45:00,26,0,98.3
16695,562,2,193.15,1,2,1,121,4,Lost,2010-05-27 12:24:00,2010-05-27 12:36:00,185,0,96.575
16696,136,4,657.9,3,3,3,333,9,Promising,2011-04-05 15:20:00,2011-07-27 14:23:00,146,113,164.475
16697,242,1,112.75,2,1,1,211,4,Hibernating,2011-04-12 17:12:00,2011-04-12 17:12:00,27,0,112.75
16698,227,2,1998,2,2,4,224,8,Hibernating,2011-03-31 13:33:00,2011-04-27 10:52:00,840,27,999
16699,381,7,994.6,2,4,3,243,9,At Risk,2009-12-04 13:31:00,2010-11-24 14:38:00,640,355,142.085714286
16700,9,25,8830.77,5,5,5,555,15,Champions,2009-12-02 10:51:00,2011-12-01 11:00:00,6644,729,353.2308
16701,9,26,9916.73,5,5,5,555,15,Champions,2009-12-01 19:19:00,2011-12-01 11:10:00,11046,730,381.412692308
16702,416,4,1109.53,1,3,3,133,7,At Risk,2009-12-07 16:40:00,2010-10-20 14:10:00,690,317,277.3825
16704,619,2,695.66,1,2,3,123,6,Lost,2010-02-05 14:14:00,2010-03-31 14:02:00,455,54,347.83
16705,1,42,43515.051,5,5,5,555,15,Champions,2009-12-09 13:34:00,2011-12-09 12:08:00,22302,730,1036.07264286
16706,38,3,531.35,4,3,2,432,9,Potential Loyalists,2011-08-17 15:53:00,2011-11-02 13:50:00,249,77,177.116666667
16707,401,4,551.11,2,3,2,232,7,At Risk,2010-03-09 15:16:00,2010-11-04 14:39:00,402,240,137.7775
16708,46,1,656.63,4,1,3,413,8,Promising,2011-10-25 12:20:00,2011-10-25 12:20:00,285,0,656.63
16709,85,14,9087.46,3,5,5,355,13,Loyal Customers,2009-12-09 13:16:00,2011-09-16 10:56:00,3276,646,649.104285714
16710,20,22,5973.62,5,5,5,555,15,Champions,2009-12-04 13:41:00,2011-11-20 14:50:00,4202,716,271.528181818
16711,4,9,2868.48,5,5,4,554,14,Champions,2009-12-02 13:22:00,2011-12-06 16:32:00,1212,734,318.72
16712,10,13,4259.34,5,5,5,555,15,Champions,2010-11-03 15:45:00,2011-11-30 13:48:00,2090,392,327.641538462
16713,19,32,14146.26,5,5,5,555,15,Champions,2009-12-15 12:49:00,2011-11-21 12:36:00,8494,706,442.070625
16714,318,3,1514.8,2,3,4,234,9,At Risk,2010-02-07 11:17:00,2011-01-26 13:46:00,848,353,504.933333333
16715,79,2,625.52,3,2,3,323,8,Promising,2010-05-26 12:35:00,2011-09-22 18:15:00,1174,484,312.76
16716,267,3,2149.68,2,3,4,234,9,At Risk,2010-03-19 11:05:00,2011-03-18 10:03:00,912,364,716.56
16717,24,14,6678.98,4,5,5,455,14,Champions,2009-12-07 15:55:00,2011-11-16 12:16:00,3151,709,477.07
16718,370,5,3023.78,2,4,5,245,11,At Risk,2009-12-06 13:07:00,2010-12-05 13:03:00,1930,364,604.756
16719,15,14,3537.57,5,5,5,555,15,Champions,2009-12-13 10:59:00,2011-11-25 09:27:00,2340,712,252.683571429
16720,27,3,603.48,4,3,2,432,9,Potential Loyalists,2009-12-17 17:54:00,2011-11-13 16:22:00,473,696,201.16
16721,263,1,292.47,2,1,2,212,5,Hibernating,2011-03-22 16:08:00,2011-03-22 16:08:00,172,0,292.47
16722,18,22,8189.56,5,5,5,555,15,Champions,2009-12-03 19:23:00,2011-11-22 13:28:00,7986,719,372.252727273
16723,92,4,1301.63,3,3,4,334,10,Promising,2009-12-04 13:23:00,2011-09-09 13:01:00,1002,644,325.4075
16724,405,1,147.35,2,1,1,211,4,Hibernating,2010-10-31 11:40:00,2010-10-31 11:40:00,69,0,147.35
16725,303,13,1758.51,2,5,4,254,11,At Risk,2009-12-13 15:54:00,2011-02-10 16:52:00,719,424,135.27
16726,27,7,2088.41,4,4,4,444,12,Champions,2010-10-24 16:09:00,2011-11-13 14:53:00,1356,385,298.344285714
16727,365,4,1437.42,2,3,4,234,9,At Risk,2010-01-20 10:48:00,2010-12-10 13:48:00,1109,324,359.355
16728,47,4,1054.67,4,3,3,433,10,Potential Loyalists,2011-03-20 13:28:00,2011-10-24 14:36:00,677,218,263.6675
16729,39,21,7236.6,4,5,5,455,14,Champions,2011-04-12 14:22:00,2011-11-01 14:29:00,5779,203,344.6
16730,53,3,743.11,4,3,3,433,10,Potential Loyalists,2011-01-24 14:01:00,2011-10-18 14:11:00,994,267,247.703333333
16731,649,1,174.05,1,1,1,111,3,Lost,2010-03-01 15:05:00,2010-03-01 15:05:00,127,0,174.05
16732,32,4,4387.64,4,3,5,435,12,Potential Loyalists,2009-12-08 13:04:00,2011-11-08 09:54:00,2414,700,1096.91
16733,530,1,259.68,1,1,1,111,3,Lost,2010-06-28 10:12:00,2010-06-28 10:12:00,112,0,259.68
16734,53,3,650.51,4,3,3,433,10,Potential Loyalists,2011-08-17 15:00:00,2011-10-18 13:44:00,346,62,216.836666667
16735,79,14,6270.56,3,5,5,355,13,Loyal Customers,2009-12-08 09:24:00,2011-09-22 11:49:00,4281,653,447.897142857
16736,506,5,2956.56,1,4,5,145,10,At Risk,2009-12-03 16:12:00,2010-07-22 10:09:00,1050,231,591.312
16737,54,2,835.2,4,2,3,423,9,Potential Loyalists,2010-05-11 09:53:00,2011-10-17 13:03:00,576,524,417.6
16738,298,1,3.75,2,1,1,211,4,Hibernating,2011-02-15 09:46:00,2011-02-15 09:46:00,3,0,3.75
16739,177,2,786.43,3,2,3,323,8,Promising,2010-06-21 09:38:00,2011-06-16 09:17:00,391,360,393.215
16740,396,1,236.81,2,1,1,211,4,Hibernating,2010-11-09 13:34:00,2010-11-09 13:34:00,116,0,236.81
16741,626,1,173.06,1,1,1,111,3,Lost,2010-03-24 15:15:00,2010-03-24 15:15:00,81,0,173.06
16742,493,13,2387.71,1,5,4,154,10,At Risk,2009-12-16 17:22:00,2010-08-04 10:52:00,2599,231,183.67
16743,30,14,4253.26,4,5,5,455,14,Champions,2010-04-22 13:21:00,2011-11-10 13:13:00,3738,567,303.804285714
16744,12,7,1304.76,5,4,4,544,13,Champions,2011-06-19 15:13:00,2011-11-28 13:06:00,805,162,186.394285714
16745,87,17,7194.3,3,5,5,355,13,Loyal Customers,2011-02-01 11:31:00,2011-09-14 11:58:00,6735,225,423.194117647
16746,5,42,18064.7,5,5,5,555,15,Champions,2009-12-04 13:00:00,2011-12-05 12:33:00,11904,731,430.111904762
16747,38,2,836.06,4,2,3,423,9,Potential Loyalists,2011-10-03 10:18:00,2011-11-02 11:37:00,583,30,418.03
16748,18,14,3637.33,5,5,5,555,15,Champions,2009-12-10 12:28:00,2011-11-22 10:17:00,2127,712,259.809285714
16749,592,2,4387.08,1,2,5,125,8,Lost,2009-12-15 14:05:00,2010-04-27 13:06:00,2078,133,2193.54
16750,45,5,623.93,4,4,3,443,11,Loyal Customers,2011-04-21 16:53:00,2011-10-26 12:48:00,214,188,124.786
16751,31,1,1764.72,4,1,4,414,9,Promising,2011-11-09 10:48:00,2011-11-09 10:48:00,1031,0,1764.72
16752,373,1,207.5,2,1,1,211,4,Hibernating,2010-12-02 12:18:00,2010-12-02 12:18:00,54,0,207.5
16753,59,1,223.92,4,1,1,411,6,Promising,2011-10-12 13:14:00,2011-10-12 13:14:00,189,0,223.92
16754,373,29,65500.07,2,5,5,255,12,At Risk,2010-03-08 11:32:00,2010-12-02 17:38:00,63551,269,2258.62310345
16755,115,7,2900.58,3,4,5,345,12,Loyal Customers,2009-12-09 14:25:00,2011-08-17 13:21:00,1999,616,414.368571429
16756,215,7,1312.37,2,4,4,244,10,At Risk,2010-03-09 15:56:00,2011-05-09 09:33:00,707,426,187.481428571
16757,319,2,270.48,2,2,1,221,5,Hibernating,2010-10-26 15:09:00,2011-01-25 11:59:00,180,91,135.24
16758,66,1,369.34,3,1,2,312,6,Need Attention,2011-10-05 14:47:00,2011-10-05 14:47:00,203,0,369.34
16759,8,3,789.79,5,3,3,533,11,Potential Loyalists,2011-11-09 09:06:00,2011-12-02 12:42:00,609,23,263.263333333
16760,431,1,228,1,1,1,111,3,Lost,2010-10-05 15:55:00,2010-10-05 15:55:00,168,0,228
16761,97,1,316.62,3,1,2,312,6,Need Attention,2011-09-04 11:15:00,2011-09-04 11:15:00,341,0,316.62
16762,20,3,1501.38,5,3,4,534,12,Potential Loyalists,2011-07-18 12:52:00,2011-11-20 11:43:00,618,125,500.46
16763,199,2,964.7,2,2,3,223,7,Hibernating,2009-12-01 15:26:00,2011-05-25 11:52:00,492,540,482.35
16764,4,13,2799.25,5,5,4,554,14,Champions,2011-07-19 17:17:00,2011-12-06 11:41:00,1259,140,215.326923077
16765,295,2,454.75,2,2,2,222,6,Hibernating,2010-11-22 13:42:00,2011-02-18 15:41:00,311,88,227.375
16766,274,2,1145.6,2,2,3,223,7,Hibernating,2011-03-11 13:34:00,2011-03-11 15:22:00,536,0,572.8
16767,31,15,8069.45,4,5,5,455,14,Champions,2010-04-28 16:49:00,2011-11-09 09:42:00,7118,560,537.963333333
16768,48,9,1708.12,4,5,4,454,13,Champions,2009-12-07 11:47:00,2011-10-23 10:38:00,777,685,189.791111111
16769,261,4,1141.75,2,3,3,233,8,At Risk,2009-12-14 11:10:00,2011-03-24 13:41:00,301,465,285.4375
16770,58,9,1801.33,4,5,4,454,13,Champions,2010-08-22 16:08:00,2011-10-13 12:21:00,1064,417,200.147777778
16771,34,10,3939.1,4,5,5,455,14,Champions,2009-12-09 11:52:00,2011-11-06 13:28:00,2296,697,393.91
16772,424,3,3723.55,1,3,5,135,9,At Risk,2009-12-18 10:50:00,2010-10-12 13:19:00,689,298,1241.18333333
16773,58,3,421.24,4,3,2,432,9,Potential Loyalists,2009-12-06 15:01:00,2011-10-13 14:37:00,252,676,140.413333333
16774,68,8,1594.45,3,4,4,344,11,Loyal Customers,2010-02-16 16:53:00,2011-10-03 12:41:00,785,594,199.30625
16775,11,16,2824.99,5,5,4,554,14,Champions,2010-09-23 17:34:00,2011-11-29 15:22:00,958,432,176.561875
16776,61,2,619.85,3,2,3,323,8,Promising,2010-10-20 12:13:00,2011-10-10 13:04:00,450,355,309.925
16777,81,5,1307.76,3,4,4,344,11,Loyal Customers,2010-03-17 12:42:00,2011-09-20 13:41:00,475,552,261.552
16778,75,2,245.94,3,2,1,321,6,Need Attention,2011-03-10 15:21:00,2011-09-26 13:48:00,194,200,122.97
16779,3,53,32911.33,5,5,5,555,15,Champions,2009-12-03 13:03:00,2011-12-07 14:54:00,19493,734,620.968490566
16780,101,3,605.55,3,3,2,332,8,Need Attention,2010-10-28 19:41:00,2011-08-31 16:09:00,355,307,201.85
16781,373,2,623,2,2,3,223,7,Hibernating,2010-02-08 13:56:00,2010-12-02 14:26:00,192,297,311.5
16782,11,38,10066.71,5,5,5,555,15,Champions,2009-12-09 11:58:00,2011-11-29 13:20:00,4196,720,264.913421053
16783,437,1,391.95,1,1,2,112,4,Lost,2010-09-29 11:53:00,2010-09-29 11:53:00,163,0,391.95
16784,20,5,896.53,5,4,3,543,12,Loyal Customers,2010-03-28 12:55:00,2011-11-20 12:20:00,496,602,179.306
16785,410,1,533.78,1,1,2,112,4,Lost,2010-10-26 10:36:00,2010-10-26 10:36:00,313,0,533.78
16786,394,1,51.84,2,1,1,211,4,Hibernating,2010-11-11 08:25:00,2010-11-11 08:25:00,72,0,51.84
16787,398,4,1035.43,2,3,3,233,8,At Risk,2010-01-10 11:12:00,2010-11-07 11:01:00,474,301,258.8575
16788,124,5,1948.65,3,4,4,344,11,Loyal Customers,2010-02-07 12:40:00,2011-08-08 14:53:00,984,547,389.73
16789,9,1,80.8,5,1,1,511,7,New Customers,2011-12-01 15:12:00,2011-12-01 15:12:00,32,0,80.8
16790,4,6,1545.62,5,4,4,544,13,Champions,2011-11-02 11:23:00,2011-12-06 11:53:00,898,34,257.603333333
16791,30,15,4025.94,4,5,5,455,14,Champions,2009-12-03 18:08:00,2011-11-10 19:12:00,1873,707,268.396
16792,283,5,623.46,2,4,3,243,9,At Risk,2010-01-04 13:47:00,2011-03-02 14:41:00,324,422,124.692
16793,58,1,243.84,4,1,1,411,6,Promising,2011-10-13 15:08:00,2011-10-13 15:08:00,146,0,243.84
16794,2,15,2088.89,5,5,4,554,14,Champions,2010-03-25 15:17:00,2011-12-08 17:54:00,1601,623,139.259333333
16795,366,3,2077.51,2,3,4,234,9,At Risk,2010-01-25 13:14:00,2010-12-09 14:08:00,1220,318,692.503333333
16796,90,1,305.62,3,1,2,312,6,Need Attention,2011-09-11 14:01:00,2011-09-11 14:01:00,186,0,305.62
16797,394,5,1827.77,2,4,4,244,10,At Risk,2009-12-02 13:33:00,2010-11-11 19:14:00,909,344,365.554
16798,555,3,848.71,1,3,3,133,7,At Risk,2009-12-10 19:35:00,2010-06-03 19:01:00,209,175,282.903333333
16799,433,2,495.98,1,2,2,122,5,Lost,2010-09-12 12:46:00,2010-10-03 14:28:00,176,21,247.99
16800,12,1,1201.49,5,1,3,513,9,New Customers,2011-11-28 14:06:00,2011-11-28 14:06:00,540,0,1201.49
16801,164,4,1619.73,3,3,4,334,10,Promising,2011-03-11 13:56:00,2011-06-29 15:33:00,499,110,404.9325
16802,680,2,582.61,1,2,2,122,5,Lost,2009-12-09 13:00:00,2010-01-29 13:44:00,369,51,291.305
16803,66,1,332.3,3,1,2,312,6,Need Attention,2011-10-05 14:28:00,2011-10-05 14:28:00,245,0,332.3
16804,24,3,536.99,4,3,2,432,9,Potential Loyalists,2011-03-14 15:48:00,2011-11-16 16:43:00,246,247,178.996666667
16805,174,4,1082.24,3,3,3,333,9,Promising,2009-12-14 15:17:00,2011-06-19 11:23:00,1121,552,270.56
16806,104,4,775.54,3,3,3,333,9,Promising,2011-04-14 19:59:00,2011-08-28 15:27:00,377,136,193.885
16807,143,6,2123.88,3,4,4,344,11,Loyal Customers,2010-03-26 14:38:00,2011-07-20 12:00:00,1433,481,353.98
16808,100,2,288.42,3,2,2,322,7,Need Attention,2011-03-10 19:05:00,2011-09-01 19:34:00,196,175,144.21
16809,24,9,1727.43,4,5,4,454,13,Champions,2010-04-13 15:34:00,2011-11-16 15:45:00,1093,582,191.936666667
16810,193,2,842.04,2,2,3,223,7,Hibernating,2010-10-15 15:32:00,2011-05-31 15:32:00,372,228,421.02
16811,5,2,547.07,5,2,2,522,9,Potential Loyalists,2011-11-22 17:19:00,2011-12-05 11:39:00,477,13,273.535
16812,361,4,2392,2,3,4,234,9,At Risk,2010-11-22 14:36:00,2010-12-14 12:35:00,1116,22,598
16813,9,10,1692.98,5,5,4,554,14,Champions,2011-05-19 13:28:00,2011-12-01 14:03:00,1525,196,169.298
16814,15,36,12216.52,5,5,5,555,15,Champions,2010-04-11 12:45:00,2011-11-25 13:27:00,4953,593,339.347777778
16815,454,2,410.97,1,2,2,122,5,Lost,2010-06-21 12:05:00,2010-09-12 10:59:00,238,83,205.485
16816,104,4,417.06,3,3,2,332,8,Need Attention,2010-12-16 17:01:00,2011-08-28 14:16:00,274,255,104.265
16817,3,13,2560.7,5,5,4,554,14,Champions,2010-10-04 09:06:00,2011-12-07 11:03:00,1401,429,196.976923077
16818,11,11,3349.57,5,5,5,555,15,Champions,2011-05-18 11:42:00,2011-11-29 10:41:00,2164,195,304.506363636
16819,466,2,182.59,1,2,1,121,4,Lost,2010-08-31 17:31:00,2010-08-31 17:37:00,253,0,91.295
16820,96,1,497.61,3,1,2,312,6,Need Attention,2011-09-05 12:06:00,2011-09-05 12:06:00,307,0,497.61
16821,382,1,113.35,2,1,1,211,4,Hibernating,2010-11-23 10:04:00,2010-11-23 10:04:00,13,0,113.35
16822,687,1,181.39,1,1,1,111,3,Lost,2010-01-22 14:22:00,2010-01-22 14:22:00,171,0,181.39
16823,228,7,2260.09,2,4,4,244,10,At Risk,2009-12-02 09:57:00,2011-04-26 15:00:00,1168,510,322.87
16824,16,3,686.24,5,3,3,533,11,Potential Loyalists,2010-11-11 12:21:00,2011-11-24 12:38:00,390,378,228.746666667
16825,39,5,1826.89,4,4,4,444,12,Champions,2010-06-23 13:14:00,2011-11-01 11:51:00,1297,496,365.378
16826,52,1,341.7,4,1,2,412,7,Promising,2011-10-19 14:05:00,2011-10-19 14:05:00,158,0,341.7
16827,394,5,387.18,2,4,2,242,8,At Risk,2010-04-29 19:07:00,2010-11-11 14:04:00,124,196,77.436
16828,113,1,113.5,3,1,1,311,5,Need Attention,2011-08-19 13:24:00,2011-08-19 13:24:00,58,0,113.5
16829,157,2,513.32,3,2,2,322,7,Need Attention,2010-11-16 18:11:00,2011-07-06 10:48:00,215,232,256.66
16830,39,4,1207.5,4,3,3,433,10,Potential Loyalists,2009-12-13 12:11:00,2011-11-01 11:35:00,699,688,301.875
16831,565,1,91.8,1,1,1,111,3,Lost,2010-05-24 09:08:00,2010-05-24 09:08:00,48,0,91.8
16832,185,5,417.61,3,4,2,342,9,Loyal Customers,2010-09-07 12:35:00,2011-06-08 15:36:00,179,274,83.522
16833,2,6,2409.04,5,4,4,544,13,Champions,2010-03-26 15:31:00,2011-12-08 14:39:00,878,622,401.506666667
16834,228,2,898.96,2,2,3,223,7,Hibernating,2010-02-03 14:24:00,2011-04-26 09:37:00,760,447,449.48
16835,129,6,1456.66,3,4,4,344,11,Loyal Customers,2010-05-19 08:41:00,2011-08-03 13:50:00,496,441,242.776666667
16836,40,4,782.37,4,3,3,433,10,Potential Loyalists,2010-05-14 12:52:00,2011-10-31 10:05:00,539,535,195.5925
16837,32,11,3170.98,4,5,5,455,14,Champions,2011-04-08 08:48:00,2011-11-08 14:27:00,1563,214,288.270909091
16838,198,4,1159.61,2,3,3,233,8,At Risk,2010-02-14 15:27:00,2011-05-26 13:13:00,509,466,289.9025
16839,9,44,21758.25,5,5,5,555,15,Champions,2010-02-11 15:02:00,2011-12-01 09:03:00,11295,658,494.505681818
16840,604,2,139.85,1,2,1,121,4,Lost,2010-02-03 12:42:00,2010-04-15 15:48:00,117,71,69.925
16841,37,12,4006.06,4,5,5,455,14,Champions,2010-01-12 11:32:00,2011-11-03 11:51:00,3478,660,333.838333333
16842,101,3,1264.19,3,3,4,334,10,Promising,2011-02-10 14:51:00,2011-08-31 10:42:00,693,202,421.396666667
16843,43,35,19571.43,4,5,5,455,14,Champions,2009-12-10 11:40:00,2011-10-28 09:06:00,18502,687,559.183714286
16844,563,2,614.34,1,2,3,123,6,Lost,2010-05-06 09:16:00,2010-05-26 10:29:00,281,20,307.17
16845,619,1,253.88,1,1,1,111,3,Lost,2010-03-31 13:09:00,2010-03-31 13:09:00,167,0,253.88
16846,51,3,842.41,4,3,3,433,10,Potential Loyalists,2010-03-10 12:03:00,2011-10-20 13:55:00,517,589,280.803333333
16847,44,2,614.89,4,2,3,423,9,Potential Loyalists,2010-03-31 13:32:00,2011-10-27 13:29:00,255,575,307.445
16848,53,4,1411.62,4,3,4,434,11,Potential Loyalists,2010-10-03 11:01:00,2011-10-18 08:42:00,780,380,352.905
16849,187,1,124.57,3,1,1,311,5,Need Attention,2011-06-06 09:16:00,2011-06-06 09:16:00,33,0,124.57
16850,334,1,332.41,2,1,2,212,5,Hibernating,2011-01-10 11:09:00,2011-01-10 11:09:00,249,0,332.41
16851,5,3,342.45,5,3,2,532,10,Potential Loyalists,2011-10-19 09:48:00,2011-12-05 13:32:00,271,47,114.15
16852,11,2,144.91,5,2,1,521,8,Potential Loyalists,2011-06-16 15:49:00,2011-11-29 13:22:00,56,166,72.455
16854,418,2,1408.96,1,2,4,124,7,Lost,2010-03-09 14:32:00,2010-10-18 16:31:00,997,223,704.48
16855,24,2,328.4,4,2,2,422,8,Potential Loyalists,2011-10-27 16:31:00,2011-11-16 12:03:00,164,20,164.2
16856,15,3,358.49,5,3,2,532,10,Potential Loyalists,2010-09-23 13:11:00,2011-11-25 08:59:00,171,428,119.496666667
16857,443,1,352.8,1,1,2,112,4,Lost,2010-09-23 10:49:00,2010-09-23 10:49:00,168,0,352.8
16858,369,10,4292.59,2,5,5,255,12,At Risk,2009-12-15 11:09:00,2010-12-06 09:52:00,1423,356,429.259
16859,145,7,1932.41,3,4,4,344,11,Loyal Customers,2010-03-04 12:37:00,2011-07-18 12:19:00,1899,501,276.058571429
16860,453,3,1610.62,1,3,4,134,8,At Risk,2010-02-15 13:46:00,2010-09-13 10:05:00,625,210,536.873333333
16861,60,5,946.59,3,4,3,343,10,Loyal Customers,2010-07-19 11:44:00,2011-10-11 09:05:00,616,449,189.318
16862,548,4,662.33,1,3,3,133,7,At Risk,2010-01-07 12:57:00,2010-06-10 13:05:00,513,154,165.5825
16863,32,3,834.27,4,3,3,433,10,Potential Loyalists,2010-10-26 10:03:00,2011-11-08 15:26:00,640,378,278.09
16864,435,2,409.25,1,2,2,122,5,Lost,2010-04-20 11:56:00,2010-10-01 16:16:00,283,164,204.625
16865,402,1,130.95,2,1,1,211,4,Hibernating,2010-11-03 11:34:00,2010-11-03 11:34:00,157,0,130.95
16866,141,3,207.74,3,3,1,331,7,Need Attention,2011-07-01 12:34:00,2011-07-22 10:06:00,60,21,69.2466666667
16867,690,1,76.74,1,1,1,111,3,Lost,2010-01-19 09:11:00,2010-01-19 09:11:00,58,0,76.74
16868,395,3,393.39,2,3,2,232,7,At Risk,2010-04-25 11:31:00,2010-11-10 13:17:00,116,199,131.13
16869,23,4,825.42,4,3,3,433,10,Potential Loyalists,2011-06-17 13:01:00,2011-11-17 12:02:00,585,153,206.355
16870,470,1,450.16,1,1,2,112,4,Lost,2010-08-27 13:53:00,2010-08-27 13:53:00,278,0,450.16
16871,23,6,2812.34,4,4,4,444,12,Champions,2011-03-14 10:31:00,2011-11-17 19:27:00,1253,248,468.723333333
16872,78,6,1213.13,3,4,4,344,11,Loyal Customers,2010-09-02 17:36:00,2011-09-23 16:05:00,1079,386,202.188333333
16873,5,12,14617.39,5,5,5,555,15,Champions,2010-02-09 14:17:00,2011-12-05 12:05:00,8601,664,1218.11583333
16874,380,1,217.74,2,1,1,211,4,Hibernating,2010-11-25 13:08:00,2010-11-25 13:08:00,81,0,217.74
16875,68,11,4234.53,3,5,5,355,13,Loyal Customers,2010-01-05 09:16:00,2011-10-03 13:39:00,2099,636,384.957272727
16876,404,1,136.01,2,1,1,211,4,Hibernating,2010-11-01 11:59:00,2010-11-01 11:59:00,181,0,136.01
16877,13,6,853.72,5,4,3,543,12,Loyal Customers,2011-05-15 16:13:00,2011-11-27 13:47:00,463,196,142.286666667
16878,85,1,13.3,3,1,1,311,5,Need Attention,2011-09-16 17:39:00,2011-09-16 17:39:00,12,0,13.3
16880,31,8,1840.86,4,4,4,444,12,Champions,2010-08-03 13:54:00,2011-11-09 11:33:00,911,463,230.1075
16881,67,1,432,3,1,2,312,6,Need Attention,2011-10-04 10:33:00,2011-10-04 10:33:00,600,0,432
16882,67,3,705.12,3,3,3,333,9,Promising,2011-01-26 17:43:00,2011-10-04 10:42:00,424,251,235.04
16883,188,19,2268.56,2,5,4,254,11,At Risk,2009-12-04 12:07:00,2011-06-05 12:51:00,1026,548,119.397894737
16884,38,4,1073.92,4,3,3,433,10,Potential Loyalists,2010-05-18 12:00:00,2011-11-02 11:52:00,521,533,268.48
16885,16,4,709.49,5,3,3,533,11,Potential Loyalists,2010-11-19 12:51:00,2011-11-24 13:40:00,375,370,177.3725
16886,457,1,134,1,1,1,111,3,Lost,2010-09-09 15:08:00,2010-09-09 15:08:00,48,0,134
16887,36,3,660.72,4,3,3,433,10,Potential Loyalists,2009-12-01 13:41:00,2011-11-04 14:07:00,424,703,220.24
16888,401,3,437.15,2,3,2,232,7,At Risk,2010-01-07 13:07:00,2010-11-04 12:39:00,147,301,145.716666667
16889,195,6,2530.9,2,4,4,244,10,At Risk,2010-05-23 10:46:00,2011-05-29 11:05:00,1616,371,421.816666667
16890,477,3,277.91,1,3,1,131,5,At Risk,2010-05-06 16:27:00,2010-08-20 11:23:00,241,106,92.6366666667
16891,2,11,1824.56,5,5,4,554,14,Champions,2009-12-04 12:37:00,2011-12-08 11:15:00,682,734,165.869090909
16892,2,7,762.1,5,4,3,543,12,Loyal Customers,2009-12-08 14:20:00,2011-12-08 13:18:00,370,730,108.871428571
16893,367,2,255.42,2,2,1,221,5,Hibernating,2010-11-28 15:14:00,2010-12-08 12:06:00,119,10,127.71
16894,503,3,1324.06,1,3,4,134,8,At Risk,2010-06-22 14:21:00,2010-07-25 15:43:00,507,33,441.353333333
16895,65,5,1121.42,3,4,3,343,10,Loyal Customers,2010-02-12 11:07:00,2011-10-06 12:15:00,433,601,224.284
16896,556,1,103.95,1,1,1,111,3,Lost,2010-06-02 15:40:00,2010-06-02 15:40:00,18,0,103.95
16897,300,2,289.78,2,2,2,222,6,Hibernating,2011-01-30 11:52:00,2011-02-13 15:02:00,73,14,144.89
16898,27,5,900.29,4,4,3,443,11,Loyal Customers,2010-05-12 12:18:00,2011-11-13 15:44:00,707,550,180.058
16899,8,8,1721.02,5,4,4,544,13,Champions,2010-11-07 15:00:00,2011-12-02 12:03:00,818,390,215.1275
16900,17,3,882.16,5,3,3,533,11,Potential Loyalists,2011-10-07 13:17:00,2011-11-23 10:32:00,832,47,294.053333333
16901,730,1,204.26,1,1,1,111,3,Lost,2009-12-10 16:30:00,2009-12-10 16:30:00,42,0,204.26
16902,117,1,1706.88,3,1,4,314,8,Need Attention,2011-08-15 14:17:00,2011-08-15 14:17:00,629,0,1706.88
16903,30,3,1062.28,4,3,3,433,10,Potential Loyalists,2010-10-20 14:42:00,2011-11-10 15:32:00,747,386,354.093333333
16904,5,20,4774.87,5,5,5,555,15,Champions,2010-10-24 16:03:00,2011-12-05 13:10:00,2659,407,238.7435
16905,6,17,4777.25,5,5,5,555,15,Champions,2009-12-10 20:04:00,2011-12-04 14:01:00,1949,724,281.014705882
16906,82,7,1447.95,3,4,4,344,11,Loyal Customers,2010-05-13 13:23:00,2011-09-19 11:49:00,612,494,206.85
16907,30,9,1525.88,4,5,4,454,13,Champions,2010-07-01 17:30:00,2011-11-10 18:04:00,464,497,169.542222222
16908,723,1,252.59,1,1,1,111,3,Lost,2009-12-17 13:35:00,2009-12-17 13:35:00,61,0,252.59
16909,73,1,379.14,3,1,2,312,6,Need Attention,2011-09-28 16:45:00,2011-09-28 16:45:00,436,0,379.14
16910,5,8,1510.06,5,4,4,544,13,Champions,2011-09-09 14:14:00,2011-12-05 12:51:00,886,87,188.7575
16911,636,2,255.25,1,2,1,121,4,Lost,2010-02-16 16:12:00,2010-03-14 12:18:00,161,26,127.625
16912,29,15,4480.31,4,5,5,455,14,Champions,2009-12-09 12:32:00,2011-11-11 12:18:00,1693,702,298.687333333
16913,291,3,423.91,2,3,2,232,7,At Risk,2010-02-26 12:06:00,2011-02-22 12:56:00,229,361,141.303333333
16914,37,1,208.46,4,1,1,411,6,Promising,2011-11-03 15:27:00,2011-11-03 15:27:00,121,0,208.46
16915,10,11,1543.18,5,5,4,554,14,Champions,2010-05-19 13:32:00,2011-11-30 16:39:00,190,560,140.289090909
16916,24,4,919.42,4,3,3,433,10,Potential Loyalists,2010-10-20 12:56:00,2011-11-16 12:08:00,659,392,229.855
16917,277,2,1857.83,2,2,4,224,8,Hibernating,2010-03-17 15:24:00,2011-03-08 11:55:00,793,356,928.915
16918,50,16,3213.29,4,5,5,455,14,Champions,2009-12-03 12:27:00,2011-10-21 12:50:00,2069,687,200.830625
16919,157,24,4927.56,3,5,5,355,13,Loyal Customers,2010-08-19 15:28:00,2011-07-06 13:35:00,2352,321,205.315
16920,412,1,355.45,1,1,2,112,4,Lost,2010-10-24 14:07:00,2010-10-24 14:07:00,81,0,355.45
16921,62,3,446.67,3,3,2,332,8,Need Attention,2010-04-18 15:34:00,2011-10-09 16:22:00,299,539,148.89
16922,573,1,611.08,1,1,3,113,5,Lost,2010-05-16 11:24:00,2010-05-16 11:24:00,281,0,611.08
16923,13,32,13378.36,5,5,5,555,15,Champions,2010-01-31 11:14:00,2011-11-27 13:00:00,6269,665,418.07375
16924,22,3,846.75,4,3,3,433,10,Potential Loyalists,2011-09-16 12:54:00,2011-11-18 12:53:00,493,63,282.25
16925,541,1,125.65,1,1,1,111,3,Lost,2010-06-17 15:03:00,2010-06-17 15:03:00,123,0,125.65
16926,372,5,1191.1,2,4,3,243,9,At Risk,2010-07-01 12:57:00,2010-12-03 13:42:00,202,155,238.22
16927,116,3,543.05,3,3,2,332,8,Need Attention,2010-12-13 11:57:00,2011-08-16 11:10:00,993,246,181.016666667
16928,81,26,3897.53,3,5,5,355,13,Loyal Customers,2010-02-03 12:30:00,2011-09-20 15:10:00,2638,594,149.905
16929,4,7,1295.39,5,4,4,544,13,Champions,2011-07-07 12:39:00,2011-12-06 08:37:00,929,152,185.055714286
16930,27,3,380.55,4,3,2,432,9,Potential Loyalists,2011-10-02 14:25:00,2011-11-13 16:13:00,341,42,126.85
16931,6,23,5081.57,5,5,5,555,15,Champions,2010-11-07 13:24:00,2011-12-04 13:15:00,3381,392,220.937826087
16932,54,3,440.71,4,3,2,432,9,Potential Loyalists,2010-05-17 14:15:00,2011-10-17 14:12:00,229,518,146.903333333
16933,2,9,3181.25,5,5,5,555,15,Champions,2009-12-09 15:03:00,2011-12-08 12:54:00,1547,729,353.472222222
16934,55,6,2110.99,4,4,4,444,12,Champions,2010-03-28 12:43:00,2011-10-16 12:40:00,939,567,351.831666667
16935,382,3,535.1,2,3,2,232,7,At Risk,2010-10-14 13:09:00,2010-11-23 09:16:00,278,40,178.366666667
16936,26,2,551.17,4,2,2,422,8,Potential Loyalists,2010-11-19 11:54:00,2011-11-14 11:04:00,342,360,275.585
16937,500,1,202.1,1,1,1,111,3,Lost,2010-07-28 17:56:00,2010-07-28 17:56:00,126,0,202.1
16938,9,9,7043.18,5,5,5,555,15,Champions,2010-02-17 14:47:00,2011-12-01 10:20:00,5084,652,782.575555556
16939,489,3,449,1,3,2,132,6,At Risk,2010-02-28 13:33:00,2010-08-08 12:24:00,232,161,149.666666667
16940,53,8,6427.66,4,4,5,445,13,Champions,2009-12-08 13:08:00,2011-10-18 13:15:00,4503,679,803.4575
16941,612,1,33,1,1,1,111,3,Lost,2010-04-07 11:13:00,2010-04-07 11:13:00,12,0,33
16942,13,9,1920.59,5,5,4,554,14,Champions,2011-04-26 11:59:00,2011-11-27 12:40:00,811,215,213.398888889
16943,212,3,816.73,2,3,3,233,8,At Risk,2011-01-25 14:00:00,2011-05-12 11:57:00,145,107,272.243333333
16944,610,1,101.36,1,1,1,111,3,Lost,2010-04-09 11:03:00,2010-04-09 11:03:00,27,0,101.36
16945,22,33,8548.16,4,5,5,455,14,Champions,2009-12-09 11:33:00,2011-11-18 11:39:00,5889,709,259.035151515
16946,384,5,1222.04,2,4,4,244,10,At Risk,2010-03-02 10:49:00,2010-11-21 14:06:00,509,264,244.408
16947,236,4,946.71,2,3,3,233,8,At Risk,2010-03-03 10:54:00,2011-04-18 09:38:00,654,411,236.6775
16948,139,7,868.77,3,4,3,343,10,Loyal Customers,2010-02-21 13:48:00,2011-07-24 12:46:00,2091,518,124.11
16949,4,6,1286.27,5,4,4,544,13,Champions,2011-01-27 12:11:00,2011-12-06 11:07:00,791,313,214.378333333
16950,57,10,3604.37,4,5,5,455,14,Champions,2010-01-24 11:26:00,2011-10-14 09:06:00,2452,628,360.437
16951,135,3,1277.75,3,3,4,334,10,Promising,2011-02-08 14:58:00,2011-07-28 12:05:00,1318,170,425.916666667
16952,110,5,798.78,3,4,3,343,10,Loyal Customers,2009-12-11 13:52:00,2011-08-22 13:03:00,344,619,159.756
16953,31,1,20.8,4,1,1,411,6,Promising,2011-11-09 15:54:00,2011-11-09 15:54:00,10,0,20.8
16954,1,20,6081.88,5,5,5,555,15,Champions,2010-01-18 14:49:00,2011-12-09 09:46:00,4086,690,304.094
16955,185,6,1120.31,3,4,3,343,10,Loyal Customers,2010-01-31 11:38:00,2011-06-08 10:36:00,723,493,186.718333333
16956,18,1,308.74,5,1,2,512,8,New Customers,2011-11-22 08:56:00,2011-11-22 08:56:00,114,0,308.74
16957,240,2,416.64,2,2,2,222,6,Hibernating,2011-03-03 09:25:00,2011-04-14 13:56:00,172,42,208.32
16958,436,1,809.44,1,1,3,113,5,Lost,2010-09-30 14:25:00,2010-09-30 14:25:00,561,0,809.44
16959,88,1,117.35,3,1,1,311,5,Need Attention,2011-09-13 15:03:00,2011-09-13 15:03:00,49,0,117.35
16960,39,8,2041.48,4,4,4,444,12,Champions,2010-03-02 13:36:00,2011-11-01 11:35:00,1512,609,255.185
16961,117,3,794.56,3,3,3,333,9,Promising,2010-06-25 14:36:00,2011-08-15 13:46:00,482,416,264.853333333
16962,410,1,251.04,1,1,1,111,3,Lost,2010-10-26 11:36:00,2010-10-26 11:36:00,158,0,251.04
16963,188,1,110.55,2,1,1,211,4,Hibernating,2011-06-05 13:48:00,2011-06-05 13:48:00,35,0,110.55
16964,734,2,207.85,1,2,1,121,4,Lost,2009-12-06 12:51:00,2009-12-06 12:53:00,49,0,103.925
16965,227,1,192.07,2,1,1,211,4,Hibernating,2011-04-27 12:08:00,2011-04-27 12:08:00,243,0,192.07
16966,9,7,2154.97,5,4,4,544,13,Champions,2011-04-13 14:17:00,2011-12-01 13:40:00,1981,232,307.852857143
16967,190,1,319.02,2,1,2,212,5,Hibernating,2011-06-03 14:24:00,2011-06-03 14:24:00,333,0,319.02
16968,5,2,439.43,5,2,2,522,9,Potential Loyalists,2011-08-24 10:51:00,2011-12-05 15:02:00,326,103,219.715
16969,40,3,650.41,4,3,3,433,10,Potential Loyalists,2011-06-01 12:10:00,2011-10-31 13:12:00,816,152,216.803333333
16970,627,1,71.4,1,1,1,111,3,Lost,2010-03-23 13:50:00,2010-03-23 13:50:00,12,0,71.4
16971,39,1,357.21,4,1,2,412,7,Promising,2011-11-01 15:06:00,2011-11-01 15:06:00,72,0,357.21
16972,383,2,786.25,2,2,3,223,7,Hibernating,2010-09-09 11:20:00,2010-11-22 10:59:00,190,74,393.125
16973,387,1,127,2,1,1,211,4,Hibernating,2010-11-18 13:56:00,2010-11-18 13:56:00,60,0,127
16974,523,2,365.5,1,2,2,122,5,Lost,2010-05-24 10:43:00,2010-07-05 10:18:00,70,42,182.75
16975,424,3,926.12,1,3,3,133,7,At Risk,2010-07-22 11:38:00,2010-10-12 17:53:00,586,82,308.706666667
16976,268,1,251.52,2,1,1,211,4,Hibernating,2011-03-17 16:33:00,2011-03-17 16:33:00,88,0,251.52
16977,396,4,496,2,3,2,232,7,At Risk,2010-03-18 11:06:00,2010-11-09 13:17:00,142,236,124
16978,78,3,768.88,3,3,3,333,9,Promising,2010-02-11 16:27:00,2011-09-23 12:50:00,285,589,256.293333333
16979,4,9,2859.74,5,5,4,554,14,Champions,2010-09-15 14:30:00,2011-12-06 12:21:00,1451,447,317.748888889
16980,256,3,1473.33,2,3,4,234,9,At Risk,2010-10-07 14:05:00,2011-03-29 16:36:00,1039,173,491.11
16982,61,1,384.06,3,1,2,312,6,Need Attention,2011-10-10 12:28:00,2011-10-10 12:28:00,182,0,384.06
16983,13,11,3546.73,5,5,5,555,15,Champions,2010-09-19 12:38:00,2011-11-27 12:10:00,2401,434,322.43
16984,89,9,10754.8,3,5,5,355,13,Loyal Customers,2010-03-07 15:34:00,2011-09-12 13:43:00,5330,554,1194.97777778
16985,18,23,10923.16,5,5,5,555,15,Champions,2009-12-10 13:34:00,2011-11-22 13:33:00,3103,712,474.92
16986,30,11,4888.75,4,5,5,455,14,Champions,2010-02-04 14:46:00,2011-11-10 11:55:00,2539,644,444.431818182
16987,4,11,2513.95,5,5,4,554,14,Champions,2009-12-02 14:34:00,2011-12-06 17:26:00,678,734,228.540909091
16988,6,2,382.67,5,2,2,522,9,Potential Loyalists,2010-11-25 09:22:00,2011-12-04 16:02:00,158,374,191.335
16989,8,6,1133.25,5,4,3,543,12,Loyal Customers,2011-07-12 09:11:00,2011-12-02 16:39:00,1233,143,188.875
16990,219,2,344,2,2,2,222,6,Hibernating,2010-10-13 11:42:00,2011-05-05 08:30:00,200,204,172
16991,422,1,1041.21,1,1,3,113,5,Lost,2010-10-14 14:08:00,2010-10-14 14:08:00,793,0,1041.21
16992,11,13,5476.5,5,5,5,555,15,Champions,2010-02-11 12:36:00,2011-11-29 11:50:00,2061,656,421.269230769
16993,464,2,1950.95,1,2,4,124,7,Lost,2010-05-12 13:55:00,2010-09-02 12:16:00,285,113,975.475
16996,31,9,2123.61,4,5,4,454,13,Champions,2010-10-18 12:24:00,2011-11-09 16:43:00,919,387,235.956666667
16997,289,3,702,2,3,3,233,8,At Risk,2011-01-18 11:51:00,2011-02-24 17:28:00,360,37,234
16998,150,5,402,3,4,2,342,9,Loyal Customers,2010-09-21 14:39:00,2011-07-13 09:44:00,104,295,80.4
16999,24,2,484.82,4,2,2,422,8,Potential Loyalists,2011-09-26 15:43:00,2011-11-16 13:53:00,294,51,242.41
17000,397,2,406.3,2,2,2,222,6,Hibernating,2010-10-27 14:16:00,2010-11-08 13:35:00,305,12,203.15
17001,1,19,6640.8,5,5,5,555,15,Champions,2010-03-25 12:41:00,2011-12-09 09:38:00,3782,624,349.515789474
17002,86,7,2571.55,3,4,4,344,11,Loyal Customers,2010-03-08 15:46:00,2011-09-15 12:40:00,1265,556,367.364285714
17003,403,4,830.16,2,3,3,233,8,At Risk,2010-05-10 11:20:00,2010-11-02 13:15:00,495,176,207.54
17004,47,4,2425.16,4,3,4,434,11,Potential Loyalists,2010-10-11 15:43:00,2011-10-24 14:25:00,1281,378,606.29
17005,471,2,742.36,1,2,3,123,6,Lost,2010-04-30 10:55:00,2010-08-26 10:57:00,787,118,371.18
17006,5,8,1636.32,5,4,4,544,13,Champions,2010-03-05 13:33:00,2011-12-05 12:09:00,573,640,204.54
17007,51,7,1120.1,4,4,3,443,11,Loyal Customers,2010-09-28 13:51:00,2011-10-20 10:47:00,717,387,160.014285714
17008,430,1,81.36,1,1,1,111,3,Lost,2010-10-06 15:19:00,2010-10-06 15:19:00,24,0,81.36
17009,552,1,242.06,1,1,1,111,3,Lost,2010-06-06 16:01:00,2010-06-06 16:01:00,336,0,242.06
17010,19,1,195.36,5,1,1,511,7,New Customers,2011-11-21 14:49:00,2011-11-21 14:49:00,118,0,195.36
17011,31,3,671.7,4,3,3,433,10,Potential Loyalists,2010-02-26 09:47:00,2011-11-09 13:30:00,792,621,223.9
17012,726,1,384.16,1,1,2,112,4,Lost,2009-12-14 17:34:00,2009-12-14 17:34:00,268,0,384.16
17014,9,3,586.33,5,3,2,532,10,Potential Loyalists,2011-10-04 11:36:00,2011-12-01 14:09:00,245,58,195.443333333
17015,29,3,1842.56,4,3,4,434,11,Potential Loyalists,2011-06-07 13:19:00,2011-11-11 10:45:00,1981,157,614.186666667
17016,577,1,552.4,1,1,2,112,4,Lost,2010-05-12 12:32:00,2010-05-12 12:32:00,309,0,552.4
17017,3,29,12576.99,5,5,5,555,15,Champions,2009-12-03 13:22:00,2011-12-07 09:32:00,9397,734,433.689310345
17018,41,6,2287.7,4,4,4,444,12,Champions,2009-12-05 10:27:00,2011-10-30 11:42:00,456,694,381.283333333
17019,12,11,3638.08,5,5,5,555,15,Champions,2009-12-02 11:52:00,2011-11-28 13:06:00,2414,726,330.734545455
17020,543,2,935.62,1,2,3,123,6,Lost,2010-03-03 12:27:00,2010-06-15 13:06:00,860,104,467.81
17021,443,6,1182.22,1,4,3,143,8,At Risk,2010-04-29 20:05:00,2010-09-23 20:01:00,992,147,197.036666667
17022,32,2,260,4,2,1,421,7,Potential Loyalists,2010-10-03 10:27:00,2011-11-08 17:09:00,180,401,130
17023,418,3,800.18,1,3,3,133,7,At Risk,2010-01-11 15:09:00,2010-10-18 15:37:00,530,280,266.726666667
17024,46,3,95.85,4,3,1,431,8,Potential Loyalists,2011-07-05 09:31:00,2011-10-25 13:47:00,69,112,31.95
17025,61,5,1349.67,3,4,4,344,11,Loyal Customers,2010-03-08 13:37:00,2011-10-10 09:06:00,885,581,269.934
17026,186,3,175.83,3,3,1,331,7,Need Attention,2010-10-18 15:22:00,2011-06-07 14:28:00,107,232,58.61
17027,79,9,1327.11,3,5,4,354,12,Loyal Customers,2009-12-10 12:10:00,2011-09-22 12:24:00,653,651,147.456666667
17028,582,3,1593.83,1,3,4,134,8,At Risk,2009-12-18 14:28:00,2010-05-07 15:33:00,856,140,531.276666667
17029,111,7,2137.3,3,4,4,344,11,Loyal Customers,2010-02-14 10:19:00,2011-08-21 11:06:00,1265,553,305.328571429
17030,64,1,146.87,3,1,1,311,5,Need Attention,2011-10-07 08:49:00,2011-10-07 08:49:00,146,0,146.87
17031,12,6,2773.85,5,4,4,544,13,Champions,2010-05-07 14:52:00,2011-11-28 10:23:00,1595,570,462.308333333
17032,604,5,2916.97,1,4,5,145,10,At Risk,2009-12-10 15:36:00,2010-04-15 14:14:00,1692,126,583.394
17033,87,4,1332.79,3,3,4,334,10,Promising,2010-11-07 12:55:00,2011-09-14 14:34:00,871,311,333.1975
17034,17,5,1283.92,5,4,4,544,13,Champions,2010-07-14 12:55:00,2011-11-23 15:14:00,700,497,256.784
17035,246,4,613.59,2,3,3,233,8,At Risk,2009-12-03 10:37:00,2011-04-08 11:23:00,327,491,153.3975
17036,384,1,176.9,2,1,1,211,4,Hibernating,2010-11-21 14:26:00,2010-11-21 14:26:00,76,0,176.9
17037,88,1,1267.32,3,1,4,314,8,Need Attention,2011-09-13 12:49:00,2011-09-13 12:49:00,656,0,1267.32
17038,31,2,743.17,4,2,3,423,9,Potential Loyalists,2010-10-20 16:04:00,2011-11-09 13:50:00,535,385,371.585
17039,605,1,1954.99,1,1,4,114,6,Lost,2010-04-14 12:56:00,2010-04-14 12:56:00,689,0,1954.99
17040,138,2,463.25,3,2,2,322,7,Need Attention,2010-06-07 15:08:00,2011-07-25 10:19:00,189,413,231.625
17041,27,6,1686.28,4,4,4,444,12,Champions,2010-04-18 14:25:00,2011-11-13 11:21:00,1337,574,281.046666667
17042,3,5,1044.38,5,4,3,543,12,Loyal Customers,2011-04-06 14:53:00,2011-12-07 12:26:00,994,245,208.876
17043,33,8,2616.55,4,4,4,444,12,Champions,2009-12-09 15:20:00,2011-11-07 15:33:00,1624,698,327.06875
17044,26,12,11962.3,4,5,5,455,14,Champions,2009-12-07 12:25:00,2011-11-14 14:28:00,5722,707,996.858333333
17045,114,5,827.68,3,4,3,343,10,Loyal Customers,2010-10-06 14:52:00,2011-08-18 17:09:00,294,316,165.536
17046,158,5,1906.07,3,4,4,344,11,Loyal Customers,2010-03-29 13:46:00,2011-07-05 14:24:00,1636,463,381.214
17047,86,6,2289.23,3,4,4,344,11,Loyal Customers,2009-12-08 08:48:00,2011-09-15 13:27:00,1184,646,381.538333333
17048,118,7,2071.68,3,4,4,344,11,Loyal Customers,2010-01-18 13:55:00,2011-08-14 11:49:00,1068,573,295.954285714
17049,3,19,9947.48,5,5,5,555,15,Champions,2010-03-04 10:23:00,2011-12-07 10:48:00,4276,643,523.551578947
17050,97,11,4691.79,3,5,5,355,13,Loyal Customers,2010-01-26 14:54:00,2011-09-04 13:48:00,2451,586,426.526363636
17051,195,4,714.39,2,3,3,233,8,At Risk,2010-03-21 14:55:00,2011-05-29 14:13:00,513,434,178.5975
17052,29,1,413.75,4,1,2,412,7,Promising,2011-11-11 14:50:00,2011-11-11 14:50:00,261,0,413.75
17053,131,1,498.48,3,1,2,312,6,Need Attention,2011-08-01 10:23:00,2011-08-01 10:23:00,122,0,498.48
17054,29,5,1356.33,4,4,4,444,12,Champions,2011-04-08 13:14:00,2011-11-11 12:56:00,804,217,271.266
17055,446,1,239.55,1,1,1,111,3,Lost,2010-09-20 12:21:00,2010-09-20 12:21:00,87,0,239.55
17056,739,1,128.6,1,1,1,111,3,Lost,2009-12-01 12:55:00,2009-12-01 12:55:00,26,0,128.6
17057,597,1,288.79,1,1,2,112,4,Lost,2010-04-22 19:21:00,2010-04-22 19:21:00,122,0,288.79
17058,82,3,1179.89,3,3,3,333,9,Promising,2011-04-14 09:18:00,2011-09-19 10:13:00,592,158,393.296666667
17059,30,9,4880.17,4,5,5,455,14,Champions,2010-01-26 14:43:00,2011-11-10 12:27:00,3113,653,542.241111111
17060,267,1,234.24,2,1,1,211,4,Hibernating,2011-03-18 13:27:00,2011-03-18 13:27:00,216,0,234.24
17061,74,11,5232.23,3,5,5,355,13,Loyal Customers,2011-04-21 13:29:00,2011-09-27 11:24:00,1526,159,475.657272727
17062,314,6,908.75,2,4,3,243,9,At Risk,2010-09-26 11:57:00,2011-01-30 11:01:00,652,126,151.458333333
17063,22,13,3638.53,4,5,5,455,14,Champions,2009-12-01 12:36:00,2011-11-18 16:19:00,1899,717,279.886923077
17064,59,3,859.35,4,3,3,433,10,Potential Loyalists,2011-01-16 16:10:00,2011-10-12 10:18:00,318,269,286.45
17065,638,2,194.7,1,2,1,121,4,Lost,2010-03-12 11:40:00,2010-03-12 11:41:00,82,0,97.35
17066,727,1,228.34,1,1,1,111,3,Lost,2009-12-13 13:24:00,2009-12-13 13:24:00,93,0,228.34
17067,725,3,454.54,1,3,2,132,6,At Risk,2009-12-08 12:03:00,2009-12-15 08:39:00,322,7,151.513333333
17068,13,47,8987.43,5,5,5,555,15,Champions,2010-03-28 14:26:00,2011-11-27 13:14:00,4349,609,191.221914894
17069,29,14,5517.23,4,5,5,455,14,Champions,2009-12-03 12:27:00,2011-11-11 17:13:00,3230,708,394.087857143
17070,115,2,445.32,3,2,2,322,7,Need Attention,2010-10-25 15:57:00,2011-08-17 17:01:00,234,296,222.66
17071,29,13,3801.2,4,5,5,455,14,Champions,2010-01-24 13:05:00,2011-11-11 16:31:00,1935,656,292.4
17072,626,1,282.05,1,1,1,111,3,Lost,2010-03-24 16:33:00,2010-03-24 16:33:00,218,0,282.05
17073,18,4,1444.84,5,3,4,534,12,Potential Loyalists,2011-08-22 14:37:00,2011-11-22 11:47:00,758,92,361.21
17074,563,1,203.05,1,1,1,111,3,Lost,2010-05-26 12:04:00,2010-05-26 12:04:00,19,0,203.05
17075,18,10,2241.73,5,5,4,554,14,Champions,2009-12-14 11:24:00,2011-11-22 11:58:00,787,708,224.173
17076,37,6,1242.75,4,4,4,444,12,Champions,2009-12-04 12:12:00,2011-11-03 17:53:00,514,699,207.125
17077,579,1,306,1,1,2,112,4,Lost,2010-05-10 16:36:00,2010-05-10 16:36:00,36,0,306
17078,37,2,375.86,4,2,2,422,8,Potential Loyalists,2011-11-03 18:49:00,2011-11-03 19:17:00,782,0,187.93
17079,79,1,118.8,3,1,1,311,5,Need Attention,2011-09-22 15:34:00,2011-09-22 15:34:00,24,0,118.8
17080,23,7,957.53,4,4,3,443,11,Loyal Customers,2010-07-01 16:03:00,2011-11-17 12:59:00,569,504,136.79
17081,26,6,964.39,4,4,3,443,11,Loyal Customers,2010-02-22 13:19:00,2011-11-14 12:56:00,389,630,160.731666667
17082,34,6,4732.03,4,4,5,445,13,Champions,2009-12-15 11:25:00,2011-11-06 15:17:00,2526,691,788.671666667
17083,110,9,4049.79,3,5,5,355,13,Loyal Customers,2010-02-09 11:46:00,2011-08-22 15:43:00,1955,559,449.976666667
17084,36,3,5202.97,4,3,5,435,12,Potential Loyalists,2010-11-08 14:20:00,2011-11-04 14:54:00,3292,361,1734.32333333
17085,124,28,7883.01,3,5,5,355,13,Loyal Customers,2009-12-06 12:16:00,2011-08-08 14:15:00,3573,610,281.536071429
17086,8,6,2050.08,5,4,4,544,13,Champions,2011-10-07 11:22:00,2011-12-02 13:54:00,1859,56,341.68
17087,738,1,221.53,1,1,1,111,3,Lost,2009-12-02 10:41:00,2009-12-02 10:41:00,113,0,221.53
17088,29,4,1991.01,4,3,4,434,11,Potential Loyalists,2011-03-31 09:48:00,2011-11-11 14:23:00,868,225,497.7525
17089,387,1,128.45,2,1,1,211,4,Hibernating,2010-11-18 15:33:00,2010-11-18 15:33:00,35,0,128.45
17090,5,13,3149.48,5,5,5,555,15,Champions,2010-07-19 16:02:00,2011-12-05 13:44:00,1362,504,242.267692308
17091,3,19,7517.65,5,5,5,555,15,Champions,2009-12-16 15:45:00,2011-12-07 10:43:00,3744,721,395.665789474
17092,51,11,5594.96,4,5,5,455,14,Champions,2010-02-02 16:42:00,2011-10-20 19:51:00,3801,625,508.632727273
17093,593,1,235.88,1,1,1,111,3,Lost,2010-04-26 10:22:00,2010-04-26 10:22:00,114,0,235.88
17094,323,2,402.2,2,2,2,222,6,Hibernating,2010-10-12 10:48:00,2011-01-21 13:09:00,212,101,201.1
17095,23,7,2572.25,4,4,4,444,12,Champions,2009-12-15 12:32:00,2011-11-17 12:21:00,1695,702,367.464285714
17096,16,11,3759.18,5,5,5,555,15,Champions,2010-06-02 14:48:00,2011-11-24 15:01:00,1571,540,341.743636364
17097,3,9,1165.73,5,5,3,553,13,Loyal Customers,2010-10-05 14:09:00,2011-12-07 17:05:00,593,428,129.525555556
17098,382,3,591.07,2,3,2,232,7,At Risk,2010-06-17 10:30:00,2010-11-23 12:13:00,125,159,197.023333333
17099,534,1,582.17,1,1,2,112,4,Lost,2010-06-24 16:25:00,2010-06-24 16:25:00,317,0,582.17
17100,19,2,971.74,5,2,3,523,10,Potential Loyalists,2011-11-21 16:36:00,2011-11-21 16:36:00,800,0,485.87
17101,11,7,2507.05,5,4,4,544,13,Champions,2010-06-07 15:12:00,2011-11-29 13:57:00,1175,540,358.15
17102,262,1,25.5,2,1,1,211,4,Hibernating,2011-03-23 10:08:00,2011-03-23 10:08:00,2,0,25.5
17103,723,1,424.3,1,1,2,112,4,Lost,2009-12-17 14:08:00,2009-12-17 14:08:00,471,0,424.3
17104,424,1,474.03,1,1,2,112,4,Lost,2010-10-12 12:21:00,2010-10-12 12:21:00,149,0,474.03
17105,160,2,665.78,3,2,3,323,8,Promising,2011-02-06 14:46:00,2011-07-03 15:53:00,693,147,332.89
17106,390,1,491.23,2,1,2,212,5,Hibernating,2010-11-15 14:11:00,2010-11-15 14:11:00,156,0,491.23
17107,34,10,16075.42,4,5,5,455,14,Champions,2010-01-31 15:47:00,2011-11-06 14:14:00,7544,644,1607.542
17108,664,1,174.95,1,1,1,111,3,Lost,2010-02-14 12:22:00,2010-02-14 12:22:00,31,0,174.95
17109,30,8,1295.46,4,4,4,444,12,Champions,2010-07-30 12:42:00,2011-11-10 16:59:00,789,468,161.9325
17110,166,3,510.7,3,3,2,332,8,Need Attention,2010-04-08 13:32:00,2011-06-27 12:58:00,142,445,170.233333333
17111,48,2,476.58,4,2,2,422,8,Potential Loyalists,2010-10-10 15:21:00,2011-10-23 15:59:00,601,378,238.29
17112,503,1,205.17,1,1,1,111,3,Lost,2010-07-25 11:14:00,2010-07-25 11:14:00,134,0,205.17
17113,575,6,2322.59,1,4,4,144,9,At Risk,2010-01-11 10:14:00,2010-05-14 13:59:00,915,123,387.098333333
17114,6,8,808.62,5,4,3,543,12,Loyal Customers,2011-01-09 11:39:00,2011-12-04 12:17:00,219,329,101.0775
17115,9,7,2761.49,5,4,4,544,13,Champions,2009-12-05 12:13:00,2011-12-01 14:30:00,885,726,394.498571429
17116,649,1,389.78,1,1,2,112,4,Lost,2010-03-01 16:29:00,2010-03-01 16:29:00,392,0,389.78
17117,289,1,116.2,2,1,1,211,4,Hibernating,2011-02-24 13:54:00,2011-02-24 13:54:00,68,0,116.2
17118,318,1,157.02,2,1,1,211,4,Hibernating,2011-01-26 12:19:00,2011-01-26 12:19:00,154,0,157.02
17119,4,2,606.91,5,2,3,523,10,Potential Loyalists,2011-10-11 11:03:00,2011-12-06 14:40:00,334,56,303.455
17120,234,1,307.46,2,1,2,212,5,Hibernating,2011-04-20 15:21:00,2011-04-20 15:21:00,120,0,307.46
17121,403,1,314.74,2,1,2,212,5,Hibernating,2010-11-02 11:47:00,2010-11-02 11:47:00,106,0,314.74
17122,120,4,570.5,3,3,2,332,8,Need Attention,2010-07-28 09:34:00,2011-08-12 14:33:00,368,380,142.625
17123,162,3,966.67,3,3,3,333,9,Promising,2010-05-16 11:52:00,2011-07-01 10:47:00,651,411,322.223333333
17124,186,1,298.89,3,1,2,312,6,Need Attention,2011-06-07 14:02:00,2011-06-07 14:02:00,130,0,298.89
17125,51,1,259.35,4,1,1,411,6,Promising,2011-10-20 14:41:00,2011-10-20 14:41:00,291,0,259.35
17126,153,9,2062.94,3,5,4,354,12,Loyal Customers,2010-08-31 13:41:00,2011-07-10 13:52:00,1462,313,229.215555556
17127,429,5,1155.03,1,4,3,143,8,At Risk,2009-12-04 15:18:00,2010-10-07 09:54:00,340,307,231.006
17128,335,1,157.09,2,1,1,211,4,Hibernating,2011-01-09 12:02:00,2011-01-09 12:02:00,76,0,157.09
17129,521,1,31.85,1,1,1,111,3,Lost,2010-07-07 13:46:00,2010-07-07 13:46:00,5,0,31.85
17131,6,5,2463.17,5,4,4,544,13,Champions,2011-09-25 12:42:00,2011-12-04 12:52:00,983,70,492.634
17132,453,2,1272.8,1,2,4,124,7,Lost,2010-08-08 13:49:00,2010-09-13 16:31:00,980,36,636.4
17133,16,12,14622.33,5,5,5,555,15,Champions,2010-03-21 12:31:00,2011-11-24 12:27:00,10107,613,1218.5275
17134,107,3,637.1,3,3,3,333,9,Promising,2010-09-23 18:32:00,2011-08-25 09:53:00,148,336,212.366666667
17135,17,10,1732.78,5,5,4,554,14,Champions,2010-05-09 16:03:00,2011-11-23 16:48:00,1696,563,173.278
17136,663,1,231.68,1,1,1,111,3,Lost,2010-02-15 13:13:00,2010-02-15 13:13:00,256,0,231.68
17137,417,6,1133.63,1,4,3,143,8,At Risk,2010-01-31 12:27:00,2010-10-19 14:51:00,697,261,188.938333333
17138,276,7,4417.27,2,4,5,245,11,At Risk,2010-02-04 14:19:00,2011-03-09 11:54:00,2024,398,631.038571429
17139,16,25,19584.46,5,5,5,555,15,Champions,2010-01-11 11:31:00,2011-11-24 10:12:00,9859,682,783.3784
17140,248,1,465.32,2,1,2,212,5,Hibernating,2011-04-06 13:33:00,2011-04-06 13:33:00,302,0,465.32
17141,419,4,754.33,1,3,3,133,7,At Risk,2010-01-24 14:19:00,2010-10-17 14:54:00,436,266,188.5825
17142,240,4,1283.75,2,3,4,234,9,At Risk,2010-01-24 15:23:00,2011-04-14 18:22:00,323,445,320.9375
17143,418,2,924.11,1,2,3,123,6,Lost,2010-07-12 13:26:00,2010-10-18 15:27:00,330,98,462.055
17144,2,2,984.57,5,2,3,523,10,Potential Loyalists,2011-09-16 12:50:00,2011-12-08 17:57:00,483,83,492.285
17145,513,4,3120.91,1,3,5,135,9,At Risk,2010-02-19 12:07:00,2010-07-15 09:02:00,2591,146,780.2275
17146,106,13,5860.24,3,5,5,355,13,Loyal Customers,2010-02-02 09:39:00,2011-08-26 12:44:00,2192,570,450.787692308
17147,23,9,3199.95,4,5,5,455,14,Champions,2010-01-11 09:38:00,2011-11-17 12:32:00,1308,675,355.55
17148,52,1,124.88,4,1,1,411,6,Promising,2011-10-19 09:59:00,2011-10-19 09:59:00,82,0,124.88
17149,452,1,143.1,1,1,1,111,3,Lost,2010-09-14 14:56:00,2010-09-14 14:56:00,18,0,143.1
17150,377,6,1375.65,2,4,4,244,10,At Risk,2009-12-06 10:51:00,2010-11-28 11:27:00,403,357,229.275
17151,736,1,231.9,1,1,1,111,3,Lost,2009-12-04 14:56:00,2009-12-04 14:56:00,42,0,231.9
17152,195,4,2016.5,2,3,4,234,9,At Risk,2010-10-10 12:40:00,2011-05-29 12:19:00,577,231,504.125
17153,25,1,213.78,4,1,1,411,6,Promising,2011-11-15 13:42:00,2011-11-15 13:42:00,104,0,213.78
17154,76,1,329.34,3,1,2,312,6,Need Attention,2011-09-25 13:42:00,2011-09-25 13:42:00,490,0,329.34
17155,18,7,892.46,5,4,3,543,12,Loyal Customers,2009-12-03 11:34:00,2011-11-22 12:38:00,987,719,127.494285714
17156,492,1,591.87,1,1,2,112,4,Lost,2010-08-05 11:30:00,2010-08-05 11:30:00,391,0,591.87
17157,8,19,5151.9,5,5,5,555,15,Champions,2009-12-04 13:00:00,2011-12-02 09:10:00,2092,728,271.152631579
17158,33,5,1980,4,4,4,444,12,Champions,2010-03-07 15:50:00,2011-11-07 15:15:00,1147,610,396
17159,22,5,2099.59,4,4,4,444,12,Champions,2010-03-04 14:53:00,2011-11-18 10:52:00,1348,624,419.918
17160,32,17,10209.16,4,5,5,455,14,Champions,2009-12-04 10:57:00,2011-11-08 14:05:00,8390,704,600.538823529
17161,445,1,856.01,1,1,3,113,5,Lost,2010-09-21 16:44:00,2010-09-21 16:44:00,537,0,856.01
17162,29,10,1715.46,4,5,4,454,13,Champions,2011-02-07 12:27:00,2011-11-11 11:34:00,1001,277,171.546
17163,22,4,699.78,4,3,3,433,10,Potential Loyalists,2010-02-02 10:39:00,2011-11-18 08:57:00,531,654,174.945
17164,33,7,2467.35,4,4,4,444,12,Champions,2011-03-11 14:26:00,2011-11-07 09:14:00,1501,241,352.478571429
17165,285,6,1794.32,2,4,4,244,10,At Risk,2009-12-11 09:18:00,2011-02-28 16:39:00,788,444,299.053333333
17166,39,2,206.34,4,2,1,421,7,Potential Loyalists,2011-05-20 08:18:00,2011-11-01 09:46:00,78,165,103.17
17167,380,3,867.11,2,3,3,233,8,At Risk,2010-09-20 14:02:00,2010-11-25 10:05:00,429,66,289.036666667
17168,499,1,400.2,1,1,2,112,4,Lost,2010-07-29 12:33:00,2010-07-29 12:33:00,220,0,400.2
17169,58,3,1156.73,4,3,3,433,10,Potential Loyalists,2010-05-10 13:00:00,2011-10-13 10:25:00,671,521,385.576666667
17170,375,2,178.68,2,2,1,221,5,Hibernating,2010-11-15 16:23:00,2010-11-30 15:55:00,152,15,89.34
17171,290,2,384.59,2,2,2,222,6,Hibernating,2010-02-16 12:02:00,2011-02-23 16:37:00,225,372,192.295
17172,79,3,956.57,3,3,3,333,9,Promising,2009-12-13 11:46:00,2011-09-22 09:36:00,1215,648,318.856666667
17173,6,8,3766.6,5,4,5,545,14,Champions,2011-07-31 15:26:00,2011-12-04 14:40:00,1122,126,470.825
17174,218,1,59.9,2,1,1,211,4,Hibernating,2011-05-06 11:47:00,2011-05-06 11:47:00,41,0,59.9
17175,45,4,1443.69,4,3,4,434,11,Potential Loyalists,2011-02-16 14:56:00,2011-10-26 15:31:00,866,252,360.9225
17176,202,3,902.32,2,3,3,233,8,At Risk,2010-01-31 15:49:00,2011-05-22 12:41:00,576,476,300.773333333
17177,506,1,119.5,1,1,1,111,3,Lost,2010-07-22 14:53:00,2010-07-22 14:53:00,40,0,119.5
17178,732,1,436.71,1,1,2,112,4,Lost,2009-12-08 16:20:00,2009-12-08 16:20:00,101,0,436.71
17179,179,6,1507.26,3,4,4,344,11,Loyal Customers,2010-05-26 11:22:00,2011-06-14 16:48:00,625,384,251.21
17180,57,11,2256.98,4,5,4,454,13,Champions,2010-01-21 17:43:00,2011-10-14 15:46:00,1828,631,205.18
17181,58,3,309.85,4,3,2,432,9,Potential Loyalists,2010-04-23 11:21:00,2011-10-13 14:48:00,268,538,103.283333333
17182,423,2,321.3,1,2,2,122,5,Lost,2009-12-21 15:22:00,2010-10-13 10:09:00,54,296,160.65
17183,8,6,3347.31,5,4,5,545,14,Champions,2011-08-26 15:25:00,2011-12-02 10:07:00,1296,98,557.885
17184,570,2,198.41,1,2,1,121,4,Lost,2009-12-09 14:17:00,2010-05-19 14:24:00,73,161,99.205
17185,592,3,229.46,1,3,1,131,5,At Risk,2010-04-20 13:49:00,2010-04-27 12:15:00,119,7,76.4866666667
17186,47,2,144,4,2,1,421,7,Potential Loyalists,2011-10-10 12:52:00,2011-10-24 10:20:00,200,14,72
17187,227,2,467.71,2,2,2,222,6,Hibernating,2010-07-01 14:38:00,2011-04-27 12:39:00,426,300,233.855
17188,12,13,4592.93,5,5,5,555,15,Champions,2009-12-08 19:16:00,2011-11-28 13:53:00,2569,720,353.302307692
17189,107,5,957.63,3,4,3,343,10,Loyal Customers,2009-12-02 11:45:00,2011-08-25 19:39:00,604,631,191.526
17190,59,7,1741.2,4,4,4,444,12,Champions,2010-03-05 13:21:00,2011-10-12 11:33:00,2221,586,248.742857143
17191,29,15,4325.94,4,5,5,455,14,Champions,2009-12-01 16:34:00,2011-11-11 16:58:00,2216,710,288.396
17192,537,1,77.83,1,1,1,111,3,Lost,2010-06-21 16:07:00,2010-06-21 16:07:00,46,0,77.83
17193,36,9,2310.04,4,5,4,454,13,Champions,2009-12-02 10:02:00,2011-11-04 12:47:00,1668,702,256.671111111
17194,361,2,776.66,2,2,3,223,7,Hibernating,2010-06-27 13:16:00,2010-12-14 12:06:00,413,170,388.33
17195,656,1,562.98,1,1,2,112,4,Lost,2010-02-22 13:05:00,2010-02-22 13:05:00,486,0,562.98
17196,428,1,352.9,1,1,2,112,4,Lost,2010-10-08 11:31:00,2010-10-08 11:31:00,168,0,352.9
17197,30,1,1013.01,4,1,3,413,8,Promising,2011-11-10 10:32:00,2011-11-10 10:32:00,191,0,1013.01
17198,24,3,692.22,4,3,3,433,10,Potential Loyalists,2010-12-03 14:54:00,2011-11-16 10:39:00,357,348,230.74
17199,583,1,145.12,1,1,1,111,3,Lost,2010-05-06 13:53:00,2010-05-06 13:53:00,304,0,145.12
17200,388,4,356.71,2,3,2,232,7,At Risk,2010-02-25 13:23:00,2010-11-17 13:04:00,367,265,89.1775
17201,54,4,1231.54,4,3,4,434,11,Potential Loyalists,2010-02-10 12:26:00,2011-10-17 11:55:00,1050,614,307.885
17202,421,1,160.65,1,1,1,111,3,Lost,2010-10-15 11:25:00,2010-10-15 11:25:00,55,0,160.65
17203,36,10,5575.88,4,5,5,455,14,Champions,2010-11-16 12:52:00,2011-11-04 12:27:00,4606,353,557.588
17204,176,9,5504.69,3,5,5,355,13,Loyal Customers,2010-06-10 11:37:00,2011-06-17 14:46:00,2651,372,611.632222222
17205,54,3,999.35,4,3,3,433,10,Potential Loyalists,2010-05-24 15:36:00,2011-10-17 12:46:00,2214,511,333.116666667
17206,54,1,204.24,4,1,1,411,6,Promising,2011-10-17 13:25:00,2011-10-17 13:25:00,76,0,204.24
17207,653,1,302.37,1,1,2,112,4,Lost,2010-02-25 19:08:00,2010-02-25 19:08:00,240,0,302.37
17208,396,1,115.35,2,1,1,211,4,Hibernating,2010-11-09 12:50:00,2010-11-09 12:50:00,103,0,115.35
17209,650,3,611.6,1,3,3,133,7,At Risk,2009-12-03 11:10:00,2010-02-28 16:01:00,731,87,203.866666667
17210,393,1,253.37,2,1,1,211,4,Hibernating,2010-11-12 12:15:00,2010-11-12 12:15:00,243,0,253.37
17211,27,13,3773.35,4,5,5,455,14,Champions,2009-12-13 13:17:00,2011-11-13 12:03:00,2141,700,290.257692308
17212,254,3,794.41,2,3,3,233,8,At Risk,2010-08-10 09:22:00,2011-03-31 19:42:00,727,233,264.803333333
17213,41,13,4869.4,4,5,5,455,14,Champions,2009-12-15 10:28:00,2011-10-30 14:53:00,2087,684,374.569230769
17214,61,6,1069.12,3,4,3,343,10,Loyal Customers,2010-12-15 15:14:00,2011-10-10 13:17:00,276,299,178.186666667
17215,465,1,186.15,1,1,1,111,3,Lost,2010-09-01 13:39:00,2010-09-01 13:39:00,104,0,186.15
17216,555,1,65.05,1,1,1,111,3,Lost,2010-06-03 13:03:00,2010-06-03 13:03:00,22,0,65.05
17217,235,2,218,2,2,1,221,5,Hibernating,2010-03-30 13:35:00,2011-04-19 17:19:00,95,385,109
17218,5,18,3898.14,5,5,5,555,15,Champions,2010-01-25 16:12:00,2011-12-05 13:52:00,2065,679,216.563333333
17219,32,2,259.13,4,2,1,421,7,Potential Loyalists,2010-10-19 11:29:00,2011-11-08 11:25:00,188,385,129.565
17220,25,21,4475.85,4,5,5,455,14,Champions,2010-01-20 11:57:00,2011-11-15 13:47:00,2697,664,213.135714286
17221,8,5,978.52,5,4,3,543,12,Loyal Customers,2010-04-11 15:34:00,2011-12-02 13:35:00,715,600,195.704
17222,66,6,1589.11,3,4,4,344,11,Loyal Customers,2010-01-10 15:24:00,2011-10-05 13:58:00,861,633,264.851666667
17223,311,3,545.69,2,3,2,232,7,At Risk,2010-11-29 17:19:00,2011-02-02 15:57:00,157,65,181.896666667
17224,502,1,100.86,1,1,1,111,3,Lost,2010-07-26 13:30:00,2010-07-26 13:30:00,65,0,100.86
17225,582,1,131.15,1,1,1,111,3,Lost,2010-05-07 11:38:00,2010-05-07 11:38:00,36,0,131.15
17226,309,3,900.12,2,3,3,233,8,At Risk,2010-02-12 14:31:00,2011-02-04 11:52:00,855,357,300.04
17227,19,12,1879.78,5,5,4,554,14,Champions,2010-01-15 15:05:00,2011-11-21 10:51:00,1682,675,156.648333333
17228,16,13,2821.29,5,5,4,554,14,Champions,2010-03-12 11:54:00,2011-11-24 10:24:00,2357,622,217.022307692
17229,97,2,318.76,3,2,2,322,7,Need Attention,2011-07-20 12:38:00,2011-09-04 13:56:00,185,46,159.38
17230,265,18,9924.95,2,5,5,255,12,At Risk,2009-12-08 13:41:00,2011-03-20 16:12:00,3903,467,551.386111111
17231,13,25,7197.04,5,5,5,555,15,Champions,2009-12-07 16:38:00,2011-11-27 15:18:00,3738,720,287.8816
17232,3,2,421.52,5,2,2,522,9,Potential Loyalists,2011-11-25 12:24:00,2011-12-07 12:21:00,203,12,210.76
17233,36,3,560.86,4,3,2,432,9,Potential Loyalists,2009-12-15 12:03:00,2011-11-04 14:06:00,298,689,186.953333333
17234,183,1,149.89,3,1,1,311,5,Need Attention,2011-06-10 11:20:00,2011-06-10 11:20:00,55,0,149.89
17235,26,8,1562.98,4,4,4,444,12,Champions,2010-06-04 17:01:00,2011-11-14 15:51:00,845,528,195.3725
17236,13,12,1929.26,5,5,4,554,14,Champions,2010-03-07 13:00:00,2011-11-27 12:00:00,804,630,160.771666667
17237,12,4,1002.08,5,3,3,533,11,Potential Loyalists,2010-11-23 11:45:00,2011-11-28 15:02:00,415,370,250.52
17238,3,32,7412.51,5,5,5,555,15,Champions,2009-12-01 10:59:00,2011-12-07 11:35:00,3593,736,231.6409375
17239,313,4,1189.45,2,3,3,233,8,At Risk,2010-07-01 10:53:00,2011-01-31 09:41:00,515,214,297.3625
17240,597,1,130.6,1,1,1,111,3,Lost,2010-04-22 15:44:00,2010-04-22 15:44:00,108,0,130.6
17241,386,12,2744.14,2,5,4,254,11,At Risk,2010-02-15 14:47:00,2010-11-19 13:01:00,865,277,228.678333333
17242,109,5,2889.28,3,4,4,344,11,Loyal Customers,2010-01-24 10:27:00,2011-08-23 14:55:00,1459,576,577.856
17243,2,69,20614.06,5,5,5,555,15,Champions,2009-12-01 15:36:00,2011-12-08 13:26:00,8077,737,298.754492754
17244,54,5,1826.04,4,4,4,444,12,Champions,2009-12-06 11:27:00,2011-10-17 15:19:00,1419,680,365.208
17245,205,2,371.63,2,2,2,222,6,Hibernating,2010-01-19 15:39:00,2011-05-19 10:43:00,307,485,185.815
17246,547,2,38.92,1,2,1,121,4,Lost,2009-12-01 17:45:00,2010-06-11 12:36:00,36,192,19.46
17247,16,1,282.19,5,1,1,511,7,New Customers,2011-11-24 15:21:00,2011-11-24 15:21:00,106,0,282.19
17248,121,2,546.16,3,2,2,322,7,Need Attention,2010-08-15 11:55:00,2011-08-11 13:34:00,292,361,273.08
17249,429,1,68.03,1,1,1,111,3,Lost,2010-10-07 11:33:00,2010-10-07 11:33:00,79,0,68.03
17250,4,2,384.52,5,2,2,522,9,Potential Loyalists,2011-03-23 16:45:00,2011-12-06 12:15:00,168,258,192.26
17251,363,3,812.43,2,3,3,233,8,At Risk,2009-12-15 10:36:00,2010-12-12 11:06:00,379,362,270.81
17252,117,2,353.86,3,2,2,322,7,Need Attention,2011-06-06 16:41:00,2011-08-15 09:45:00,193,70,176.93
17253,19,1,178.26,5,1,1,511,7,New Customers,2011-11-21 12:59:00,2011-11-21 12:59:00,43,0,178.26
17254,5,3,470.73,5,3,2,532,10,Potential Loyalists,2010-11-03 14:00:00,2011-12-05 12:46:00,398,397,156.91
17255,41,4,799.13,4,3,3,433,10,Potential Loyalists,2010-09-19 15:53:00,2011-10-30 12:18:00,594,406,199.7825
17256,108,5,498.93,3,4,2,342,9,Loyal Customers,2010-04-18 13:40:00,2011-08-24 13:30:00,299,493,99.786
17257,437,2,192.73,1,2,1,121,4,Lost,2010-09-29 12:49:00,2010-09-29 12:51:00,188,0,96.365
17258,397,2,417.3,2,2,2,222,6,Hibernating,2010-02-12 15:51:00,2010-11-08 12:37:00,188,269,208.65
17259,149,6,1507.7,3,4,4,344,11,Loyal Customers,2010-02-22 13:38:00,2011-07-14 15:01:00,883,507,251.283333333
17260,412,1,120.95,1,1,1,111,3,Lost,2010-10-24 13:21:00,2010-10-24 13:21:00,23,0,120.95
17261,510,1,230.44,1,1,1,111,3,Lost,2010-07-18 11:49:00,2010-07-18 11:49:00,98,0,230.44
17262,53,11,2488.76,4,5,4,454,13,Champions,2009-12-15 11:26:00,2011-10-18 12:56:00,635,672,226.250909091
17263,209,1,63.44,2,1,1,211,4,Hibernating,2011-05-15 14:32:00,2011-05-15 14:32:00,36,0,63.44
17264,425,1,279.59,1,1,1,111,3,Lost,2010-10-11 12:52:00,2010-10-11 12:52:00,227,0,279.59
17265,139,2,562.9,3,2,2,322,7,Need Attention,2011-06-12 12:00:00,2011-07-24 10:49:00,394,42,281.45
17266,3,5,517.73,5,4,2,542,11,Loyal Customers,2010-03-09 10:42:00,2011-12-07 14:12:00,252,638,103.546
17267,128,2,317.62,3,2,2,322,7,Need Attention,2011-08-04 17:19:00,2011-08-04 17:22:00,159,0,158.81
17268,108,11,1733.89,3,5,4,354,12,Loyal Customers,2009-12-08 11:46:00,2011-08-24 10:06:00,1395,624,157.626363636
17269,386,1,537.46,2,1,2,212,5,Hibernating,2010-11-19 11:12:00,2010-11-19 11:12:00,336,0,537.46
17270,470,2,604.4,1,2,2,122,5,Lost,2009-12-07 17:18:00,2010-08-27 14:09:00,421,263,302.2
17271,737,1,210.39,1,1,1,111,3,Lost,2009-12-03 13:49:00,2009-12-03 13:49:00,117,0,210.39
17272,43,4,2148.63,4,3,4,434,11,Potential Loyalists,2011-03-22 12:05:00,2011-10-28 16:37:00,1778,220,537.1575
17273,425,1,141.12,1,1,1,111,3,Lost,2010-10-11 15:57:00,2010-10-11 15:57:00,133,0,141.12
17274,36,2,577.38,4,2,2,422,8,Potential Loyalists,2010-11-09 12:06:00,2011-11-04 13:16:00,273,360,288.69
17275,384,1,114.52,2,1,1,211,4,Hibernating,2010-11-21 13:26:00,2010-11-21 13:26:00,72,0,114.52
17276,403,1,507.14,2,1,2,212,5,Hibernating,2010-11-02 16:20:00,2010-11-02 16:20:00,188,0,507.14
17277,228,2,1065.35,2,2,3,223,7,Hibernating,2011-01-21 12:37:00,2011-04-26 12:47:00,430,95,532.675
17278,242,2,271.24,2,2,1,221,5,Hibernating,2010-05-23 13:49:00,2011-04-12 13:10:00,195,324,135.62
17279,58,1,187.83,4,1,1,411,6,Promising,2011-10-13 11:58:00,2011-10-13 11:58:00,48,0,187.83
17280,439,1,118.86,1,1,1,111,3,Lost,2010-09-27 16:46:00,2010-09-27 16:46:00,74,0,118.86
17281,375,6,797.85,2,4,3,243,9,At Risk,2010-02-04 13:00:00,2010-11-30 18:05:00,295,299,132.975
17282,131,5,2339.66,3,4,4,344,11,Loyal Customers,2010-06-09 12:07:00,2011-08-01 14:29:00,2351,418,467.932
17283,379,1,188.46,2,1,1,211,4,Hibernating,2010-11-26 11:53:00,2010-11-26 11:53:00,179,0,188.46
17284,61,7,2563.7,3,4,4,344,11,Loyal Customers,2010-11-15 17:14:00,2011-10-10 14:38:00,2070,329,366.242857143
17285,629,2,420.84,1,2,2,122,5,Lost,2010-02-14 14:10:00,2010-03-21 13:38:00,138,35,210.42
17286,22,3,395.48,4,3,2,432,9,Potential Loyalists,2010-11-04 13:43:00,2011-11-18 12:47:00,371,379,131.826666667
17287,27,21,3889.26,4,5,5,455,14,Champions,2009-12-03 12:45:00,2011-11-13 13:27:00,1993,710,185.202857143
17288,10,11,2499.98,5,5,4,554,14,Champions,2010-11-10 14:44:00,2011-11-30 16:09:00,1706,385,227.270909091
17289,32,9,2079.39,4,5,4,454,13,Champions,2010-03-08 12:52:00,2011-11-08 12:01:00,1260,610,231.043333333
17290,4,8,1440.96,5,4,4,544,13,Champions,2009-12-13 13:28:00,2011-12-06 12:38:00,1003,723,180.12
17291,309,1,550.8,2,1,2,212,5,Hibernating,2011-02-04 13:04:00,2011-02-04 13:04:00,72,0,550.8
17292,473,2,271.75,1,2,1,121,4,Lost,2010-05-09 14:52:00,2010-08-24 17:14:00,131,107,135.875
17293,9,17,3774.23,5,5,5,555,15,Champions,2009-12-03 15:09:00,2011-12-01 14:37:00,2234,728,222.013529412
17294,670,2,467.79,1,2,2,122,5,Lost,2010-02-08 14:21:00,2010-02-08 16:12:00,297,0,233.895
17295,29,3,556.95,4,3,2,432,9,Potential Loyalists,2011-10-06 12:22:00,2011-11-11 10:49:00,294,36,185.65
17296,731,1,338.13,1,1,2,112,4,Lost,2009-12-09 14:01:00,2009-12-09 14:01:00,216,0,338.13
17297,18,1,131.78,5,1,1,511,7,New Customers,2011-11-22 14:43:00,2011-11-22 14:43:00,67,0,131.78
17298,102,5,941.66,3,4,3,343,10,Loyal Customers,2010-03-08 08:56:00,2011-08-30 16:43:00,852,540,188.332
17299,12,6,1016.08,5,4,3,543,12,Loyal Customers,2010-08-15 16:00:00,2011-11-28 12:01:00,934,470,169.346666667
17300,391,2,393.64,2,2,2,222,6,Hibernating,2010-08-15 11:02:00,2010-11-14 10:56:00,467,91,196.82
17301,22,2,330.43,4,2,2,422,8,Potential Loyalists,2010-03-25 13:16:00,2011-11-18 13:43:00,229,603,165.215
17302,15,5,1135.63,5,4,3,543,12,Loyal Customers,2011-02-07 10:14:00,2011-11-25 09:36:00,575,291,227.126
17303,362,1,250.04,2,1,1,211,4,Hibernating,2010-12-13 13:32:00,2010-12-13 13:32:00,144,0,250.04
17304,535,1,111.5,1,1,1,111,3,Lost,2010-06-23 16:23:00,2010-06-23 16:23:00,73,0,111.5
17305,649,1,2135.46,1,1,4,114,6,Lost,2010-03-01 12:47:00,2010-03-01 12:47:00,1006,0,2135.46
17306,11,21,9782.35,5,5,5,555,15,Champions,2010-11-01 11:38:00,2011-11-29 12:14:00,13747,393,465.826190476
17307,396,11,3999.89,2,5,5,255,12,At Risk,2010-01-19 16:38:00,2010-11-09 13:40:00,3667,294,363.626363636
17308,394,2,4511.76,2,2,5,225,9,Hibernating,2010-09-13 09:35:00,2010-11-11 13:19:00,5148,59,2255.88
17309,96,3,330.59,3,3,2,332,8,Need Attention,2010-02-04 15:49:00,2011-09-05 15:20:00,193,578,110.196666667
17310,388,2,1025.1,2,2,3,223,7,Hibernating,2010-06-23 11:38:00,2010-11-17 16:00:00,402,147,512.55
17311,79,6,3566.56,3,4,5,345,12,Loyal Customers,2010-02-03 12:38:00,2011-09-22 14:11:00,2755,596,594.426666667
17312,139,3,644.3,3,3,3,333,9,Promising,2011-07-03 13:12:00,2011-07-24 11:52:00,372,21,214.766666667
17313,32,1,2328.84,4,1,4,414,9,Promising,2011-11-08 15:45:00,2011-11-08 15:45:00,1402,0,2328.84
17314,25,17,4904.43,4,5,5,455,14,Champions,2009-12-03 11:25:00,2011-11-15 09:41:00,3663,712,288.495882353
17315,2,41,9610.52,5,5,5,555,15,Champions,2010-09-27 12:45:00,2011-12-08 12:15:00,5098,437,234.402926829
17316,421,1,124.45,1,1,1,111,3,Lost,2010-10-15 14:35:00,2010-10-15 14:35:00,44,0,124.45
17317,47,3,2600.34,4,3,4,434,11,Potential Loyalists,2011-09-11 12:45:00,2011-10-24 17:19:00,1146,43,866.78
17318,726,1,164.28,1,1,1,111,3,Lost,2009-12-14 13:11:00,2009-12-14 13:11:00,60,0,164.28
17319,670,1,29.1,1,1,1,111,3,Lost,2010-02-08 15:47:00,2010-02-08 15:47:00,14,0,29.1
17320,101,6,2444.85,3,4,4,344,11,Loyal Customers,2010-01-21 16:29:00,2011-08-31 13:31:00,1182,587,407.475
17321,9,6,1741.18,5,4,4,544,13,Champions,2010-05-11 12:10:00,2011-12-01 13:41:00,817,569,290.196666667
17322,377,5,922.59,2,4,3,243,9,At Risk,2009-12-03 11:46:00,2010-11-28 14:41:00,631,360,184.518
17323,16,12,1562.19,5,5,4,554,14,Champions,2010-01-10 11:58:00,2011-11-24 17:29:00,1438,683,130.1825
17324,18,12,2174.82,5,5,4,554,14,Champions,2009-12-18 15:29:00,2011-11-22 10:34:00,1486,704,181.235
17325,281,3,609.57,2,3,3,233,8,At Risk,2010-03-08 11:31:00,2011-03-04 13:09:00,465,361,203.19
17326,409,2,321.95,2,2,2,222,6,Hibernating,2010-06-28 14:05:00,2010-10-27 15:38:00,140,121,160.975
17327,410,2,152.35,1,2,1,121,4,Lost,2010-05-26 11:20:00,2010-10-26 09:54:00,59,153,76.175
17328,674,1,104.7,1,1,1,111,3,Lost,2010-02-04 17:11:00,2010-02-04 17:11:00,86,0,104.7
17329,15,5,1004.43,5,4,3,543,12,Loyal Customers,2009-12-03 16:09:00,2011-11-25 14:24:00,432,722,200.886
17330,23,4,423.8,4,3,2,432,9,Potential Loyalists,2010-03-02 09:20:00,2011-11-17 08:56:00,122,625,105.95
17331,124,1,175.2,3,1,1,311,5,Need Attention,2011-08-08 11:55:00,2011-08-08 11:55:00,16,0,175.2
17332,529,5,827.77,1,4,3,143,8,At Risk,2010-02-21 14:41:00,2010-06-29 16:10:00,769,128,165.554
17333,86,1,494.25,3,1,2,312,6,Need Attention,2011-09-15 10:11:00,2011-09-15 10:11:00,375,0,494.25
17334,303,3,635.15,2,3,3,233,8,At Risk,2010-10-29 12:16:00,2011-02-10 14:59:00,566,104,211.716666667
17335,384,2,508,2,2,2,222,6,Hibernating,2010-01-24 11:15:00,2010-11-21 10:17:00,216,301,254
17336,473,1,81.12,1,1,1,111,3,Lost,2010-08-24 15:37:00,2010-08-24 15:37:00,48,0,81.12
17337,152,4,2026.42,3,3,4,334,10,Promising,2011-02-02 17:06:00,2011-07-11 14:55:00,1268,159,506.605
17338,18,17,12133.78,5,5,5,555,15,Champions,2010-03-10 16:09:00,2011-11-22 14:23:00,5864,622,713.751764706
17339,95,3,302.36,3,3,2,332,8,Need Attention,2010-07-18 13:08:00,2011-09-06 13:29:00,172,415,100.786666667
17340,30,18,19733.55,4,5,5,455,14,Champions,2010-02-14 14:54:00,2011-11-10 10:45:00,9545,634,1096.30833333
17341,157,5,1376.23,3,4,4,344,11,Loyal Customers,2010-06-17 18:17:00,2011-07-06 12:33:00,878,384,275.246
17342,380,4,1227.54,2,3,4,234,9,At Risk,2010-02-08 09:16:00,2010-11-25 11:07:00,521,290,306.885
17343,356,6,1259.94,2,4,4,244,10,At Risk,2009-12-03 18:30:00,2010-12-19 15:07:00,454,381,209.99
17344,47,2,468.11,4,2,2,422,8,Potential Loyalists,2009-12-11 12:31:00,2011-10-24 12:56:00,213,682,234.055
17345,16,10,1604.68,5,5,4,554,14,Champions,2009-12-01 16:17:00,2011-11-24 15:03:00,2013,723,160.468
17346,4,26,5169.19,5,5,5,555,15,Champions,2010-04-18 12:18:00,2011-12-06 12:18:00,3563,597,198.815
17347,87,1,228.96,3,1,1,311,5,Need Attention,2011-09-14 13:12:00,2011-09-14 13:12:00,216,0,228.96
17348,15,9,2464.31,5,5,4,554,14,Champions,2010-03-10 12:13:00,2011-11-25 11:25:00,2758,625,273.812222222
17349,180,5,852.25,3,4,3,343,10,Loyal Customers,2010-03-18 14:26:00,2011-06-13 14:29:00,840,452,170.45
17350,9,7,1906.041,5,4,4,544,13,Champions,2010-02-01 15:38:00,2011-12-01 15:47:00,1216,668,272.291571429
17351,37,12,1964.38,4,5,4,454,13,Champions,2009-12-10 18:43:00,2011-11-03 18:45:00,380,693,163.698333333
17352,697,1,36.25,1,1,1,111,3,Lost,2010-01-12 16:13:00,2010-01-12 16:13:00,15,0,36.25
17353,130,4,3242,3,3,5,335,11,Promising,2010-03-25 12:52:00,2011-08-02 17:19:00,2168,495,810.5
17354,51,4,3143.46,4,3,5,435,12,Potential Loyalists,2010-10-07 13:22:00,2011-10-20 10:34:00,2535,378,785.865
17355,387,1,285.11,2,1,1,211,4,Hibernating,2010-11-18 13:18:00,2010-11-18 13:18:00,257,0,285.11
17356,312,5,946.47,2,4,3,243,9,At Risk,2010-01-20 12:14:00,2011-02-01 11:07:00,925,377,189.294
17357,25,2,388.14,4,2,2,422,8,Potential Loyalists,2011-11-15 16:29:00,2011-11-15 16:30:00,153,0,194.07
17358,304,5,866.05,2,4,3,243,9,At Risk,2010-02-24 16:42:00,2011-02-09 16:57:00,442,350,173.21
17359,12,2,284.46,5,2,1,521,8,Potential Loyalists,2010-03-01 14:48:00,2011-11-28 14:37:00,237,637,142.23
17360,18,6,1231.38,5,4,4,544,13,Champions,2010-10-01 12:07:00,2011-11-22 13:11:00,636,417,205.23
17361,50,5,880.64,4,4,3,443,11,Loyal Customers,2010-02-01 14:30:00,2011-10-21 15:43:00,383,627,176.128
17362,240,7,1024.04,2,4,3,243,9,At Risk,2010-01-06 10:53:00,2011-04-14 14:43:00,549,463,146.291428571
17363,396,3,940.86,2,3,3,233,8,At Risk,2010-11-02 17:25:00,2010-11-09 17:11:00,523,7,313.62
17364,1,28,12070.42,5,5,5,555,15,Champions,2009-12-07 15:28:00,2011-12-09 09:00:00,7513,732,431.086428571
17365,13,15,8219.94,5,5,5,555,15,Champions,2010-02-01 11:56:00,2011-11-27 12:13:00,8044,664,547.996
17366,433,2,1096.24,1,2,3,123,6,Lost,2010-09-09 19:46:00,2010-10-03 16:04:00,510,24,548.12
17367,239,1,168.4,2,1,1,211,4,Hibernating,2011-04-15 14:21:00,2011-04-15 14:21:00,150,0,168.4
17368,24,14,2826.14,4,5,4,454,13,Champions,2009-12-15 17:45:00,2011-11-16 15:26:00,2343,701,201.867142857
17369,456,1,979.2,1,1,3,113,5,Lost,2010-09-10 09:49:00,2010-09-10 09:49:00,1152,0,979.2
17370,73,4,446.18,3,3,2,332,8,Need Attention,2011-06-23 11:50:00,2011-09-28 10:14:00,540,97,111.545
17371,18,6,658.55,5,4,3,543,12,Loyal Customers,2009-12-08 12:25:00,2011-11-22 13:30:00,281,714,109.758333333
17372,41,27,4346.71,4,5,5,455,14,Champions,2009-12-03 18:41:00,2011-10-30 11:37:00,1872,696,160.989259259
17373,41,7,1167.5,4,4,3,443,11,Loyal Customers,2010-02-28 14:17:00,2011-10-30 15:28:00,738,609,166.785714286
17374,219,3,727.11,2,3,3,233,8,At Risk,2010-11-09 17:14:00,2011-05-05 09:05:00,155,177,242.37
17375,200,4,660.55,2,3,3,233,8,At Risk,2010-10-04 09:14:00,2011-05-24 15:45:00,480,232,165.1375
17376,71,4,453.64,3,3,2,332,8,Need Attention,2010-07-05 11:11:00,2011-09-30 12:36:00,244,452,113.41
17377,24,78,17726.07,4,5,5,455,14,Champions,2009-12-02 12:39:00,2011-11-16 11:17:00,7388,714,227.257307692
17378,375,1,10.95,2,1,1,211,4,Hibernating,2010-11-30 18:46:00,2010-11-30 18:46:00,1,0,10.95
17379,12,1,404.66,5,1,2,512,8,New Customers,2011-11-28 13:56:00,2011-11-28 13:56:00,663,0,404.66
17380,435,3,645,1,3,3,133,7,At Risk,2010-06-23 11:24:00,2010-10-01 16:42:00,252,100,215
17381,9,38,36398.65,5,5,5,555,15,Champions,2010-06-09 12:55:00,2011-12-01 11:59:00,42879,540,957.859210526
17382,66,8,902.28,3,4,3,343,10,Loyal Customers,2010-05-19 11:33:00,2011-10-05 13:05:00,457,504,112.785
17383,5,2,309.99,5,2,2,522,9,Potential Loyalists,2010-09-12 14:54:00,2011-12-05 17:36:00,162,449,154.995
17384,20,3,507.55,5,3,2,532,10,Potential Loyalists,2010-08-29 16:01:00,2011-11-20 15:48:00,121,448,169.183333333
17385,15,1,261.11,5,1,1,511,7,New Customers,2011-11-25 11:02:00,2011-11-25 11:02:00,201,0,261.11
17386,8,7,2812.77,5,4,4,544,13,Champions,2010-11-19 13:40:00,2011-12-02 11:28:00,1955,378,401.824285714
17387,20,2,784.11,5,2,3,523,10,Potential Loyalists,2011-11-06 11:25:00,2011-11-20 11:00:00,542,14,392.055
17388,78,11,2691.57,3,5,4,354,12,Loyal Customers,2009-12-10 11:45:00,2011-09-23 10:31:00,2567,652,244.688181818
17389,1,61,57224.68,5,5,5,555,15,Champions,2009-12-04 12:06:00,2011-12-09 09:38:00,17882,735,938.109508197
17390,421,1,149.3,1,1,1,111,3,Lost,2010-10-15 11:29:00,2010-10-15 11:29:00,49,0,149.3
17391,164,2,508.8,3,2,2,322,7,Need Attention,2011-06-28 12:21:00,2011-06-29 09:58:00,480,1,254.4
17392,307,3,620.56,2,3,3,233,8,At Risk,2010-09-15 16:17:00,2011-02-06 12:48:00,491,144,206.853333333
17393,411,2,381.15,1,2,2,122,5,Lost,2010-08-08 15:53:00,2010-10-25 11:10:00,238,78,190.575
17394,220,1,203.87,2,1,1,211,4,Hibernating,2011-05-04 13:22:00,2011-05-04 13:22:00,241,0,203.87
17395,509,1,97.5,1,1,1,111,3,Lost,2010-07-19 15:34:00,2010-07-19 15:34:00,66,0,97.5
17396,40,13,8391.6,4,5,5,455,14,Champions,2010-09-24 13:04:00,2011-10-31 14:12:00,2312,402,645.507692308
17397,23,3,1233.18,4,3,4,434,11,Potential Loyalists,2010-10-19 13:20:00,2011-11-17 14:08:00,697,394,411.06
17398,115,3,653.38,3,3,3,333,9,Promising,2011-03-29 13:04:00,2011-08-17 09:48:00,310,141,217.793333333
17400,127,8,4677.05,3,4,5,345,12,Loyal Customers,2009-12-17 15:41:00,2011-08-05 15:38:00,2199,596,584.63125
17401,542,1,114.85,1,1,1,111,3,Lost,2010-06-16 16:54:00,2010-06-16 16:54:00,34,0,114.85
17402,5,22,4601.21,5,5,5,555,15,Champions,2009-12-16 17:40:00,2011-12-05 10:15:00,1450,719,209.145909091
17403,37,2,400.57,4,2,2,422,8,Potential Loyalists,2010-09-15 12:29:00,2011-11-03 15:18:00,194,414,200.285
17404,5,21,47638.12,5,5,5,555,15,Champions,2010-01-07 11:31:00,2011-12-05 16:26:00,50674,697,2268.48190476
17405,2,3,1031.41,5,3,3,533,11,Potential Loyalists,2011-07-12 14:17:00,2011-12-08 17:12:00,726,149,343.803333333
17406,334,13,4202.95,2,5,5,255,12,At Risk,2009-12-06 13:45:00,2011-01-10 15:07:00,1854,400,323.303846154
17407,412,1,552.9,1,1,2,112,4,Lost,2010-10-24 11:57:00,2010-10-24 11:57:00,426,0,552.9
17408,164,3,316.09,3,3,2,332,8,Need Attention,2010-07-13 14:02:00,2011-06-29 12:53:00,163,351,105.363333333
17409,185,10,7793.51,3,5,5,355,13,Loyal Customers,2009-12-11 12:17:00,2011-06-08 10:36:00,4089,544,779.351
17410,17,5,1214.72,5,4,4,544,13,Champions,2011-05-08 15:21:00,2011-11-23 15:46:00,616,199,242.944
17411,13,5,1425.38,5,4,4,544,13,Champions,2009-12-03 12:02:00,2011-11-27 14:25:00,608,724,285.076
17412,3,16,4220.22,5,5,5,555,15,Champions,2009-12-02 13:51:00,2011-12-07 11:36:00,2554,735,263.76375
17413,405,2,560.14,2,2,2,222,6,Hibernating,2010-05-19 11:11:00,2010-10-31 12:33:00,302,165,280.07
17414,44,6,2249.52,4,4,4,444,12,Champions,2009-12-03 16:49:00,2011-10-27 12:13:00,6256,693,374.92
17415,80,1,507.84,3,1,2,312,6,Need Attention,2011-09-21 12:50:00,2011-09-21 12:50:00,114,0,507.84
17416,30,22,17298.45,4,5,5,455,14,Champions,2009-12-14 16:29:00,2011-11-10 12:47:00,8769,696,786.293181818
17417,549,1,164.18,1,1,1,111,3,Lost,2010-06-09 10:00:00,2010-06-09 10:00:00,76,0,164.18
17418,43,3,670.06,4,3,3,433,10,Potential Loyalists,2010-11-17 13:42:00,2011-10-28 13:00:00,521,345,223.353333333
17419,12,18,6126.25,5,5,5,555,15,Champions,2010-01-25 13:19:00,2011-11-28 13:47:00,2884,672,340.347222222
17420,51,6,953.58,4,4,3,443,11,Loyal Customers,2010-11-03 13:09:00,2011-10-20 14:52:00,446,351,158.93
17421,387,3,1059.41,2,3,3,233,8,At Risk,2009-12-04 15:43:00,2010-11-18 16:57:00,807,349,353.136666667
17422,17,11,3594.76,5,5,5,555,15,Champions,2010-06-23 10:19:00,2011-11-23 13:27:00,3538,518,326.796363636
17423,47,3,1118.95,4,3,3,433,10,Potential Loyalists,2010-11-11 12:26:00,2011-10-24 13:36:00,790,347,372.983333333
17425,20,2,759.17,5,2,3,523,10,Potential Loyalists,2011-10-10 11:37:00,2011-11-20 15:30:00,407,41,379.585
17426,9,13,8077.77,5,5,5,555,15,Champions,2010-02-17 13:39:00,2011-12-01 18:07:00,5187,652,621.366923077
17427,72,1,100.8,3,1,1,311,5,Need Attention,2011-09-29 11:29:00,2011-09-29 11:29:00,34,0,100.8
17428,1,45,31466.76,5,5,5,555,15,Champions,2009-12-01 17:28:00,2011-12-09 09:45:00,17356,738,699.261333333
17429,129,5,1357.46,3,4,4,344,11,Loyal Customers,2010-10-06 12:30:00,2011-08-03 13:22:00,1286,301,271.492
17430,33,4,622.57,4,3,3,433,10,Potential Loyalists,2010-08-17 11:52:00,2011-11-07 09:24:00,455,447,155.6425
17431,314,1,403.3,2,1,2,212,5,Hibernating,2011-01-30 14:36:00,2011-01-30 14:36:00,292,0,403.3
17432,19,9,1751.39,5,5,4,554,14,Champions,2009-12-03 19:13:00,2011-11-21 17:33:00,1016,718,194.598888889
17433,89,2,569.96,3,2,2,322,7,Need Attention,2010-11-19 13:37:00,2011-09-12 14:24:00,305,297,284.98
17434,3,7,2373.82,5,4,4,544,13,Champions,2011-09-15 13:54:00,2011-12-07 13:16:00,1693,83,339.117142857
17435,412,1,331.35,1,1,2,112,4,Lost,2010-10-24 13:55:00,2010-10-24 13:55:00,195,0,331.35
17436,2,5,534.06,5,4,2,542,11,Loyal Customers,2009-12-07 12:31:00,2011-12-08 12:30:00,178,731,106.812
17437,530,1,373.17,1,1,2,112,4,Lost,2010-06-28 11:11:00,2010-06-28 11:11:00,284,0,373.17
17438,254,5,1422.77,2,4,4,244,10,At Risk,2010-03-08 16:53:00,2011-03-31 10:26:00,553,388,284.554
17439,656,1,325.74,1,1,2,112,4,Lost,2010-02-22 12:48:00,2010-02-22 12:48:00,370,0,325.74
17440,157,4,323.58,3,3,2,332,8,Need Attention,2010-06-08 14:40:00,2011-07-06 11:54:00,282,393,80.895
17441,733,1,293.35,1,1,2,112,4,Lost,2009-12-07 13:32:00,2009-12-07 13:32:00,245,0,293.35
17442,37,15,4620.3,4,5,5,455,14,Champions,2010-02-15 15:54:00,2011-11-03 09:17:00,3134,626,308.02
17443,220,1,534.24,2,1,2,212,5,Hibernating,2011-05-04 10:47:00,2011-05-04 10:47:00,504,0,534.24
17444,152,2,2389.1,3,2,4,324,9,Promising,2011-06-20 09:04:00,2011-07-11 10:33:00,2118,21,1194.55
17446,177,2,120.9,3,2,1,321,6,Need Attention,2011-02-02 14:40:00,2011-06-16 10:42:00,198,134,60.45
17447,41,2,541.53,4,2,2,422,8,Potential Loyalists,2011-09-29 10:10:00,2011-10-30 14:18:00,443,31,270.765
17448,530,41,14481.97,1,5,5,155,11,At Risk,2010-03-04 17:29:00,2010-06-28 13:58:00,11543,116,353.218780488
17449,3,13,4948.15,5,5,5,555,15,Champions,2009-12-09 14:16:00,2011-12-07 16:56:00,2534,728,380.626923077
17450,9,51,244944.25,5,5,5,555,15,Champions,2010-09-27 16:59:00,2011-12-01 13:29:00,83934,430,4802.82843137
17451,2,7,1721.4,5,4,4,544,13,Champions,2011-08-26 11:54:00,2011-12-08 15:02:00,1203,104,245.914285714
17453,18,2,486.72,5,2,2,522,9,Potential Loyalists,2011-10-06 17:02:00,2011-11-22 09:42:00,219,47,243.36
17454,193,10,1547.94,2,5,4,254,11,At Risk,2010-01-15 15:40:00,2011-05-31 13:58:00,727,501,154.794
17455,204,1,131.7,2,1,1,211,4,Hibernating,2011-05-20 12:31:00,2011-05-20 12:31:00,66,0,131.7
17456,366,2,975.56,2,2,3,223,7,Hibernating,2010-09-09 15:28:00,2010-12-09 15:23:00,508,91,487.78
17457,127,14,5984.81,3,5,5,355,13,Loyal Customers,2009-12-07 14:52:00,2011-08-05 12:48:00,2695,606,427.486428571
17458,16,2,529.58,5,2,2,522,9,Potential Loyalists,2010-11-23 11:43:00,2011-11-24 13:01:00,282,366,264.79
17459,44,2,657.3,4,2,3,423,9,Potential Loyalists,2011-10-10 17:00:00,2011-10-27 13:25:00,537,17,328.65
17460,95,16,2157.97,3,5,4,354,12,Loyal Customers,2010-01-22 13:25:00,2011-09-06 15:04:00,954,592,134.873125
17461,23,3,757.46,4,3,3,433,10,Potential Loyalists,2011-11-10 12:01:00,2011-11-17 10:21:00,799,7,252.486666667
17462,61,2,675.69,3,2,3,323,8,Promising,2011-02-28 17:01:00,2011-10-10 13:56:00,227,224,337.845
17463,17,7,2557.91,5,4,4,544,13,Champions,2010-04-29 17:57:00,2011-11-23 13:40:00,1490,573,365.415714286
17464,159,3,1000.94,3,3,3,333,9,Promising,2010-03-30 13:15:00,2011-07-04 13:19:00,652,461,333.646666667
17465,426,7,2542.79,1,4,4,144,9,At Risk,2009-12-03 13:25:00,2010-10-10 11:56:00,1477,311,363.255714286
17466,11,2,763.28,5,2,3,523,10,Potential Loyalists,2011-09-22 09:16:00,2011-11-29 13:15:00,306,68,381.64
17467,396,1,102.6,2,1,1,211,4,Hibernating,2010-11-09 12:58:00,2010-11-09 12:58:00,20,0,102.6
17468,11,3,194.8,5,3,1,531,9,Potential Loyalists,2010-11-29 17:25:00,2011-11-29 15:33:00,184,365,64.9333333333
17469,17,17,5051.25,5,5,5,555,15,Champions,2009-12-16 15:06:00,2011-11-23 13:15:00,2304,707,297.132352941
17470,45,11,2626.47,4,5,4,454,13,Champions,2010-07-19 16:16:00,2011-10-26 12:42:00,2731,464,238.77
17471,475,1,321.65,1,1,2,112,4,Lost,2010-08-22 11:53:00,2010-08-22 11:53:00,153,0,321.65
17472,192,4,935.1,2,3,3,233,8,At Risk,2010-03-21 13:27:00,2011-06-01 14:57:00,558,437,233.775
17473,409,2,607,2,2,3,223,7,Hibernating,2010-09-09 19:03:00,2010-10-27 11:45:00,270,48,303.5
17474,600,1,1047,1,1,3,113,5,Lost,2010-04-19 10:43:00,2010-04-19 10:43:00,200,0,1047
17475,80,1,194.37,3,1,1,311,5,Need Attention,2011-09-21 14:55:00,2011-09-21 14:55:00,178,0,194.37
17476,396,2,489.86,2,2,2,222,6,Hibernating,2009-12-02 12:09:00,2010-11-09 10:21:00,224,342,244.93
17477,613,2,1144.3,1,2,3,123,6,Lost,2010-03-02 11:53:00,2010-04-06 10:06:00,225,35,572.15
17478,409,2,1272.8,2,2,4,224,8,Hibernating,2010-03-16 14:19:00,2010-10-27 15:01:00,516,225,636.4
17479,633,1,389.26,1,1,2,112,4,Lost,2010-03-17 09:26:00,2010-03-17 09:26:00,266,0,389.26
17480,78,2,902.03,3,2,3,323,8,Promising,2010-09-21 12:31:00,2011-09-23 11:39:00,593,367,451.015
17481,4,4,1255.59,5,3,4,534,12,Potential Loyalists,2011-09-07 09:57:00,2011-12-06 12:28:00,1061,90,313.8975
17482,488,2,778.19,1,2,3,123,6,Lost,2010-05-10 14:10:00,2010-08-09 15:33:00,241,91,389.095
17483,66,4,591.73,3,3,2,332,8,Need Attention,2010-10-21 12:43:00,2011-10-05 13:10:00,265,349,147.9325
17484,577,2,209.57,1,2,1,121,4,Lost,2010-03-25 16:17:00,2010-05-12 15:41:00,339,48,104.785
17486,262,1,396.87,2,1,2,212,5,Hibernating,2011-03-23 14:00:00,2011-03-23 14:00:00,191,0,396.87
17487,729,1,160.55,1,1,1,111,3,Lost,2009-12-11 15:06:00,2009-12-11 15:06:00,37,0,160.55
17488,642,1,336.5,1,1,2,112,4,Lost,2010-03-08 14:07:00,2010-03-08 14:07:00,136,0,336.5
17489,59,2,376.64,4,2,2,422,8,Potential Loyalists,2011-05-11 11:34:00,2011-10-12 08:56:00,428,154,188.32
17490,1,9,2750.5,5,5,4,554,14,Champions,2010-05-19 12:40:00,2011-12-09 09:08:00,1531,569,305.611111111
17491,2,17,5653.67,5,5,5,555,15,Champions,2010-04-28 11:57:00,2011-12-08 16:18:00,3362,589,332.568823529
17492,249,3,1122.42,2,3,3,233,8,At Risk,2010-07-09 13:27:00,2011-04-05 15:21:00,450,270,374.14
17493,386,1,100.91,2,1,1,211,4,Hibernating,2010-11-19 16:57:00,2010-11-19 16:57:00,62,0,100.91
17494,502,1,54.7,1,1,1,111,3,Lost,2010-07-26 10:06:00,2010-07-26 10:06:00,26,0,54.7
17495,8,3,806.72,5,3,3,533,11,Potential Loyalists,2010-11-14 11:50:00,2011-12-02 12:08:00,367,383,268.906666667
17496,359,4,1412.89,2,3,4,234,9,At Risk,2010-01-14 13:36:00,2010-12-16 08:39:00,675,336,353.2225
17497,391,2,287.25,2,2,2,222,6,Hibernating,2010-04-08 08:01:00,2010-11-14 14:17:00,59,220,143.625
17498,76,1,272.22,3,1,1,311,5,Need Attention,2011-09-25 12:25:00,2011-09-25 12:25:00,394,0,272.22
17499,290,2,1341.39,2,2,4,224,8,Hibernating,2010-05-27 09:59:00,2011-02-23 09:14:00,1086,272,670.695
17500,18,3,1138,5,3,3,533,11,Potential Loyalists,2011-11-10 09:08:00,2011-11-22 14:25:00,17,12,379.333333333
17501,221,2,288.6,2,2,2,222,6,Hibernating,2011-05-03 09:46:00,2011-05-03 09:47:00,160,0,144.3
17502,10,4,689.1,5,3,3,533,11,Potential Loyalists,2011-11-10 16:39:00,2011-11-30 13:13:00,376,20,172.275
17503,3,2,558.96,5,2,2,522,9,Potential Loyalists,2011-11-01 11:12:00,2011-12-07 09:18:00,486,36,279.48
17504,207,18,9565.12,2,5,5,255,12,At Risk,2010-02-08 09:22:00,2011-05-17 12:59:00,5517,463,531.395555556
17505,162,5,2435.48,3,4,4,344,11,Loyal Customers,2010-04-13 16:33:00,2011-07-01 12:50:00,1242,444,487.096
17506,76,1,302.2,3,1,2,312,6,Need Attention,2011-09-25 11:39:00,2011-09-25 11:39:00,139,0,302.2
17507,262,2,605.58,2,2,2,222,6,Hibernating,2011-02-03 18:08:00,2011-03-23 11:48:00,359,48,302.79
17508,281,8,4579.23,2,4,5,245,11,At Risk,2009-12-07 11:46:00,2011-03-04 08:10:00,2891,452,572.40375
17509,58,8,6115.14,4,4,5,445,13,Champions,2011-10-07 13:14:00,2011-10-13 10:26:00,3534,6,764.3925
17510,25,2,514.56,4,2,2,422,8,Potential Loyalists,2010-10-15 10:20:00,2011-11-15 10:00:00,422,396,257.28
17511,3,60,172132.87,5,5,5,555,15,Champions,2009-12-02 10:52:00,2011-12-07 10:12:00,117174,735,2868.88116667
17512,29,18,5467.82,4,5,5,455,14,Champions,2009-12-10 19:35:00,2011-11-11 12:11:00,5434,701,303.767777778
17513,73,3,1158.8,3,3,3,333,9,Promising,2010-08-17 15:08:00,2011-09-28 16:42:00,440,407,386.266666667
17514,129,2,542.83,3,2,2,322,7,Need Attention,2010-02-08 14:00:00,2011-08-03 15:45:00,295,541,271.415
17515,32,9,1617.46,4,5,4,454,13,Champions,2010-06-07 13:29:00,2011-11-08 14:04:00,528,519,179.717777778
17516,16,6,957.55,5,4,3,543,12,Loyal Customers,2010-11-26 12:50:00,2011-11-24 16:51:00,527,363,159.591666667
17517,309,1,153.94,2,1,1,211,4,Hibernating,2011-02-04 11:48:00,2011-02-04 11:48:00,102,0,153.94
17518,426,2,329.42,1,2,2,122,5,Lost,2010-03-28 13:31:00,2010-10-10 12:40:00,267,196,164.71
17519,18,15,4774.17,5,5,5,555,15,Champions,2009-12-01 09:57:00,2011-11-22 16:43:00,3230,721,318.278
17520,54,1,546.81,4,1,2,412,7,Promising,2011-10-17 12:04:00,2011-10-17 12:04:00,365,0,546.81
17521,30,5,1278.06,4,4,4,444,12,Champions,2010-10-01 11:49:00,2011-11-10 11:22:00,806,405,255.612
17522,2,5,1066.15,5,4,3,543,12,Loyal Customers,2011-05-05 16:31:00,2011-12-08 12:31:00,1022,217,213.23
17523,12,4,652.74,5,3,3,533,11,Potential Loyalists,2011-11-20 13:40:00,2011-11-28 13:20:00,872,8,163.185
17524,362,3,539.14,2,3,2,232,7,At Risk,2010-09-27 16:20:00,2010-12-13 14:32:00,362,77,179.713333333
17525,360,3,1161.9,2,3,3,233,8,At Risk,2010-10-07 09:12:00,2010-12-15 12:05:00,338,69,387.3
17526,5,12,3939.24,5,5,5,555,15,Champions,2009-12-17 16:18:00,2011-12-05 11:05:00,1442,718,328.27
17527,54,4,939.37,4,3,3,433,10,Potential Loyalists,2011-05-05 13:43:00,2011-10-17 12:32:00,488,165,234.8425
17528,2,8,3628.5,5,4,5,545,14,Champions,2011-09-29 13:04:00,2011-12-08 13:27:00,2138,70,453.5625
17529,611,2,1240.25,1,2,4,124,7,Lost,2010-01-11 12:29:00,2010-04-08 17:51:00,790,87,620.125
17530,2,12,2836.28,5,5,4,554,14,Champions,2009-12-06 16:17:00,2011-12-08 18:42:00,1768,732,236.356666667
17531,191,3,1266.82,2,3,4,234,9,At Risk,2010-03-31 12:57:00,2011-06-02 19:17:00,472,428,422.273333333
17532,386,1,65.34,2,1,1,211,4,Hibernating,2010-11-19 08:13:00,2010-11-19 08:13:00,30,0,65.34
17533,435,1,34.8,1,1,1,111,3,Lost,2010-10-01 09:14:00,2010-10-01 09:14:00,24,0,34.8
17534,54,5,1668.83,4,4,4,444,12,Champions,2010-02-25 16:55:00,2011-10-17 12:47:00,860,599,333.766
17535,281,1,164.4,2,1,1,211,4,Hibernating,2011-03-04 15:20:00,2011-03-04 15:20:00,136,0,164.4
17536,178,3,364.83,3,3,2,332,8,Need Attention,2010-01-26 12:00:00,2011-06-15 13:23:00,201,505,121.61
17537,30,2,897.62,4,2,3,423,9,Potential Loyalists,2011-02-09 13:37:00,2011-11-10 10:56:00,700,274,448.81
17538,26,1,98.42,4,1,1,411,6,Promising,2011-11-14 12:12:00,2011-11-14 12:12:00,134,0,98.42
17539,629,3,1211.57,1,3,3,133,7,At Risk,2009-12-13 12:36:00,2010-03-21 15:23:00,746,98,403.856666667
17540,25,6,1590.6,4,4,4,444,12,Champions,2010-04-19 09:47:00,2011-11-15 11:56:00,588,575,265.1
17541,510,1,124.46,1,1,1,111,3,Lost,2010-07-18 11:36:00,2010-07-18 11:36:00,46,0,124.46
17542,270,3,341.7,2,3,2,232,7,At Risk,2010-03-08 12:08:00,2011-03-15 11:45:00,324,372,113.9
17543,550,1,120.05,1,1,1,111,3,Lost,2010-06-08 12:41:00,2010-06-08 12:41:00,62,0,120.05
17544,391,3,960.69,2,3,3,233,8,At Risk,2010-11-14 14:47:00,2010-11-14 15:08:00,439,0,320.23
17545,44,6,1448.54,4,4,4,444,12,Champions,2010-05-11 10:04:00,2011-10-27 14:04:00,733,534,241.423333333
17547,376,2,727.85,2,2,3,223,7,Hibernating,2010-02-12 14:34:00,2010-11-29 09:41:00,223,290,363.925
17548,234,4,731.26,2,3,3,233,8,At Risk,2010-11-08 16:19:00,2011-04-20 12:01:00,494,163,182.815
17549,24,2,148.86,4,2,1,421,7,Potential Loyalists,2011-10-19 10:05:00,2011-11-16 09:59:00,210,28,74.43
17550,198,9,2547.64,2,5,4,254,11,At Risk,2010-02-07 15:07:00,2011-05-26 14:09:00,989,473,283.071111111
17551,360,1,306.84,2,1,2,212,5,Hibernating,2010-12-15 14:12:00,2010-12-15 14:12:00,150,0,306.84
17552,61,12,2786.77,3,5,4,354,12,Loyal Customers,2010-03-22 09:19:00,2011-10-10 17:00:00,1951,567,232.230833333
17553,130,4,3757.6,3,3,5,335,11,Promising,2010-04-08 09:44:00,2011-08-02 10:00:00,2288,481,939.4
17554,2,5,1952.45,5,4,4,544,13,Champions,2011-07-14 20:01:00,2011-12-08 14:15:00,1763,147,390.49
17555,20,5,1057.74,5,4,3,543,12,Loyal Customers,2010-05-02 16:02:00,2011-11-20 12:22:00,747,567,211.548
17556,206,2,300.67,2,2,2,222,6,Hibernating,2010-11-25 17:00:00,2011-05-18 10:48:00,184,174,150.335
17557,15,4,575.46,5,3,2,532,10,Potential Loyalists,2009-12-07 10:15:00,2011-11-25 12:57:00,310,718,143.865
17558,394,1,259.17,2,1,1,211,4,Hibernating,2010-11-11 14:36:00,2010-11-11 14:36:00,54,0,259.17
17559,513,1,167.62,1,1,1,111,3,Lost,2010-07-15 12:02:00,2010-07-15 12:02:00,270,0,167.62
17560,95,8,1895.8,3,4,4,344,11,Loyal Customers,2010-02-17 12:11:00,2011-09-06 09:18:00,1588,566,236.975
17561,20,4,722.34,5,3,3,533,11,Potential Loyalists,2009-12-06 13:29:00,2011-11-20 12:53:00,396,714,180.585
17562,15,7,1122.38,5,4,3,543,12,Loyal Customers,2011-06-19 13:06:00,2011-11-25 14:21:00,817,159,160.34
17563,579,2,392.38,1,2,2,122,5,Lost,2010-04-07 10:02:00,2010-05-10 14:54:00,256,33,196.19
17564,25,3,454.01,4,3,2,432,9,Potential Loyalists,2011-09-20 14:00:00,2011-11-15 13:27:00,146,56,151.336666667
17565,587,1,131.83,1,1,1,111,3,Lost,2010-05-02 11:54:00,2010-05-02 11:54:00,67,0,131.83
17566,9,2,901.21,5,2,3,523,10,Potential Loyalists,2011-11-14 13:42:00,2011-12-01 19:54:00,518,17,450.605
17567,8,9,4838.08,5,5,5,555,15,Champions,2010-09-24 10:48:00,2011-12-02 15:48:00,2908,434,537.564444444
17568,634,1,382.79,1,1,2,112,4,Lost,2010-03-16 16:45:00,2010-03-16 16:45:00,283,0,382.79
17569,333,1,344.14,2,1,2,212,5,Hibernating,2011-01-11 14:15:00,2011-01-11 14:15:00,159,0,344.14
17571,51,5,1702.5,4,4,4,444,12,Champions,2010-06-15 12:50:00,2011-10-20 15:57:00,1019,492,340.5
17572,72,10,652.21,3,5,3,353,11,Loyal Customers,2009-12-15 10:00:00,2011-09-29 17:53:00,327,653,65.221
17573,30,3,380.6,4,3,2,432,9,Potential Loyalists,2011-09-07 10:36:00,2011-11-10 13:01:00,308,64,126.866666667
17574,243,1,185.65,2,1,1,211,4,Hibernating,2011-04-11 09:47:00,2011-04-11 09:47:00,77,0,185.65
17575,668,1,171.7,1,1,1,111,3,Lost,2010-02-10 13:48:00,2010-02-10 13:48:00,72,0,171.7
17576,9,41,8930.81,5,5,5,555,15,Champions,2009-12-03 16:54:00,2011-12-01 17:56:00,4672,728,217.824634146
17577,646,2,348.75,1,2,2,122,5,Lost,2010-02-09 10:10:00,2010-03-04 13:01:00,179,23,174.375
17578,219,7,1047.33,2,4,3,243,9,At Risk,2010-06-28 11:55:00,2011-05-05 18:38:00,529,311,149.618571429
17579,5,4,753.28,5,3,3,533,11,Potential Loyalists,2010-05-10 14:28:00,2011-12-05 12:28:00,375,574,188.32
17580,253,5,542.32,2,4,2,242,8,At Risk,2010-10-13 14:28:00,2011-04-01 12:41:00,223,170,108.464
17581,1,43,17970.97,5,5,5,555,15,Champions,2009-12-03 12:34:00,2011-12-09 12:21:00,9531,736,417.929534884
17582,237,5,1450.7,2,4,4,244,10,At Risk,2010-03-26 12:23:00,2011-04-17 13:18:00,606,387,290.14
17583,561,1,135.95,1,1,1,111,3,Lost,2010-05-28 14:24:00,2010-05-28 14:24:00,55,0,135.95
17584,8,6,5309.42,5,4,5,545,14,Champions,2010-01-25 08:17:00,2011-12-02 17:12:00,2464,676,884.903333333
17585,110,7,2093.3,3,4,4,344,11,Loyal Customers,2010-08-18 16:39:00,2011-08-22 13:30:00,2539,369,299.042857143
17586,620,1,167.4,1,1,1,111,3,Lost,2010-03-30 13:12:00,2010-03-30 13:12:00,68,0,167.4
17587,629,1,178.71,1,1,1,111,3,Lost,2010-03-21 14:16:00,2010-03-21 14:16:00,67,0,178.71
17588,101,7,2939.55,3,4,5,345,12,Loyal Customers,2010-03-12 12:34:00,2011-08-31 13:37:00,1379,537,419.935714286
17589,61,18,14018.2,3,5,5,355,13,Loyal Customers,2010-03-07 13:48:00,2011-10-10 16:58:00,8745,582,778.788888889
17590,3,3,1477.97,5,3,4,534,12,Potential Loyalists,2011-10-30 14:05:00,2011-12-07 12:55:00,827,38,492.656666667
17591,74,8,2370.07,3,4,4,344,11,Loyal Customers,2010-01-17 16:09:00,2011-09-27 13:42:00,1040,618,296.25875
17592,739,1,148.3,1,1,1,111,3,Lost,2009-12-01 10:49:00,2009-12-01 10:49:00,38,0,148.3
17593,4,11,8095.8,5,5,5,555,15,Champions,2009-12-04 14:35:00,2011-12-06 10:30:00,5607,732,735.981818182
17594,86,4,2497.88,3,3,4,334,10,Promising,2010-04-14 08:53:00,2011-09-15 16:34:00,1368,519,624.47
17595,13,2,388.79,5,2,2,522,9,Potential Loyalists,2011-11-02 16:19:00,2011-11-27 16:08:00,229,25,194.395
17596,24,13,4528.05,4,5,5,455,14,Champions,2009-12-15 13:21:00,2011-11-16 14:11:00,7089,701,348.311538462
17597,214,5,3484.09,2,4,5,245,11,At Risk,2010-05-05 15:33:00,2011-05-10 11:54:00,2215,370,696.818
17598,382,1,409.98,2,1,2,212,5,Hibernating,2010-11-23 17:43:00,2010-11-23 17:43:00,126,0,409.98
17599,478,1,52.05,1,1,1,111,3,Lost,2010-08-19 12:50:00,2010-08-19 12:50:00,11,0,52.05
17600,18,1,161.67,5,1,1,511,7,New Customers,2011-11-22 09:43:00,2011-11-22 09:43:00,144,0,161.67
17601,240,2,421.06,2,2,2,222,6,Hibernating,2010-11-24 14:29:00,2011-04-14 18:02:00,298,141,210.53
17602,3,14,7451.13,5,5,5,555,15,Champions,2010-03-30 17:25:00,2011-12-07 13:53:00,5936,617,532.223571429
17603,79,4,1793.48,3,3,4,334,10,Promising,2009-12-10 09:44:00,2011-09-22 14:18:00,640,651,448.37
17604,218,6,945.93,2,4,3,243,9,At Risk,2010-01-27 12:19:00,2011-05-06 13:43:00,616,464,157.655
17605,591,1,160.75,1,1,1,111,3,Lost,2010-04-28 14:45:00,2010-04-28 14:45:00,71,0,160.75
17606,738,1,87.3,1,1,1,111,3,Lost,2009-12-02 13:32:00,2009-12-02 13:32:00,42,0,87.3
17607,377,1,333.81,2,1,2,212,5,Hibernating,2010-11-28 13:11:00,2010-11-28 13:11:00,269,0,333.81
17608,34,4,498.53,4,3,2,432,9,Potential Loyalists,2010-04-11 13:37:00,2011-11-06 13:06:00,539,574,124.6325
17609,41,11,1881.8,4,5,4,454,13,Champions,2010-04-09 16:54:00,2011-10-30 12:28:00,1286,569,171.072727273
17610,541,5,1529.49,1,4,4,144,9,At Risk,2009-12-06 16:07:00,2010-06-17 16:34:00,902,193,305.898
17611,8,28,8321.98,5,5,5,555,15,Champions,2009-12-01 13:29:00,2011-12-02 13:29:00,5306,731,297.213571429
17612,54,18,5394.86,4,5,5,455,14,Champions,2009-12-17 11:59:00,2011-10-17 14:59:00,3521,669,299.714444444
17613,23,14,4559.15,4,5,5,455,14,Champions,2011-02-07 11:20:00,2011-11-17 10:51:00,2496,283,325.653571429
17614,58,1,390.07,4,1,2,412,7,Promising,2011-10-13 16:01:00,2011-10-13 16:01:00,238,0,390.07
17615,131,6,733.2,3,4,3,343,10,Loyal Customers,2010-08-11 12:54:00,2011-08-01 14:06:00,386,355,122.2
17616,174,4,734.4,3,3,3,333,9,Promising,2010-09-14 10:43:00,2011-06-19 10:11:00,288,278,183.6
17617,559,1,395.33,1,1,2,112,4,Lost,2010-05-30 12:48:00,2010-05-30 12:48:00,255,0,395.33
17618,6,11,4073.24,5,5,5,555,15,Champions,2010-01-24 11:03:00,2011-12-04 11:50:00,1820,679,370.294545455
17619,313,1,218.52,2,1,1,211,4,Hibernating,2011-01-31 14:18:00,2011-01-31 14:18:00,127,0,218.52
17620,60,1,81.44,3,1,1,311,5,Need Attention,2011-10-11 12:08:00,2011-10-11 12:08:00,60,0,81.44
17621,22,6,3175.12,4,4,5,445,13,Champions,2010-10-04 09:37:00,2011-11-18 17:11:00,1110,410,529.186666667
17622,598,2,1130.21,1,2,3,123,6,Lost,2010-04-20 13:38:00,2010-04-21 12:36:00,379,1,565.105
17623,33,7,2383.67,4,4,4,444,12,Champions,2009-12-14 14:36:00,2011-11-07 11:32:00,801,693,340.524285714
17624,15,4,1568.63,5,3,4,534,12,Potential Loyalists,2009-12-20 12:35:00,2011-11-25 10:52:00,958,705,392.1575
17625,19,8,6067.8,5,4,5,545,14,Champions,2009-12-15 11:49:00,2011-11-21 13:36:00,3551,706,758.475
17626,603,1,254,1,1,1,111,3,Lost,2010-04-16 12:15:00,2010-04-16 12:15:00,202,0,254
17627,479,1,296.36,1,1,2,112,4,Lost,2010-08-18 11:27:00,2010-08-18 11:27:00,676,0,296.36
17628,82,1,75.75,3,1,1,311,5,Need Attention,2011-09-19 15:21:00,2011-09-19 15:21:00,79,0,75.75
17629,6,10,2455.52,5,5,4,554,14,Champions,2010-10-14 13:35:00,2011-12-04 10:56:00,1903,416,245.552
17630,170,2,503.6,3,2,2,322,7,Need Attention,2011-04-21 14:03:00,2011-06-23 11:58:00,158,63,251.8
17631,2,7,998.49,5,4,3,543,12,Loyal Customers,2009-12-09 14:15:00,2011-12-08 09:47:00,591,729,142.641428571
17633,32,7,2057.39,4,4,4,444,12,Champions,2010-11-15 14:55:00,2011-11-08 13:25:00,899,358,293.912857143
17634,37,9,2361.97,4,5,4,454,13,Champions,2011-01-06 12:45:00,2011-11-03 13:09:00,840,301,262.441111111
17635,425,3,1265.58,1,3,4,134,8,At Risk,2010-04-28 10:51:00,2010-10-11 15:12:00,770,166,421.86
17636,20,1,285.56,5,1,1,511,7,New Customers,2011-11-20 14:40:00,2011-11-20 14:40:00,182,0,285.56
17637,32,2,547.06,4,2,2,422,8,Potential Loyalists,2011-08-16 13:25:00,2011-11-08 12:51:00,280,84,273.53
17638,648,2,842.4,1,2,3,123,6,Lost,2009-12-18 09:58:00,2010-03-02 14:32:00,432,74,421.2
17639,277,6,615.17,2,4,3,243,9,At Risk,2010-08-13 11:59:00,2011-03-08 15:22:00,576,207,102.528333333
17640,87,6,3168.94,3,4,5,345,12,Loyal Customers,2010-03-23 09:15:00,2011-09-14 09:13:00,1692,540,528.156666667
17642,120,5,1824.49,3,4,4,344,11,Loyal Customers,2009-12-05 16:01:00,2011-08-12 09:11:00,1475,615,364.898
17643,374,2,439.7,2,2,2,222,6,Hibernating,2010-07-22 13:07:00,2010-12-01 14:38:00,226,132,219.85
17644,2,20,6028.6,5,5,5,555,15,Champions,2010-02-16 08:44:00,2011-12-08 13:43:00,3469,660,301.43
17646,220,12,3898.79,2,5,5,255,12,At Risk,2009-12-16 09:37:00,2011-05-04 13:17:00,1308,504,324.899166667
17647,66,3,331.66,3,3,2,332,8,Need Attention,2010-02-08 14:39:00,2011-10-05 15:38:00,82,604,110.553333333
17648,61,5,2216.37,3,4,4,344,11,Loyal Customers,2010-11-19 16:41:00,2011-10-10 09:41:00,954,325,443.274
17649,139,3,1578.89,3,3,4,334,10,Promising,2010-08-24 13:01:00,2011-07-24 15:53:00,723,334,526.296666667
17650,22,1,166.08,4,1,1,411,6,Promising,2011-11-18 14:52:00,2011-11-18 14:52:00,150,0,166.08
17651,12,16,5703.52,5,5,5,555,15,Champions,2010-07-01 12:17:00,2011-11-28 10:29:00,4086,515,356.47
17652,26,12,4867.72,4,5,5,455,14,Champions,2011-03-03 14:05:00,2011-11-14 12:55:00,2509,256,405.643333333
17653,37,4,1207.56,4,3,3,433,10,Potential Loyalists,2011-08-11 15:24:00,2011-11-03 12:46:00,1409,84,301.89
17654,278,1,117.55,2,1,1,211,4,Hibernating,2011-03-07 13:17:00,2011-03-07 13:17:00,41,0,117.55
17655,11,9,2976.38,5,5,5,555,15,Champions,2010-10-19 10:20:00,2011-11-29 11:34:00,1268,406,330.708888889
17656,74,5,1674.69,3,4,4,344,11,Loyal Customers,2011-08-03 10:45:00,2011-09-27 13:04:00,1399,55,334.938
17657,431,1,126,1,1,1,111,3,Lost,2010-10-05 14:52:00,2010-10-05 14:52:00,60,0,126
17658,26,2,595.42,4,2,2,422,8,Potential Loyalists,2011-05-12 15:23:00,2011-11-14 12:07:00,616,186,297.71
17659,18,14,3586.99,5,5,5,555,15,Champions,2010-11-18 14:20:00,2011-11-22 13:29:00,1752,369,256.213571429
17660,142,2,359.47,3,2,2,322,7,Need Attention,2009-12-02 16:02:00,2011-07-21 13:37:00,268,596,179.735
17662,662,2,412.92,1,2,2,122,5,Lost,2009-12-17 09:54:00,2010-02-16 09:38:00,184,61,206.46
17663,26,17,5175.83,4,5,5,455,14,Champions,2010-03-04 11:42:00,2011-11-14 08:56:00,2297,620,304.460588235
17664,19,4,1166.23,5,3,3,533,11,Potential Loyalists,2010-03-29 17:17:00,2011-11-21 11:29:00,1058,602,291.5575
17665,494,1,563.1,1,1,2,112,4,Lost,2010-08-03 13:12:00,2010-08-03 13:12:00,690,0,563.1
17666,4,5,2047.8,5,4,4,544,13,Champions,2010-06-30 12:03:00,2011-12-06 09:06:00,1552,524,409.56
17667,67,9,3950.7,3,5,5,355,13,Loyal Customers,2010-02-23 09:57:00,2011-10-04 14:32:00,2192,588,438.966666667
17668,2,2,347.75,5,2,2,522,9,Potential Loyalists,2011-11-01 14:45:00,2011-12-08 13:25:00,93,37,173.875
17669,43,10,6142.35,4,5,5,455,14,Champions,2010-04-01 18:48:00,2011-10-28 08:53:00,3505,575,614.235
17670,228,1,205.7,2,1,1,211,4,Hibernating,2011-04-26 09:12:00,2011-04-26 09:12:00,110,0,205.7
17671,16,5,2009.16,5,4,4,544,13,Champions,2010-11-29 11:53:00,2011-11-24 12:21:00,987,360,401.832
17672,51,6,5663.74,4,4,5,445,13,Champions,2010-03-08 13:17:00,2011-10-20 14:18:00,2757,591,943.956666667
17673,2,13,4233.58,5,5,5,555,15,Champions,2010-03-19 14:02:00,2011-12-08 12:50:00,3338,629,325.66
17674,75,2,551.04,3,2,2,322,7,Need Attention,2010-12-06 10:20:00,2011-09-26 13:35:00,672,294,275.52
17675,2,70,37642.48,5,5,5,555,15,Champions,2009-12-10 16:10:00,2011-12-08 18:03:00,16180,728,537.749714286
17676,5,10,2465.14,5,5,4,554,14,Champions,2010-03-30 10:49:00,2011-12-05 15:16:00,1774,615,246.514
17677,2,54,35076.31,5,5,5,555,15,Champions,2009-12-16 11:23:00,2011-12-08 09:56:00,20924,722,649.561296296
17678,264,2,599.76,2,2,2,222,6,Hibernating,2010-04-15 13:54:00,2011-03-21 11:52:00,368,340,299.88
17679,53,7,3577.61,4,4,5,445,13,Champions,2009-12-03 17:32:00,2011-10-18 07:43:00,1755,684,511.087142857
17680,24,3,497.45,4,3,2,432,9,Potential Loyalists,2010-07-16 16:07:00,2011-11-16 12:42:00,155,488,165.816666667
17681,598,5,731.2,1,4,3,143,8,At Risk,2010-01-15 11:53:00,2010-04-21 17:22:00,450,96,146.24
17682,11,11,4065.28,5,5,5,555,15,Champions,2010-03-08 09:49:00,2011-11-29 15:59:00,2281,631,369.570909091
17683,386,3,819.01,2,3,3,233,8,At Risk,2010-06-03 17:15:00,2010-11-19 10:11:00,781,169,273.003333333
17684,44,1,239.41,4,1,1,411,6,Promising,2011-10-27 11:10:00,2011-10-27 11:10:00,145,0,239.41
17685,17,12,5490.65,5,5,5,555,15,Champions,2010-02-11 13:44:00,2011-11-23 11:36:00,3523,650,457.554166667
17686,8,9,8296.81,5,5,5,555,15,Champions,2010-06-24 09:49:00,2011-12-02 15:39:00,3583,526,921.867777778
17687,421,1,432.68,1,1,2,112,4,Lost,2010-10-15 12:30:00,2010-10-15 12:30:00,210,0,432.68
17688,394,1,304.2,2,1,2,212,5,Hibernating,2010-11-11 10:41:00,2010-11-11 10:41:00,114,0,304.2
17689,389,2,317.08,2,2,2,222,6,Hibernating,2010-08-22 13:54:00,2010-11-16 13:22:00,300,86,158.54
17690,31,20,6999.9,4,5,5,455,14,Champions,2010-02-03 14:26:00,2011-11-09 15:17:00,2944,644,349.995
17691,359,4,637.55,2,3,3,233,8,At Risk,2010-06-11 11:50:00,2010-12-16 17:20:00,315,188,159.3875
17692,128,12,2960.44,3,5,5,355,13,Loyal Customers,2010-06-17 11:14:00,2011-08-04 14:01:00,2290,413,246.703333333
17693,138,1,200.47,3,1,1,311,5,Need Attention,2011-07-25 15:48:00,2011-07-25 15:48:00,231,0,200.47
17694,142,3,1695.97,3,3,4,334,10,Promising,2010-05-26 08:27:00,2011-07-21 12:00:00,1493,421,565.323333333
17695,132,5,1746.04,3,4,4,344,11,Loyal Customers,2010-01-28 09:27:00,2011-07-31 10:40:00,1809,549,349.208
17696,39,27,7679.59,4,5,5,455,14,Champions,2009-12-10 17:09:00,2011-11-01 13:43:00,5891,691,284.429259259
17697,237,1,338.95,2,1,2,212,5,Hibernating,2011-04-17 15:40:00,2011-04-17 15:40:00,93,0,338.95
17698,261,1,154.95,2,1,1,211,4,Hibernating,2011-03-24 11:34:00,2011-03-24 11:34:00,93,0,154.95
17699,477,2,442,1,2,2,122,5,Lost,2010-05-27 11:53:00,2010-08-20 09:39:00,208,85,221
17700,17,14,6679.97,5,5,5,555,15,Champions,2009-12-01 11:37:00,2011-11-23 11:51:00,3469,722,477.140714286
17701,253,1,417.95,2,1,2,212,5,Hibernating,2011-04-01 12:25:00,2011-04-01 12:25:00,109,0,417.95
17702,31,6,3144.04,4,4,5,445,13,Champions,2010-11-04 12:09:00,2011-11-09 16:03:00,2153,370,524.006666667
17703,36,4,1094.84,4,3,3,433,10,Potential Loyalists,2010-10-17 16:16:00,2011-11-04 15:51:00,897,383,273.71
17704,169,2,885.19,3,2,3,323,8,Promising,2011-04-14 09:28:00,2011-06-24 09:40:00,343,71,442.595
17705,4,11,2083.9,5,5,4,554,14,Champions,2010-05-12 09:47:00,2011-12-06 13:45:00,1301,573,189.445454545
17706,5,31,20272.15,5,5,5,555,15,Champions,2010-01-19 12:13:00,2011-12-05 13:34:00,7824,685,653.940322581
17707,186,8,609.3,3,4,3,343,10,Loyal Customers,2009-12-07 12:19:00,2011-06-07 15:03:00,546,547,76.1625
17708,188,4,887.93,2,3,3,233,8,At Risk,2010-10-12 12:13:00,2011-06-05 10:12:00,388,236,221.9825
17709,170,5,671.01,3,4,3,343,10,Loyal Customers,2010-04-15 14:48:00,2011-06-23 11:55:00,295,434,134.202
17710,424,1,293.5,1,1,2,112,4,Lost,2010-10-12 07:49:00,2010-10-12 07:49:00,158,0,293.5
17711,11,2,385.1,5,2,2,522,9,Potential Loyalists,2011-02-23 11:32:00,2011-11-29 11:40:00,246,279,192.55
17712,45,1,522.91,4,1,2,412,7,Promising,2011-10-26 12:28:00,2011-10-26 12:28:00,215,0,522.91
17713,383,4,1198.09,2,3,3,233,8,At Risk,2010-06-09 09:33:00,2010-11-22 16:50:00,989,166,299.5225
17714,321,5,1410.18,2,4,4,244,10,At Risk,2010-07-14 10:41:00,2011-01-23 10:32:00,608,193,282.036
17715,201,2,489.6,2,2,2,222,6,Hibernating,2010-04-26 12:17:00,2011-05-23 12:32:00,576,392,244.8
17716,23,24,15956.97,4,5,5,455,14,Champions,2009-12-02 17:18:00,2011-11-17 12:00:00,8819,715,664.87375
17717,422,1,376.92,1,1,2,112,4,Lost,2010-10-14 12:54:00,2010-10-14 12:54:00,344,0,376.92
17718,233,2,439.18,2,2,2,222,6,Hibernating,2010-03-05 08:01:00,2011-04-21 13:39:00,274,412,219.59
17719,38,15,5396.04,4,5,5,455,14,Champions,2011-03-29 11:29:00,2011-11-02 10:36:00,2466,218,359.736
17720,27,10,2666.91,4,5,4,454,13,Champions,2010-05-10 09:58:00,2011-11-13 15:04:00,1589,552,266.691
17721,660,1,307.21,1,1,2,112,4,Lost,2010-02-18 15:18:00,2010-02-18 15:18:00,107,0,307.21
17722,97,5,3520.22,3,4,5,345,12,Loyal Customers,2010-11-29 09:44:00,2011-09-04 15:22:00,2412,279,704.044
17723,128,7,3378.4,3,4,5,345,12,Loyal Customers,2010-11-29 10:35:00,2011-08-04 18:37:00,912,248,482.628571429
17724,72,3,1033,3,3,3,333,9,Promising,2011-07-24 13:26:00,2011-09-29 15:26:00,300,67,344.333333333
17725,17,11,3439.08,5,5,5,555,15,Champions,2011-03-17 19:47:00,2011-11-23 16:34:00,2162,251,312.643636364
17726,396,7,1092.06,2,4,3,243,9,At Risk,2010-01-26 14:58:00,2010-11-09 13:37:00,444,287,156.008571429
17727,16,1,1060.25,5,1,3,513,9,New Customers,2011-11-24 17:06:00,2011-11-24 17:06:00,645,0,1060.25
17728,4,5,4238.76,5,4,5,545,14,Champions,2010-09-12 14:58:00,2011-12-06 08:52:00,2146,450,847.752
17729,597,1,438.65,1,1,2,112,4,Lost,2010-04-22 15:03:00,2010-04-22 15:03:00,247,0,438.65
17730,4,20,7773.8,5,5,5,555,15,Champions,2010-04-29 11:48:00,2011-12-06 15:43:00,5300,586,388.69
17731,80,6,1708.99,3,4,4,344,11,Loyal Customers,2010-02-09 12:37:00,2011-09-21 15:02:00,707,589,284.831666667
17732,373,8,2166.42,2,4,4,244,10,At Risk,2010-08-09 08:41:00,2010-12-02 09:29:00,1058,115,270.8025
17733,39,2,692.19,4,2,3,423,9,Potential Loyalists,2011-03-23 09:54:00,2011-11-01 08:16:00,463,223,346.095
17734,54,6,1442.32,4,4,4,444,12,Champions,2010-03-07 13:55:00,2011-10-17 12:33:00,741,589,240.386666667
17735,3,26,16790.33,5,5,5,555,15,Champions,2010-07-30 13:25:00,2011-12-07 16:47:00,10683,495,645.781923077
17736,10,3,377.44,5,3,2,532,10,Potential Loyalists,2011-08-18 14:33:00,2011-11-30 15:36:00,238,104,125.813333333
17737,10,2,168.24,5,2,1,521,8,Potential Loyalists,2011-10-12 14:42:00,2011-11-30 15:16:00,108,49,84.12
17738,20,13,4183.56,5,5,5,555,15,Champions,2010-03-19 10:07:00,2011-11-20 15:05:00,2776,611,321.812307692
17739,12,18,7730.59,5,5,5,555,15,Champions,2009-12-07 10:48:00,2011-11-28 09:12:00,2335,721,429.477222222
17740,390,6,426.9,2,4,2,242,8,At Risk,2010-01-11 13:11:00,2010-11-15 16:33:00,222,308,71.15
17741,407,2,101.1,2,2,1,221,5,Hibernating,2010-05-28 12:11:00,2010-10-29 11:59:00,114,154,50.55
17742,114,11,2098.48,3,5,4,354,12,Loyal Customers,2009-12-01 13:16:00,2011-08-18 15:28:00,653,625,190.770909091
17743,449,1,229.2,1,1,1,111,3,Lost,2010-09-17 14:54:00,2010-09-17 14:54:00,96,0,229.2
17744,4,7,2649.14,5,4,4,544,13,Champions,2010-11-24 09:34:00,2011-12-06 12:11:00,3826,377,378.448571429
17745,478,2,600.34,1,2,2,122,5,Lost,2010-06-02 09:03:00,2010-08-19 12:30:00,164,78,300.17
17746,241,4,904.18,2,3,3,233,8,At Risk,2010-04-08 12:54:00,2011-04-13 14:31:00,688,370,226.045
17747,113,1,71.4,3,1,1,311,5,Need Attention,2011-08-19 08:13:00,2011-08-19 08:13:00,12,0,71.4
17748,528,1,358.15,1,1,2,112,4,Lost,2010-06-30 13:49:00,2010-06-30 13:49:00,111,0,358.15
17749,179,3,1026.18,3,3,3,333,9,Promising,2010-06-11 14:56:00,2011-06-14 15:45:00,446,368,342.06
17750,6,9,1781.28,5,5,4,554,14,Champions,2011-06-28 15:44:00,2011-12-04 14:09:00,3906,159,197.92
17751,422,1,157.86,1,1,1,111,3,Lost,2010-10-14 13:57:00,2010-10-14 13:57:00,147,0,157.86
17752,360,1,80.64,2,1,1,211,4,Hibernating,2010-12-15 16:19:00,2010-12-15 16:19:00,192,0,80.64
17753,465,4,390.56,1,3,2,132,6,At Risk,2010-01-06 14:20:00,2010-09-01 15:49:00,128,238,97.64
17754,1,13,4577.53,5,5,5,555,15,Champions,2009-12-11 15:52:00,2011-12-09 11:20:00,4441,728,352.117692308
17756,376,3,733.7,2,3,3,233,8,At Risk,2010-11-10 12:54:00,2010-11-29 12:20:00,400,19,244.566666667
17757,2,56,9126.05,5,5,5,555,15,Champions,2010-01-13 15:56:00,2011-12-08 15:31:00,5022,694,162.965178571
17758,20,12,5012.53,5,5,5,555,15,Champions,2010-05-20 13:18:00,2011-11-20 14:45:00,3236,549,417.710833333
17759,18,5,1275.66,5,4,4,544,13,Champions,2010-05-05 11:40:00,2011-11-22 16:02:00,975,566,255.132
17760,22,6,746.39,4,4,3,443,11,Loyal Customers,2010-02-28 12:15:00,2011-11-18 10:56:00,531,628,124.398333333
17761,33,1,712.78,4,1,3,413,8,Promising,2011-11-07 10:23:00,2011-11-07 10:23:00,398,0,712.78
17762,457,1,129.75,1,1,1,111,3,Lost,2010-09-09 17:40:00,2010-09-09 17:40:00,129,0,129.75
17763,264,4,86.15,2,3,1,231,6,At Risk,2010-02-18 14:32:00,2011-03-21 14:25:00,41,396,21.5375
17764,51,5,1623.64,4,4,4,444,12,Champions,2009-12-03 14:28:00,2011-10-20 11:03:00,729,686,324.728
17765,159,4,530.8,3,3,2,332,8,Need Attention,2010-09-17 12:45:00,2011-07-04 12:41:00,197,290,132.7
17766,382,2,299.61,2,2,2,222,6,Hibernating,2010-11-23 14:17:00,2010-11-23 14:29:00,155,0,149.805
17767,16,2,413.05,5,2,2,522,9,Potential Loyalists,2010-10-25 16:22:00,2011-11-24 14:42:00,198,395,206.525
17768,9,7,3509.51,5,4,5,545,14,Champions,2009-12-02 12:26:00,2011-12-01 13:22:00,2433,729,501.358571429
17769,13,17,7103.08,5,5,5,555,15,Champions,2010-01-19 11:33:00,2011-11-27 11:18:00,3176,677,417.828235294
17770,199,5,1143.27,2,4,3,243,9,At Risk,2011-03-02 13:35:00,2011-05-25 12:34:00,365,84,228.654
17771,57,4,386.93,4,3,2,432,9,Potential Loyalists,2010-04-29 13:21:00,2011-10-14 11:43:00,369,533,96.7325
17772,11,3,384.77,5,3,2,532,10,Potential Loyalists,2010-11-12 11:31:00,2011-11-29 11:05:00,122,382,128.256666667
17773,515,2,585.27,1,2,2,122,5,Lost,2010-01-18 14:32:00,2010-07-13 14:07:00,260,176,292.635
17774,97,9,3327.05,3,5,5,355,13,Loyal Customers,2010-02-08 16:06:00,2011-09-04 12:49:00,1607,573,369.672222222
17775,255,1,56.4,2,1,1,211,4,Hibernating,2011-03-30 10:50:00,2011-03-30 10:50:00,72,0,56.4
17776,387,2,337.3,2,2,2,222,6,Hibernating,2009-12-16 14:59:00,2010-11-18 12:14:00,274,337,168.65
17777,25,3,665.86,4,3,3,433,10,Potential Loyalists,2011-08-31 14:35:00,2011-11-15 12:02:00,507,76,221.953333333
17778,662,1,197.7,1,1,1,111,3,Lost,2010-02-16 12:44:00,2010-02-16 12:44:00,214,0,197.7
17779,22,3,658.57,4,3,3,433,10,Potential Loyalists,2011-07-19 12:19:00,2011-11-18 14:15:00,397,122,219.523333333
17780,668,3,352.91,1,3,2,132,6,At Risk,2010-01-24 11:21:00,2010-02-10 13:43:00,158,17,117.636666667
17781,160,2,188.02,3,2,1,321,6,Need Attention,2011-03-31 19:54:00,2011-07-03 16:00:00,34,94,94.01
17782,383,2,679.02,2,2,3,223,7,Hibernating,2010-11-22 10:03:00,2010-11-22 11:15:00,538,0,339.51
17783,73,3,379.91,3,3,2,332,8,Need Attention,2010-07-15 12:50:00,2011-09-28 16:07:00,439,440,126.636666667
17784,551,1,112.86,1,1,1,111,3,Lost,2010-06-07 16:08:00,2010-06-07 16:08:00,72,0,112.86
17785,54,3,403.38,4,3,2,432,9,Potential Loyalists,2010-05-23 13:01:00,2011-10-17 13:43:00,227,512,134.46
17786,86,2,278.74,3,2,1,321,6,Need Attention,2011-01-26 14:35:00,2011-09-15 12:51:00,200,232,139.37
17787,153,4,1865.19,3,3,4,334,10,Promising,2010-12-03 13:43:00,2011-07-10 11:24:00,910,219,466.2975
17788,74,2,1112.95,3,2,3,323,8,Promising,2011-08-02 10:38:00,2011-09-27 10:09:00,210,56,556.475
17789,282,2,397.15,2,2,2,222,6,Hibernating,2010-02-16 13:16:00,2011-03-03 13:14:00,199,380,198.575
17790,27,20,2783.61,4,5,4,454,13,Champions,2010-06-13 13:30:00,2011-11-13 11:30:00,1389,518,139.1805
17791,30,1,106.1,4,1,1,411,6,Promising,2011-11-10 12:09:00,2011-11-10 12:09:00,46,0,106.1
17792,468,2,370.05,1,2,2,122,5,Lost,2010-08-18 13:08:00,2010-08-29 14:30:00,151,11,185.025
17793,26,1,323.04,4,1,2,412,7,Promising,2011-11-14 14:24:00,2011-11-14 14:24:00,232,0,323.04
17794,687,2,147.3,1,2,1,121,4,Lost,2010-01-20 12:17:00,2010-01-22 10:18:00,46,2,73.65
17795,180,2,350.39,3,2,2,322,7,Need Attention,2011-03-20 12:02:00,2011-06-13 12:36:00,341,85,175.195
17796,41,7,1247.34,4,4,4,444,12,Champions,2010-10-14 13:37:00,2011-10-30 15:38:00,351,381,178.191428571
17797,23,8,1985.87,4,4,4,444,12,Champions,2009-12-15 14:30:00,2011-11-17 13:21:00,1090,702,248.23375
17798,582,1,177.19,1,1,1,111,3,Lost,2010-05-07 11:42:00,2010-05-07 11:42:00,140,0,177.19
17799,23,20,6341.89,4,5,5,455,14,Champions,2009-12-13 16:03:00,2011-11-17 15:16:00,3707,704,317.0945
17800,38,9,1198.01,4,5,3,453,12,Loyal Customers,2011-01-09 13:50:00,2011-11-02 12:57:00,735,297,133.112222222
17801,452,3,798.33,1,3,3,133,7,At Risk,2010-01-17 11:31:00,2010-09-14 14:32:00,838,240,266.11
17802,83,10,4952.92,3,5,5,355,13,Loyal Customers,2009-12-13 13:39:00,2011-09-18 14:56:00,2711,644,495.292
17803,393,1,184.66,2,1,1,211,4,Hibernating,2010-11-12 13:53:00,2010-11-12 13:53:00,98,0,184.66
17804,377,3,385.23,2,3,2,232,7,At Risk,2009-12-01 12:22:00,2010-11-28 14:01:00,195,362,128.41
17805,74,2,927.03,3,2,3,323,8,Promising,2010-04-08 14:36:00,2011-09-27 11:49:00,1126,537,463.515
17806,12,1,546.04,5,1,2,512,8,New Customers,2011-11-28 14:12:00,2011-11-28 14:12:00,727,0,546.04
17807,396,3,437.87,2,3,2,232,7,At Risk,2010-01-04 14:00:00,2010-11-09 16:21:00,262,309,145.956666667
17808,549,4,262.64,1,3,1,131,5,At Risk,2010-05-07 16:26:00,2010-06-09 10:44:00,143,33,65.66
17809,17,20,10085.89,5,5,5,555,15,Champions,2009-12-02 14:52:00,2011-11-23 12:59:00,2995,721,504.2945
17810,669,2,344.86,1,2,2,122,5,Lost,2010-01-25 10:26:00,2010-02-09 10:47:00,118,15,172.43
17811,5,47,9603.1,5,5,5,555,15,Champions,2010-09-20 11:24:00,2011-12-05 13:46:00,5326,441,204.321276596
17812,13,7,948.34,5,4,3,543,12,Loyal Customers,2010-06-27 13:34:00,2011-11-27 11:47:00,468,518,135.477142857
17813,15,5,1770.88,5,4,4,544,13,Champions,2011-09-29 15:57:00,2011-11-25 16:13:00,790,57,354.176
17814,376,2,1617.32,2,2,4,224,8,Hibernating,2010-10-13 14:03:00,2010-11-29 14:21:00,1440,47,808.66
17815,394,1,591.96,2,1,2,212,5,Hibernating,2010-11-11 14:39:00,2010-11-11 14:39:00,612,0,591.96
17816,37,6,96.11,4,4,1,441,9,Loyal Customers,2009-12-15 15:27:00,2011-11-03 11:34:00,80,688,16.0183333333
17817,5,6,807.85,5,4,3,543,12,Loyal Customers,2010-10-13 15:07:00,2011-12-05 14:39:00,365,418,134.641666667
17818,738,1,130.18,1,1,1,111,3,Lost,2009-12-02 11:34:00,2009-12-02 11:34:00,90,0,130.18
17819,72,12,6021.05,3,5,5,355,13,Loyal Customers,2009-12-13 15:24:00,2011-09-29 10:52:00,1610,655,501.754166667
17820,375,1,183.56,2,1,1,211,4,Hibernating,2010-11-30 17:43:00,2010-11-30 17:43:00,112,0,183.56
17821,407,1,334.62,2,1,2,212,5,Hibernating,2010-10-29 13:20:00,2010-10-29 13:20:00,162,0,334.62
17822,421,5,2179.65,1,4,4,144,9,At Risk,2010-05-28 12:15:00,2010-10-15 13:47:00,1386,140,435.93
17823,422,2,494.25,1,2,2,122,5,Lost,2010-10-14 16:14:00,2010-10-14 16:24:00,262,0,247.125
17824,52,1,298.4,4,1,2,412,7,Promising,2011-10-19 14:14:00,2011-10-19 14:14:00,408,0,298.4
17825,599,4,731.96,1,3,3,133,7,At Risk,2009-12-14 12:09:00,2010-04-20 12:01:00,540,127,182.99
17826,375,1,134.59,2,1,1,211,4,Hibernating,2010-11-30 13:23:00,2010-11-30 13:23:00,85,0,134.59
17827,6,6,2388.05,5,4,4,544,13,Champions,2010-03-28 12:20:00,2011-12-04 15:00:00,1592,616,398.008333333
17828,23,4,1165.09,4,3,3,433,10,Potential Loyalists,2011-06-08 08:31:00,2011-11-17 08:41:00,655,162,291.2725
17829,299,5,4756.74,2,4,5,245,11,At Risk,2010-02-22 15:39:00,2011-02-14 12:46:00,3009,357,951.348
17830,2,3,398.7,5,3,2,532,10,Potential Loyalists,2011-02-24 10:15:00,2011-12-08 12:28:00,92,287,132.9
17831,34,1,35.4,4,1,1,411,6,Promising,2011-11-06 15:09:00,2011-11-06 15:09:00,12,0,35.4
17832,50,1,155.37,4,1,1,411,6,Promising,2011-10-21 11:43:00,2011-10-21 11:43:00,208,0,155.37
17833,724,1,342.36,1,1,2,112,4,Lost,2009-12-16 13:40:00,2009-12-16 13:40:00,145,0,342.36
17834,415,2,730.47,1,2,3,123,6,Lost,2010-09-20 15:32:00,2010-10-21 12:09:00,687,31,365.235
17835,3,3,350.64,5,3,2,532,10,Potential Loyalists,2011-11-16 16:30:00,2011-12-07 11:48:00,348,21,116.88
17836,48,1,109.83,4,1,1,411,6,Promising,2011-10-23 16:13:00,2011-10-23 16:13:00,87,0,109.83
17837,43,8,1587.48,4,4,4,444,12,Champions,2011-06-29 16:44:00,2011-10-28 16:13:00,516,121,198.435
17838,27,13,5787.34,4,5,5,455,14,Champions,2010-03-19 09:53:00,2011-11-13 11:20:00,3599,604,445.18
17839,43,1,338.8,4,1,2,412,7,Promising,2011-10-28 17:27:00,2011-10-28 17:27:00,285,0,338.8
17840,444,1,185.72,1,1,1,111,3,Lost,2010-09-22 12:24:00,2010-09-22 12:24:00,138,0,185.72
17841,2,211,69317.21,5,5,5,555,15,Champions,2009-12-02 15:41:00,2011-12-08 12:07:00,36956,736,328.517582938
17842,603,1,430.69,1,1,2,112,4,Lost,2010-04-16 14:23:00,2010-04-16 14:23:00,89,0,430.69
17843,304,2,318.48,2,2,2,222,6,Hibernating,2010-10-24 10:56:00,2011-02-09 15:33:00,251,108,159.24
17844,107,1,51.56,3,1,1,311,5,Need Attention,2011-08-25 11:27:00,2011-08-25 11:27:00,52,0,51.56
17845,556,4,598.19,1,3,2,132,6,At Risk,2010-05-12 13:04:00,2010-06-02 15:20:00,196,21,149.5475
17847,516,2,125.74,1,2,1,121,4,Lost,2010-03-04 12:57:00,2010-07-12 10:00:00,28,130,62.87
17848,82,30,3619.75,3,5,5,355,13,Loyal Customers,2009-12-06 13:19:00,2011-09-19 16:49:00,1381,652,120.658333333
17849,219,8,1063.76,2,4,3,243,9,At Risk,2010-03-14 15:17:00,2011-05-05 13:46:00,224,417,132.97
17850,373,155,51208.87,2,5,5,255,12,At Risk,2009-12-05 12:28:00,2010-12-02 15:27:00,21052,362,330.379806452
17851,423,6,1563.34,1,4,4,144,9,At Risk,2009-12-03 17:46:00,2010-10-13 15:13:00,938,314,260.556666667
17852,12,5,663.21,5,4,3,543,12,Loyal Customers,2009-12-08 12:51:00,2011-11-28 12:36:00,376,720,132.642
17853,408,3,1608.19,2,3,4,234,9,At Risk,2009-12-03 15:09:00,2010-10-28 15:29:00,627,329,536.063333333
17854,186,6,1071.45,3,4,3,343,10,Loyal Customers,2009-12-08 11:13:00,2011-06-07 16:21:00,610,546,178.575
17855,373,1,208.97,2,1,1,211,4,Hibernating,2010-12-02 09:44:00,2010-12-02 09:44:00,197,0,208.97
17856,2,4,1418.03,5,3,4,534,12,Potential Loyalists,2011-03-03 11:40:00,2011-12-08 09:40:00,842,280,354.5075
17857,5,23,25769.54,5,5,5,555,15,Champions,2010-03-08 12:09:00,2011-12-05 13:13:00,15472,637,1120.41478261
17858,6,30,12546.4,5,5,5,555,15,Champions,2009-12-06 15:41:00,2011-12-04 11:56:00,5396,728,418.213333333
17859,305,1,148.21,2,1,1,211,4,Hibernating,2011-02-08 10:32:00,2011-02-08 10:32:00,127,0,148.21
17860,369,4,762.74,2,3,3,233,8,At Risk,2009-12-11 16:48:00,2010-12-06 12:41:00,713,360,190.685
17861,4,18,5127.69,5,5,5,555,15,Champions,2009-12-10 11:27:00,2011-12-06 16:21:00,4574,726,284.871666667
17862,324,4,1279.09,2,3,4,234,9,At Risk,2010-05-25 17:22:00,2011-01-20 12:23:00,443,240,319.7725
17863,60,12,5360.48,3,5,5,355,13,Loyal Customers,2010-02-25 12:01:00,2011-10-11 13:45:00,4676,593,446.706666667
17864,13,5,924.32,5,4,3,543,12,Loyal Customers,2010-10-08 11:49:00,2011-11-27 11:15:00,1121,415,184.864
17865,31,46,26372.29,4,5,5,455,14,Champions,2009-12-01 10:49:00,2011-11-09 12:08:00,12984,708,573.310652174
17866,143,3,1134.95,3,3,3,333,9,Promising,2009-12-14 16:01:00,2011-07-20 11:07:00,535,583,378.316666667
17867,31,14,1599.95,4,5,4,454,13,Champions,2009-12-02 13:39:00,2011-11-09 14:15:00,670,707,114.282142857
17868,387,1,234.65,2,1,1,211,4,Hibernating,2010-11-18 18:55:00,2010-11-18 18:55:00,91,0,234.65
17869,108,7,821.84,3,4,3,343,10,Loyal Customers,2010-06-10 13:47:00,2011-08-24 16:16:00,493,440,117.405714286
17870,3,13,2781.75,5,5,4,554,14,Champions,2010-11-23 11:39:00,2011-12-07 15:07:00,1749,379,213.980769231
17871,205,5,1118.99,2,4,3,243,9,At Risk,2010-01-15 14:48:00,2011-05-19 11:32:00,713,489,223.798
17872,382,1,235.87,2,1,1,211,4,Hibernating,2010-11-23 12:02:00,2010-11-23 12:02:00,176,0,235.87
17873,81,18,6171.35,3,5,5,355,13,Loyal Customers,2009-12-16 15:11:00,2011-09-20 16:41:00,4182,643,342.852777778
17874,186,6,683.46,3,4,3,343,10,Loyal Customers,2011-03-29 11:25:00,2011-06-07 12:54:00,221,70,113.91
17875,689,1,167.1,1,1,1,111,3,Lost,2010-01-20 15:30:00,2010-01-20 15:30:00,98,0,167.1
17876,400,3,3424.02,2,3,5,235,10,At Risk,2010-02-02 13:00:00,2010-11-05 10:52:00,1958,276,1141.34
17877,171,1,237.61,3,1,1,311,5,Need Attention,2011-06-22 13:00:00,2011-06-22 13:00:00,98,0,237.61
17878,44,3,1412.33,4,3,4,434,11,Potential Loyalists,2010-11-09 13:50:00,2011-10-27 11:24:00,1038,352,470.776666667
17879,174,1,178.52,3,1,1,311,5,Need Attention,2011-06-19 12:36:00,2011-06-19 12:36:00,45,0,178.52
17880,365,3,824.92,2,3,3,233,8,At Risk,2009-12-09 16:13:00,2010-12-10 10:21:00,466,366,274.973333333
17881,305,1,133.35,2,1,1,211,4,Hibernating,2011-02-08 17:16:00,2011-02-08 17:16:00,32,0,133.35
17882,380,2,313.46,2,2,2,222,6,Hibernating,2010-11-25 14:35:00,2010-11-25 14:40:00,134,0,156.73
17883,4,7,995.85,5,4,3,543,12,Loyal Customers,2010-02-25 20:07:00,2011-12-06 17:49:00,481,649,142.264285714
17884,4,20,2743.27,5,5,4,554,14,Champions,2009-12-04 16:23:00,2011-12-06 11:33:00,2851,732,137.1635
17885,13,1,190.19,5,1,1,511,7,New Customers,2011-11-27 14:40:00,2011-11-27 14:40:00,167,0,190.19
17886,32,6,1608.38,4,4,4,444,12,Champions,2010-04-29 11:10:00,2011-11-08 10:09:00,725,558,268.063333333
17887,130,1,111.35,3,1,1,311,5,Need Attention,2011-08-02 17:29:00,2011-08-02 17:29:00,30,0,111.35
17888,22,25,1820.44,4,5,4,454,13,Champions,2009-12-21 16:34:00,2011-11-18 13:45:00,1544,697,72.8176
17889,213,7,774.87,2,4,3,243,9,At Risk,2010-03-31 10:54:00,2011-05-11 16:26:00,417,406,110.695714286
17890,323,2,602.09,2,2,2,222,6,Hibernating,2010-12-13 15:12:00,2011-01-21 11:19:00,416,39,301.045
17891,163,1,203.86,3,1,1,311,5,Need Attention,2011-06-30 20:08:00,2011-06-30 20:08:00,393,0,203.86
17892,57,3,244.1,4,3,1,431,8,Potential Loyalists,2011-07-07 12:56:00,2011-10-14 16:49:00,109,99,81.3666666667
17893,226,1,112.25,2,1,1,211,4,Hibernating,2011-04-28 13:50:00,2011-04-28 13:50:00,161,0,112.25
17894,72,18,2346.19,3,5,4,354,12,Loyal Customers,2010-08-27 14:13:00,2011-09-29 09:23:00,979,398,130.343888889
17895,45,1,98,4,1,1,411,6,Promising,2011-10-26 17:00:00,2011-10-26 17:00:00,130,0,98
17896,24,1,256.32,4,1,1,411,6,Promising,2011-11-16 13:59:00,2011-11-16 13:59:00,288,0,256.32
17897,173,9,2103.53,3,5,4,354,12,Loyal Customers,2010-05-12 16:03:00,2011-06-20 11:23:00,879,404,233.725555556
17898,86,4,299.18,3,3,2,332,8,Need Attention,2010-05-21 17:22:00,2011-09-15 14:56:00,251,482,74.795
17899,160,1,155.8,3,1,1,311,5,Need Attention,2011-07-03 14:58:00,2011-07-03 14:58:00,171,0,155.8
17900,191,2,112.2,2,2,1,221,5,Hibernating,2011-06-02 14:28:00,2011-06-02 14:38:00,73,0,56.1
17901,30,3,260.08,4,3,1,431,8,Potential Loyalists,2010-07-06 10:54:00,2011-11-10 17:29:00,38,492,86.6933333333
17902,547,1,216.4,1,1,1,111,3,Lost,2010-06-11 12:25:00,2010-06-11 12:25:00,526,0,216.4
17903,395,1,381.09,2,1,2,212,5,Hibernating,2010-11-10 15:39:00,2010-11-10 15:39:00,142,0,381.09
17904,22,1,191.67,4,1,1,411,6,Promising,2011-11-18 12:57:00,2011-11-18 12:57:00,63,0,191.67
17905,72,13,2171.27,3,5,4,354,12,Loyal Customers,2010-01-28 17:54:00,2011-09-29 17:33:00,1276,609,167.020769231
17906,248,1,72.9,2,1,1,211,4,Hibernating,2011-04-06 17:25:00,2011-04-06 17:25:00,26,0,72.9
17907,641,1,291.76,1,1,2,112,4,Lost,2010-03-09 12:33:00,2010-03-09 12:33:00,1046,0,291.76
17908,374,5,1168.26,2,4,3,243,9,At Risk,2009-12-14 12:24:00,2010-12-01 11:45:00,683,352,233.652
17909,738,1,132.55,1,1,1,111,3,Lost,2009-12-02 13:10:00,2009-12-02 13:10:00,41,0,132.55
17910,727,1,261.7,1,1,1,111,3,Lost,2009-12-13 16:04:00,2009-12-13 16:04:00,121,0,261.7
17911,10,1,366.23,5,1,2,512,8,New Customers,2011-11-30 14:52:00,2011-11-30 14:52:00,223,0,366.23
17912,311,6,372.55,2,4,2,242,8,At Risk,2010-11-29 13:53:00,2011-02-02 14:25:00,211,65,62.0916666667
17913,59,14,3475.44,4,5,5,455,14,Champions,2009-12-03 13:02:00,2011-10-12 10:45:00,1735,678,248.245714286
17914,4,1,336.43,5,1,2,512,8,New Customers,2011-12-06 11:58:00,2011-12-06 11:58:00,473,0,336.43
17915,552,1,242.13,1,1,1,111,3,Lost,2010-06-06 13:22:00,2010-06-06 13:22:00,191,0,242.13
17916,629,2,43.87,1,2,1,121,4,Lost,2009-12-06 14:10:00,2010-03-21 12:26:00,90,105,21.935
17917,46,3,341.28,4,3,2,432,9,Potential Loyalists,2010-12-12 12:08:00,2011-10-25 13:20:00,187,317,113.76
17918,501,3,388.44,1,3,2,132,6,At Risk,2010-07-22 14:20:00,2010-07-27 11:51:00,351,5,129.48
17919,89,2,1840.32,3,2,4,324,9,Promising,2010-09-27 10:40:00,2011-09-12 13:41:00,1452,350,920.16
17920,5,54,23768.65,5,5,5,555,15,Champions,2009-12-06 10:37:00,2011-12-05 14:29:00,12362,729,440.160185185
17921,65,10,2423.5,3,5,4,354,12,Loyal Customers,2010-07-15 20:05:00,2011-10-06 18:56:00,1002,448,242.35
17922,544,1,170.4,1,1,1,111,3,Lost,2010-06-14 16:32:00,2010-06-14 16:32:00,49,0,170.4
17923,283,3,497,2,3,2,232,7,At Risk,2010-06-13 13:58:00,2011-03-02 15:15:00,140,262,165.666666667
17924,12,8,3257.7,5,4,5,545,14,Champions,2010-10-21 12:17:00,2011-11-28 09:11:00,1208,403,407.2125
17925,373,1,244.08,2,1,1,211,4,Hibernating,2010-12-02 10:10:00,2010-12-02 10:10:00,72,0,244.08
17926,134,5,1035.49,3,4,3,343,10,Loyal Customers,2010-05-09 14:07:00,2011-07-29 14:39:00,572,446,207.098
17927,722,1,294,1,1,2,112,4,Lost,2009-12-18 11:03:00,2009-12-18 11:03:00,108,0,294
17928,46,3,313.16,4,3,2,432,9,Potential Loyalists,2010-05-17 15:30:00,2011-10-25 13:52:00,150,526,104.386666667
17929,12,12,3082.1,5,5,5,555,15,Champions,2009-12-09 11:40:00,2011-11-28 16:01:00,434,719,256.841666667
17930,36,13,4275.22,4,5,5,455,14,Champions,2010-03-04 10:41:00,2011-11-04 10:23:00,3795,610,328.863076923
17931,135,14,3437.29,3,5,5,355,13,Loyal Customers,2010-02-16 15:47:00,2011-07-28 18:33:00,1937,527,245.520714286
17932,30,3,1331.57,4,3,4,434,11,Potential Loyalists,2011-05-12 13:58:00,2011-11-10 19:49:00,789,182,443.856666667
17933,633,1,105.99,1,1,1,111,3,Lost,2010-03-17 15:11:00,2010-03-17 15:11:00,57,0,105.99
17934,52,3,1049.15,4,3,3,433,10,Potential Loyalists,2010-10-29 12:23:00,2011-10-19 11:16:00,628,355,349.716666667
17935,139,7,683.24,3,4,3,343,10,Loyal Customers,2009-12-04 14:33:00,2011-07-24 13:18:00,243,597,97.6057142857
17936,6,1,389.84,5,1,2,512,8,New Customers,2011-12-04 13:32:00,2011-12-04 13:32:00,262,0,389.84
17937,9,7,4301.22,5,4,5,545,14,Champions,2010-12-12 14:43:00,2011-12-01 11:45:00,1754,354,614.46
17938,421,1,144.29,1,1,1,111,3,Lost,2010-10-15 14:27:00,2010-10-15 14:27:00,53,0,144.29
17939,160,1,99.14,3,1,1,311,5,Need Attention,2011-07-03 12:27:00,2011-07-03 12:27:00,40,0,99.14
17940,50,14,28475.98,4,5,5,455,14,Champions,2009-12-03 12:31:00,2011-10-21 13:27:00,85578,687,2033.99857143
17941,131,4,1433.28,3,3,4,334,10,Promising,2010-01-06 15:37:00,2011-08-01 08:30:00,1108,572,358.32
17942,8,1,77.5,5,1,1,511,7,New Customers,2011-12-02 10:45:00,2011-12-02 10:45:00,38,0,77.5
17944,424,1,75.41,1,1,1,111,3,Lost,2010-10-12 16:25:00,2010-10-12 16:25:00,85,0,75.41
17945,697,3,359.5,1,3,2,132,6,At Risk,2010-01-12 11:33:00,2010-01-12 11:40:00,243,0,119.833333333
17946,234,2,149.58,2,2,1,221,5,Hibernating,2011-03-25 14:34:00,2011-04-20 17:00:00,75,26,74.79
17947,38,1,176.68,4,1,1,411,6,Promising,2011-11-02 13:05:00,2011-11-02 13:05:00,168,0,176.68
17948,148,1,358.56,3,1,2,312,6,Need Attention,2011-07-15 12:58:00,2011-07-15 12:58:00,144,0,358.56
17949,2,116,107833.48,5,5,5,555,15,Champions,2009-12-02 11:07:00,2011-12-08 18:46:00,60440,736,929.598965517
17950,73,7,1169.64,3,4,3,343,10,Loyal Customers,2010-01-04 17:39:00,2011-09-28 15:18:00,661,632,167.091428571
17951,40,4,1340.58,4,3,4,434,11,Potential Loyalists,2010-10-31 15:15:00,2011-10-31 12:30:00,780,365,335.145
17952,379,4,819.61,2,3,3,233,8,At Risk,2010-06-16 11:54:00,2010-11-26 13:54:00,504,163,204.9025
17953,541,1,150.32,1,1,1,111,3,Lost,2010-06-17 15:08:00,2010-06-17 15:08:00,74,0,150.32
17954,6,19,3834.82,5,5,5,555,15,Champions,2009-12-09 13:22:00,2011-12-04 14:15:00,3200,725,201.832631579
17955,199,6,949.9,2,4,3,243,9,At Risk,2010-02-12 16:27:00,2011-05-25 12:00:00,681,467,158.316666667
17956,250,1,12.75,2,1,1,211,4,Hibernating,2011-04-04 13:47:00,2011-04-04 13:47:00,1,0,12.75
17957,67,1,110.72,3,1,1,311,5,Need Attention,2011-10-04 14:58:00,2011-10-04 14:58:00,275,0,110.72
17958,117,2,973.88,3,2,3,323,8,Promising,2009-12-11 15:37:00,2011-08-15 12:19:00,284,612,486.94
17959,593,1,140.75,1,1,1,111,3,Lost,2010-04-26 14:12:00,2010-04-26 14:12:00,49,0,140.75
17960,172,3,135.08,3,3,1,331,7,Need Attention,2010-03-08 12:22:00,2011-06-21 14:15:00,60,470,45.0266666667
17961,22,100,2867.99,4,5,4,454,13,Champions,2009-12-01 14:48:00,2011-11-18 16:55:00,1492,717,28.6799
17962,143,4,686.37,3,3,3,333,9,Promising,2010-01-13 15:24:00,2011-07-20 14:16:00,650,553,171.5925
17963,472,4,651.51,1,3,3,133,7,At Risk,2010-01-19 17:25:00,2010-08-25 15:58:00,344,218,162.8775
17964,32,2,471.7,4,2,2,422,8,Potential Loyalists,2010-12-02 13:32:00,2011-11-08 10:44:00,301,341,235.85
17965,38,29,7080.43,4,5,5,455,14,Champions,2009-12-14 13:19:00,2011-11-02 09:31:00,4460,688,244.152758621
17966,38,10,1974.42,4,5,4,454,13,Champions,2010-01-18 13:24:00,2011-11-02 10:26:00,3943,653,197.442
17967,372,2,234.22,2,2,1,221,5,Hibernating,2010-10-19 13:19:00,2010-12-03 11:19:00,118,45,117.11
17968,374,4,610.69,2,3,3,233,8,At Risk,2010-07-15 15:01:00,2010-12-01 12:23:00,365,139,152.6725
17969,167,20,2369.94,3,5,4,354,12,Loyal Customers,2009-12-06 13:53:00,2011-06-26 13:00:00,1017,567,118.497
17970,212,1,582.59,2,1,2,212,5,Hibernating,2011-05-12 20:03:00,2011-05-12 20:03:00,525,0,582.59
17971,549,1,161.94,1,1,1,111,3,Lost,2010-06-09 14:04:00,2010-06-09 14:04:00,62,0,161.94
17972,242,1,136.04,2,1,1,211,4,Hibernating,2011-04-12 12:16:00,2011-04-12 12:16:00,37,0,136.04
17973,52,1,337.04,4,1,2,412,7,Promising,2011-10-19 10:34:00,2011-10-19 10:34:00,176,0,337.04
17974,25,6,1858.06,4,4,4,444,12,Champions,2010-10-28 20:03:00,2011-11-15 11:37:00,1243,383,309.676666667
17975,16,24,6711.43,5,5,5,555,15,Champions,2010-08-06 11:24:00,2011-11-24 13:27:00,2183,475,279.642916667
17976,373,1,353.19,2,1,2,212,5,Hibernating,2010-12-02 13:49:00,2010-12-02 13:49:00,106,0,353.19
17977,30,2,1565.63,4,2,4,424,10,Potential Loyalists,2010-11-04 14:26:00,2011-11-10 13:28:00,2062,371,782.815
17978,366,4,1160.84,2,3,3,233,8,At Risk,2009-12-08 13:27:00,2010-12-09 14:05:00,1298,366,290.21
17979,36,4,754.31,4,3,3,433,10,Potential Loyalists,2011-03-25 11:34:00,2011-11-04 12:05:00,393,224,188.5775
17980,166,4,1033.42,3,3,3,333,9,Promising,2010-11-11 14:42:00,2011-06-27 12:01:00,782,228,258.355
17981,411,1,239.12,1,1,1,111,3,Lost,2010-10-25 10:40:00,2010-10-25 10:40:00,260,0,239.12
17982,681,1,138.18,1,1,1,111,3,Lost,2010-01-28 09:38:00,2010-01-28 09:38:00,117,0,138.18
17983,396,1,171.71,2,1,1,211,4,Hibernating,2010-11-09 13:23:00,2010-11-09 13:24:00,108,0,171.71
17984,146,5,1187.77,3,4,3,343,10,Loyal Customers,2009-12-01 11:51:00,2011-07-17 15:59:00,972,593,237.554
17985,23,1,634.95,4,1,3,413,8,Promising,2011-11-17 14:24:00,2011-11-17 14:24:00,183,0,634.95
17986,57,1,20.8,4,1,1,411,6,Promising,2011-10-14 14:22:00,2011-10-14 14:22:00,10,0,20.8
17987,186,5,1003.64,3,4,3,343,10,Loyal Customers,2010-06-07 11:23:00,2011-06-07 14:22:00,1015,365,200.728
17988,12,13,485.69,5,5,2,552,12,Loyal Customers,2009-12-07 13:35:00,2011-11-28 11:00:00,179,721,37.3607692308
17989,380,1,228.83,2,1,1,211,4,Hibernating,2010-11-25 13:49:00,2010-11-25 13:49:00,329,0,228.83
17990,237,6,1527.61,2,4,4,244,10,At Risk,2009-12-07 15:19:00,2011-04-17 11:44:00,777,496,254.601666667
17991,226,3,318.9,2,3,2,232,7,At Risk,2010-04-27 12:46:00,2011-04-28 15:58:00,99,366,106.3
17992,390,1,254.13,2,1,1,211,4,Hibernating,2010-11-15 13:04:00,2010-11-15 13:04:00,131,0,254.13
17993,618,1,235.19,1,1,1,111,3,Lost,2010-04-01 14:23:00,2010-04-01 14:23:00,112,0,235.19
17994,122,11,2307.32,3,5,4,354,12,Loyal Customers,2010-03-29 10:37:00,2011-08-10 11:41:00,2191,499,209.756363636
17995,282,3,495.48,2,3,2,232,7,At Risk,2010-11-17 17:01:00,2011-03-03 12:30:00,263,106,165.16
17996,380,3,469.73,2,3,2,232,7,At Risk,2010-06-11 11:48:00,2010-11-25 11:00:00,527,167,156.576666667
17997,75,8,1970.67,3,4,4,344,11,Loyal Customers,2011-06-28 17:28:00,2011-09-26 16:13:00,2298,90,246.33375
17998,381,3,639.24,2,3,3,233,8,At Risk,2009-12-01 13:07:00,2010-11-24 15:31:00,561,358,213.08
17999,38,3,540.56,4,3,2,432,9,Potential Loyalists,2010-11-26 13:16:00,2011-11-02 15:56:00,301,341,180.186666667
18000,565,1,124.25,1,1,1,111,3,Lost,2010-05-24 17:34:00,2010-05-24 17:34:00,109,0,124.25
18001,13,6,953.84,5,4,3,543,12,Loyal Customers,2009-12-02 15:38:00,2011-11-27 16:02:00,893,725,158.973333333
18002,376,4,243.17,2,3,1,231,6,At Risk,2009-12-08 11:07:00,2010-11-29 10:57:00,71,356,60.7925
18003,377,1,358.61,2,1,2,212,5,Hibernating,2010-11-28 15:09:00,2010-11-28 15:09:00,299,0,358.61
18004,363,1,169.47,2,1,1,211,4,Hibernating,2010-12-12 13:47:00,2010-12-12 13:47:00,78,0,169.47
18005,4,2,249.72,5,2,1,521,8,Potential Loyalists,2011-10-23 14:40:00,2011-12-06 11:51:00,93,44,124.86
18006,24,4,997.86,4,3,3,433,10,Potential Loyalists,2009-12-17 12:27:00,2011-11-16 16:52:00,403,699,249.465
18007,393,1,220.32,2,1,1,211,4,Hibernating,2010-11-12 11:08:00,2010-11-12 11:08:00,252,0,220.32
18008,71,23,19787.13,3,5,5,355,13,Loyal Customers,2010-01-06 12:35:00,2011-09-30 15:17:00,7830,632,860.31
18009,236,8,2155.83,2,4,4,244,10,At Risk,2010-02-25 11:49:00,2011-04-18 13:36:00,653,417,269.47875
18010,257,1,174.8,2,1,1,211,4,Hibernating,2011-03-28 12:27:00,2011-03-28 12:27:00,60,0,174.8
18011,374,2,424.24,2,2,2,222,6,Hibernating,2010-05-21 13:28:00,2010-12-01 17:35:00,127,194,212.12
18012,724,1,115.3,1,1,1,111,3,Lost,2009-12-16 13:16:00,2009-12-16 13:16:00,63,0,115.3
18013,156,2,187.29,3,2,1,321,6,Need Attention,2011-07-07 14:08:00,2011-07-07 14:11:00,285,0,93.645
18014,29,1,158.47,4,1,1,411,6,Promising,2011-11-11 15:28:00,2011-11-11 15:28:00,67,0,158.47
18015,5,1,120.03,5,1,1,511,7,New Customers,2011-12-05 14:49:00,2011-12-05 14:49:00,157,0,120.03
18016,33,7,1960.46,4,4,4,444,12,Champions,2010-01-27 16:00:00,2011-11-07 13:25:00,1209,649,280.065714286
18017,82,4,688,3,3,3,333,9,Promising,2010-10-04 15:11:00,2011-09-19 16:15:00,400,350,172
18018,109,4,297.99,3,3,2,332,8,Need Attention,2010-10-15 11:05:00,2011-08-23 17:37:00,186,312,74.4975
18019,52,1,38.45,4,1,1,411,6,Promising,2011-10-19 12:10:00,2011-10-19 12:10:00,7,0,38.45
18020,544,1,190.48,1,1,1,111,3,Lost,2010-06-14 12:31:00,2010-06-14 12:31:00,67,0,190.48
18021,510,2,227.06,1,2,1,121,4,Lost,2010-07-15 18:47:00,2010-07-18 10:52:00,169,3,113.53
18022,36,5,1651.16,4,4,4,444,12,Champions,2010-06-11 13:59:00,2011-11-04 12:45:00,1387,511,330.232
18024,153,2,389.78,3,2,2,322,7,Need Attention,2011-07-10 12:28:00,2011-07-10 12:40:00,184,0,194.89
18025,380,6,1177.72,2,4,3,243,9,At Risk,2010-03-30 17:33:00,2010-11-25 12:37:00,1053,240,196.286666667
18026,501,2,2074.07,1,2,4,124,7,Lost,2010-07-22 16:21:00,2010-07-27 10:37:00,530,5,1037.035
18027,99,1,115.31,3,1,1,311,5,Need Attention,2011-09-02 10:38:00,2011-09-02 10:38:00,78,0,115.31
18028,584,1,192.05,1,1,1,111,3,Lost,2010-05-05 13:28:00,2010-05-05 13:28:00,133,0,192.05
18029,643,1,433.77,1,1,2,112,4,Lost,2010-03-07 15:30:00,2010-03-07 15:30:00,253,0,433.77
18030,5,2,230.65,5,2,1,521,8,Potential Loyalists,2011-10-28 13:55:00,2011-12-05 16:37:00,67,38,115.325
18031,379,1,462.1,2,1,2,212,5,Hibernating,2010-11-26 11:00:00,2010-11-26 11:00:00,300,0,462.1
18032,335,1,73.5,2,1,1,211,4,Hibernating,2011-01-09 15:32:00,2011-01-09 15:32:00,42,0,73.5
18033,66,1,97.97,3,1,1,311,5,Need Attention,2011-10-05 17:28:00,2011-10-05 17:28:00,253,0,97.97
18034,22,3,792.85,4,3,3,433,10,Potential Loyalists,2010-11-29 12:36:00,2011-11-18 12:22:00,991,354,264.283333333
18035,36,5,1276.74,4,4,4,444,12,Champions,2010-11-19 13:42:00,2011-11-04 12:39:00,1161,350,255.348
18036,33,11,1563.64,4,5,4,454,13,Champions,2009-12-18 12:04:00,2011-11-07 14:40:00,748,689,142.149090909
18037,155,15,167.42,3,5,1,351,9,Loyal Customers,2009-12-01 13:48:00,2011-07-08 13:39:00,37,584,11.1613333333
18038,557,1,149.41,1,1,1,111,3,Lost,2010-06-01 15:59:00,2010-06-01 15:59:00,85,0,149.41
18039,375,4,579.17,2,3,2,232,7,At Risk,2010-03-09 11:19:00,2010-11-30 13:07:00,570,266,144.7925
18040,20,2,357.2,5,2,2,522,9,Potential Loyalists,2011-04-08 08:27:00,2011-11-20 14:20:00,148,226,178.6
18041,12,38,8118.09,5,5,5,555,15,Champions,2010-01-14 10:04:00,2011-11-28 11:39:00,7381,683,213.633947368
18042,54,2,281.15,4,2,1,421,7,Potential Loyalists,2010-06-16 10:53:00,2011-10-17 11:49:00,69,488,140.575
18043,25,3,559.51,4,3,2,432,9,Potential Loyalists,2010-12-08 12:35:00,2011-11-15 12:48:00,282,342,186.503333333
18044,5,18,3505.61,5,5,5,555,15,Champions,2010-05-28 15:31:00,2011-12-05 14:26:00,1598,556,194.756111111
18045,46,1,189.4,4,1,1,411,6,Promising,2011-10-25 13:07:00,2011-10-25 13:07:00,142,0,189.4
18046,650,1,189.63,1,1,1,111,3,Lost,2010-02-28 11:36:00,2010-02-28 11:36:00,44,0,189.63
18047,382,2,342.69,2,2,2,222,6,Hibernating,2010-11-23 12:57:00,2010-11-23 13:11:00,138,0,171.345
18048,204,3,401.73,2,3,2,232,7,At Risk,2010-08-03 13:03:00,2011-05-20 14:58:00,258,290,133.91
18049,438,2,556.1,1,2,2,122,5,Lost,2010-04-28 13:24:00,2010-09-28 14:26:00,423,153,278.05
18050,360,2,412.06,2,2,2,222,6,Hibernating,2010-11-11 15:51:00,2010-12-15 14:25:00,250,34,206.03
18051,635,7,2282.28,1,4,4,144,9,At Risk,2009-12-09 12:17:00,2010-03-15 13:58:00,1661,96,326.04
18052,565,1,10877.18,1,1,5,115,7,Lost,2010-05-24 11:11:00,2010-05-24 11:11:00,17766,0,10877.18
18053,71,3,571.07,3,3,2,332,8,Need Attention,2010-06-30 12:36:00,2011-09-30 09:05:00,409,457,190.356666667
18054,393,1,176.5,2,1,1,211,4,Hibernating,2010-11-12 08:18:00,2010-11-12 08:18:00,96,0,176.5
18055,8,14,10195.09,5,5,5,555,15,Champions,2010-10-22 13:27:00,2011-12-02 14:25:00,3545,406,728.220714286
18056,289,2,554.6,2,2,2,222,6,Hibernating,2010-03-31 12:29:00,2011-02-24 14:27:00,334,330,277.3
18057,394,3,1182.39,2,3,3,233,8,At Risk,2010-01-18 12:42:00,2010-11-11 16:55:00,937,297,394.13
18058,10,3,774.06,5,3,3,533,11,Potential Loyalists,2010-02-10 09:38:00,2011-11-30 08:38:00,394,658,258.02
18059,24,3,306.46,4,3,2,432,9,Potential Loyalists,2011-10-03 09:30:00,2011-11-16 16:49:00,258,44,102.153333333
18060,409,2,1185.46,2,2,3,223,7,Hibernating,2010-05-24 08:34:00,2010-10-27 16:41:00,902,156,592.73
18061,22,28,6083.81,4,5,5,455,14,Champions,2009-12-04 11:36:00,2011-11-18 11:20:00,3359,714,217.278928571
18062,174,6,1632.67,3,4,4,344,11,Loyal Customers,2010-04-21 08:55:00,2011-06-19 14:47:00,831,424,272.111666667
18063,391,2,186.6,2,2,1,221,5,Hibernating,2010-03-16 13:05:00,2010-11-14 10:46:00,48,243,93.3
18064,134,11,4495.03,3,5,5,355,13,Loyal Customers,2010-02-01 15:01:00,2011-07-29 16:39:00,2709,543,408.639090909
18065,6,28,5846.63,5,5,5,555,15,Champions,2009-12-09 16:00:00,2011-12-04 10:30:00,2264,725,208.808214286
18066,76,3,1440.4,3,3,4,334,10,Promising,2010-10-20 11:42:00,2011-09-25 15:30:00,535,340,480.133333333
18067,41,1,396.33,4,1,2,412,7,Promising,2011-10-30 15:58:00,2011-10-30 15:58:00,189,0,396.33
18068,290,1,101.7,2,1,1,211,4,Hibernating,2011-02-23 14:50:00,2011-02-23 14:50:00,6,0,101.7
18069,27,11,4524.66,4,5,5,455,14,Champions,2010-02-28 16:14:00,2011-11-13 16:03:00,3225,623,411.332727273
18070,670,1,314.1,1,1,2,112,4,Lost,2010-02-08 13:28:00,2010-02-08 13:28:00,86,0,314.1
18071,258,6,1169.68,2,4,3,243,9,At Risk,2009-12-05 10:31:00,2011-03-27 11:59:00,678,477,194.946666667
18072,186,1,247.44,3,1,1,311,5,Need Attention,2011-06-07 10:44:00,2011-06-07 10:44:00,288,0,247.44
18073,115,12,3877.52,3,5,5,355,13,Loyal Customers,2011-05-26 19:38:00,2011-08-17 14:02:00,3108,83,323.126666667
18074,374,2,1019.44,2,2,3,223,7,Hibernating,2010-07-22 10:31:00,2010-12-01 09:53:00,361,132,509.72
18075,24,20,5783.29,4,5,5,455,14,Champions,2010-07-29 11:47:00,2011-11-16 15:21:00,3281,475,289.1645
18076,381,1,151.49,2,1,1,211,4,Hibernating,2010-11-24 14:02:00,2010-11-24 14:02:00,164,0,151.49
18077,9,18,4133.69,5,5,5,555,15,Champions,2009-12-07 11:40:00,2011-12-01 13:32:00,3062,724,229.649444444
18078,218,4,844.6,2,3,3,233,8,At Risk,2010-03-21 15:50:00,2011-05-06 14:32:00,431,411,211.15
18079,46,5,4242.75,4,4,5,445,13,Champions,2010-08-05 12:19:00,2011-10-25 15:27:00,8815,446,848.55
18080,19,2,1231.5,5,2,4,524,11,Potential Loyalists,2011-04-11 10:10:00,2011-11-21 08:02:00,642,224,615.75
18081,37,3,343.45,4,3,2,432,9,Potential Loyalists,2011-07-29 11:56:00,2011-11-03 16:30:00,195,97,114.483333333
18082,26,1,703.37,4,1,3,413,8,Promising,2011-11-14 12:45:00,2011-11-14 12:45:00,621,0,703.37
18083,398,1,470.73,2,1,2,212,5,Hibernating,2010-11-07 11:44:00,2010-11-07 11:44:00,270,0,470.73
18084,17,3,812.93,5,3,3,533,11,Potential Loyalists,2010-11-16 08:09:00,2011-11-23 13:57:00,761,372,270.976666667
18085,331,4,1341.85,2,3,4,234,9,At Risk,2010-03-21 11:57:00,2011-01-13 15:17:00,507,298,335.4625
18086,275,1,101.34,2,1,1,211,4,Hibernating,2011-03-10 13:34:00,2011-03-10 13:34:00,106,0,101.34
18087,291,16,13908.72,2,5,5,255,12,At Risk,2009-12-01 09:43:00,2011-02-22 10:43:00,7774,448,869.295
18088,62,1,167.67,3,1,1,311,5,Need Attention,2011-10-09 13:41:00,2011-10-09 13:41:00,109,0,167.67
18089,447,1,428.45,1,1,2,112,4,Lost,2010-09-19 11:57:00,2010-09-19 11:57:00,95,0,428.45
18090,422,1,349.4,1,1,2,112,4,Lost,2010-10-14 12:32:00,2010-10-14 12:32:00,321,0,349.4
18091,594,1,360.85,1,1,2,112,4,Lost,2010-04-25 13:18:00,2010-04-25 13:18:00,539,0,360.85
18092,3,18,14693.72,5,5,5,555,15,Champions,2009-12-04 12:37:00,2011-12-07 13:14:00,8298,733,816.317777778
18093,94,8,4452.71,3,4,5,345,12,Loyal Customers,2010-03-31 10:27:00,2011-09-07 15:43:00,3429,525,556.58875
18094,82,13,6391.52,3,5,5,355,13,Loyal Customers,2010-01-07 11:16:00,2011-09-19 09:28:00,4164,620,491.655384615
18095,313,5,2303.09,2,4,4,244,10,At Risk,2010-04-19 14:09:00,2011-01-31 12:50:00,1623,287,460.618
18096,12,6,1785.57,5,4,4,544,13,Champions,2010-07-14 14:30:00,2011-11-28 12:44:00,1454,502,297.595
18097,8,11,4663.32,5,5,5,555,15,Champions,2009-12-17 11:06:00,2011-12-02 11:16:00,2740,715,423.938181818
18098,397,1,550.84,2,1,2,212,5,Hibernating,2010-11-08 16:31:00,2010-11-08 16:31:00,217,0,550.84
18099,128,1,168.31,3,1,1,311,5,Need Attention,2011-08-04 15:52:00,2011-08-04 15:52:00,149,0,168.31
18100,551,1,451.56,1,1,2,112,4,Lost,2010-06-07 14:19:00,2010-06-07 14:19:00,440,0,451.56
18101,12,5,629.16,5,4,3,543,12,Loyal Customers,2010-02-03 13:52:00,2011-11-28 13:37:00,250,663,125.832
18102,1,145,580987.04,5,5,5,555,15,Champions,2009-12-01 09:24:00,2011-12-09 11:50:00,181645,738,4006.80717241
18103,550,1,105.8,1,1,1,111,3,Lost,2010-06-08 13:36:00,2010-06-08 13:36:00,23,0,105.8
18104,38,1,754.64,4,1,3,413,8,Promising,2011-11-02 14:07:00,2011-11-02 14:07:00,362,0,754.64
18105,38,1,113.48,4,1,1,411,6,Promising,2011-11-02 12:04:00,2011-11-02 12:04:00,46,0,113.48
18106,330,6,1461.46,2,4,4,244,10,At Risk,2010-01-15 11:36:00,2011-01-14 12:23:00,512,364,243.576666667
18107,443,1,167.13,1,1,1,111,3,Lost,2010-09-23 13:03:00,2010-09-23 13:03:00,66,0,167.13
18108,255,3,848.81,2,3,3,233,8,At Risk,2009-12-02 12:47:00,2011-03-30 13:56:00,261,483,282.936666667
18109,2,38,9616.51,5,5,5,555,15,Champions,2010-07-01 12:13:00,2011-12-08 11:36:00,4830,525,253.066052632
18110,20,2,435.43,5,2,2,522,9,Potential Loyalists,2010-10-24 14:21:00,2011-11-20 12:34:00,186,392,217.715
18111,590,1,405.85,1,1,2,112,4,Lost,2010-04-29 12:58:00,2010-04-29 12:58:00,232,0,405.85
18112,13,4,775.96,5,3,3,533,11,Potential Loyalists,2010-06-06 12:40:00,2011-11-27 14:43:00,447,539,193.99
18113,369,1,76.32,2,1,1,211,4,Hibernating,2010-12-06 12:31:00,2010-12-06 12:31:00,72,0,76.32
18114,291,1,220.1,2,1,1,211,4,Hibernating,2011-02-22 13:20:00,2011-02-22 13:20:00,55,0,220.1
18115,698,1,9.7,1,1,1,111,3,Lost,2010-01-11 11:57:00,2010-01-11 11:57:00,3,0,9.7
18116,68,13,2150.7,3,5,4,354,12,Loyal Customers,2010-10-24 15:29:00,2011-10-03 11:00:00,1263,344,165.438461538
18117,26,1,319.47,4,1,2,412,7,Promising,2011-11-14 12:47:00,2011-11-14 12:47:00,617,0,319.47
18118,11,29,6254.96,5,5,5,555,15,Champions,2010-11-23 13:36:00,2011-11-29 11:32:00,3193,371,215.688275862
18119,368,1,181.12,2,1,1,211,4,Hibernating,2010-12-07 11:59:00,2010-12-07 11:59:00,125,0,181.12
18120,215,1,111.15,2,1,1,211,4,Hibernating,2011-05-09 13:45:00,2011-05-09 13:45:00,31,0,111.15
18121,150,2,673.1,3,2,3,323,8,Promising,2011-07-08 12:14:00,2011-07-13 12:53:00,450,5,336.55
18122,9,6,1824.99,5,4,4,544,13,Champions,2011-07-12 11:37:00,2011-12-01 13:08:00,1224,142,304.165
18123,25,3,684.59,4,3,3,433,10,Potential Loyalists,2010-07-14 12:47:00,2011-11-15 14:23:00,629,489,228.196666667
18124,473,1,111.53,1,1,1,111,3,Lost,2010-08-24 17:21:00,2010-08-24 17:21:00,51,0,111.53
18125,30,4,1142.99,4,3,3,433,10,Potential Loyalists,2011-01-27 15:02:00,2011-11-10 12:29:00,804,287,285.7475
18126,61,1,204.49,3,1,1,311,5,Need Attention,2011-10-10 12:19:00,2011-10-10 12:19:00,138,0,204.49
18127,20,4,561.53,5,3,2,532,10,Potential Loyalists,2010-11-01 13:56:00,2011-11-20 14:05:00,252,384,140.3825
18128,538,1,420.04,1,1,2,112,4,Lost,2010-06-20 13:19:00,2010-06-20 13:19:00,221,0,420.04
18129,244,1,112.55,2,1,1,211,4,Hibernating,2011-04-10 14:16:00,2011-04-10 14:16:00,48,0,112.55
18130,16,3,1059.39,5,3,3,533,11,Potential Loyalists,2011-10-13 15:58:00,2011-11-24 14:40:00,824,42,353.13
18131,632,1,222.96,1,1,1,111,3,Lost,2010-03-18 08:48:00,2010-03-18 08:48:00,552,0,222.96
18132,505,1,226.9,1,1,1,111,3,Lost,2010-07-23 16:54:00,2010-07-23 16:54:00,216,0,226.9
18133,213,1,931.5,2,1,3,213,6,Hibernating,2011-05-11 14:14:00,2011-05-11 14:14:00,1350,0,931.5
18134,599,2,445,1,2,2,122,5,Lost,2010-01-14 11:59:00,2010-04-20 14:02:00,128,96,222.5
18135,30,10,1249.62,4,5,4,454,13,Champions,2010-03-15 13:55:00,2011-11-10 19:32:00,753,605,124.962
18136,64,5,1631.36,3,4,4,344,11,Loyal Customers,2010-09-14 15:50:00,2011-10-07 15:40:00,860,388,326.272
18137,552,2,145.99,1,2,1,121,4,Lost,2010-06-06 13:45:00,2010-06-06 14:18:00,59,0,72.995
18138,296,1,152.65,2,1,1,211,4,Hibernating,2011-02-17 14:51:00,2011-02-17 14:51:00,38,0,152.65
18139,18,6,8438.34,5,4,5,545,14,Champions,2011-11-21 14:06:00,2011-11-22 10:44:00,5557,1,1406.39
18140,474,1,536.41,1,1,2,112,4,Lost,2010-08-23 11:58:00,2010-08-23 11:58:00,395,0,536.41
18141,402,2,882.47,2,2,3,223,7,Hibernating,2010-04-29 15:32:00,2010-11-03 11:44:00,433,188,441.235
18142,158,2,1019.52,3,2,3,323,8,Promising,2011-05-08 12:31:00,2011-07-05 13:19:00,1276,58,509.76
18143,117,2,1000.16,3,2,3,323,8,Promising,2011-07-21 10:44:00,2011-08-15 12:07:00,570,25,500.08
18144,8,19,4892.95,5,5,5,555,15,Champions,2009-12-16 15:57:00,2011-12-02 12:46:00,2144,716,257.523684211
18145,13,11,5617.79,5,5,5,555,15,Champions,2009-12-08 12:30:00,2011-11-27 11:22:00,5107,719,510.708181818
18146,141,2,160.35,3,2,1,321,6,Need Attention,2011-05-03 16:35:00,2011-07-22 12:08:00,153,80,80.175
18147,46,2,179.34,4,2,1,421,7,Potential Loyalists,2011-08-23 12:22:00,2011-10-25 11:46:00,203,63,89.67
18148,647,1,114.1,1,1,1,111,3,Lost,2010-03-03 11:40:00,2010-03-03 11:40:00,64,0,114.1
18149,51,7,1624.71,4,4,4,444,12,Champions,2010-03-14 12:41:00,2011-10-20 12:04:00,918,585,232.101428571
18150,33,3,566.58,4,3,2,432,9,Potential Loyalists,2011-05-22 10:47:00,2011-11-07 16:49:00,332,169,188.86
18151,135,6,1879.44,3,4,4,344,11,Loyal Customers,2010-03-04 10:47:00,2011-07-28 11:35:00,986,511,313.24
18152,647,1,426.69,1,1,2,112,4,Lost,2010-03-03 15:26:00,2010-03-03 15:26:00,75,0,426.69
18153,660,1,246.22,1,1,1,111,3,Lost,2010-02-18 15:50:00,2010-02-18 15:50:00,200,0,246.22
18154,4,5,932.6,5,4,3,543,12,Loyal Customers,2010-08-06 09:18:00,2011-12-06 16:41:00,626,487,186.52
18155,76,3,371.62,3,3,2,332,8,Need Attention,2011-02-21 10:36:00,2011-09-25 13:32:00,266,216,123.873333333
18156,13,2,734.94,5,2,3,523,10,Potential Loyalists,2010-12-05 12:29:00,2011-11-27 12:24:00,301,357,367.47
18157,572,1,215.35,1,1,1,111,3,Lost,2010-05-17 14:09:00,2010-05-17 14:09:00,146,0,215.35
18158,10,2,453.4,5,2,2,522,9,Potential Loyalists,2011-09-12 09:03:00,2011-11-30 16:19:00,354,79,226.7
18159,302,1,530.15,2,1,2,212,5,Hibernating,2011-02-11 14:26:00,2011-02-11 14:26:00,139,0,530.15
18160,58,3,1003.88,4,3,3,433,10,Potential Loyalists,2010-11-18 16:33:00,2011-10-13 15:50:00,519,329,334.626666667
18161,16,6,1803.1,5,4,4,544,13,Champions,2010-11-25 15:55:00,2011-11-24 16:40:00,965,364,300.516666667
18162,733,1,379.16,1,1,2,112,4,Lost,2009-12-07 13:24:00,2009-12-07 13:24:00,335,0,379.16
18163,585,1,728.84,1,1,3,113,5,Lost,2010-05-04 14:51:00,2010-05-04 14:51:00,452,0,728.84
18164,38,1,399.65,4,1,2,412,7,Promising,2011-11-02 12:56:00,2011-11-02 12:56:00,184,0,399.65
18165,178,1,302.46,3,1,2,312,6,Need Attention,2011-06-15 13:23:00,2011-06-15 13:23:00,254,0,302.46
18166,624,1,175.5,1,1,1,111,3,Lost,2010-03-26 12:26:00,2010-03-26 12:26:00,90,0,175.5
18167,24,3,1384.86,4,3,4,434,11,Potential Loyalists,2011-08-26 11:40:00,2011-11-16 15:56:00,382,82,461.62
18168,177,16,3506.97,3,5,5,355,13,Loyal Customers,2009-12-03 17:29:00,2011-06-16 19:21:00,2044,560,219.185625
18169,61,1,202.65,3,1,1,311,5,Need Attention,2011-10-10 12:18:00,2011-10-10 12:18:00,61,0,202.65
18170,34,9,2878,4,5,4,454,13,Champions,2010-01-08 14:10:00,2011-11-06 14:35:00,1184,667,319.777777778
18171,59,9,2437.31,4,5,4,454,13,Champions,2010-01-05 10:46:00,2011-10-12 09:13:00,991,645,270.812222222
18172,15,52,17479.84,5,5,5,555,15,Champions,2009-12-11 09:58:00,2011-11-25 11:12:00,7413,714,336.150769231
18173,87,5,2696.36,3,4,4,344,11,Loyal Customers,2010-04-06 10:43:00,2011-09-14 11:26:00,1730,526,539.272
18174,8,2,162.5,5,2,1,521,8,Potential Loyalists,2010-04-15 12:17:00,2011-12-02 16:56:00,80,596,81.25
18175,676,1,176.1,1,1,1,111,3,Lost,2010-02-02 10:25:00,2010-02-02 10:25:00,70,0,176.1
18176,359,1,476.35,2,1,2,212,5,Hibernating,2010-12-16 15:45:00,2010-12-16 15:45:00,283,0,476.35
18177,32,9,2216.87,4,5,4,454,13,Champions,2009-12-15 18:57:00,2011-11-08 14:44:00,1239,693,246.318888889
18178,129,11,6103.74,3,5,5,355,13,Loyal Customers,2010-02-18 14:25:00,2011-08-03 09:30:00,3850,531,554.885454545
18179,10,8,2547.55,5,4,4,544,13,Champions,2010-02-14 15:51:00,2011-11-30 16:23:00,1811,654,318.44375
18180,5,6,1843.75,5,4,4,544,13,Champions,2011-07-20 08:59:00,2011-12-05 08:39:00,1721,138,307.291666667
18181,25,5,1205.94,4,4,3,443,11,Loyal Customers,2009-12-04 15:30:00,2011-11-15 15:08:00,524,711,241.188
18182,464,1,291.13,1,1,2,112,4,Lost,2010-09-02 14:25:00,2010-09-02 14:25:00,167,0,291.13
18183,228,2,632.07,2,2,3,223,7,Hibernating,2011-03-10 10:08:00,2011-04-26 15:26:00,371,47,316.035
18184,16,1,49.8,5,1,1,511,7,New Customers,2011-11-24 15:28:00,2011-11-24 15:28:00,60,0,49.8
18185,250,1,304.25,2,1,2,212,5,Hibernating,2011-04-04 13:42:00,2011-04-04 13:42:00,183,0,304.25
18186,723,1,329.58,1,1,2,112,4,Lost,2009-12-17 10:22:00,2009-12-17 10:22:00,338,0,329.58
18187,632,1,724.89,1,1,3,113,5,Lost,2010-03-18 09:49:00,2010-03-18 09:49:00,310,0,724.89
18188,16,6,3280.59,5,4,5,545,14,Champions,2010-03-26 11:37:00,2011-11-24 16:46:00,1888,608,546.765
18189,78,3,1403.73,3,3,4,334,10,Promising,2010-03-24 09:57:00,2011-09-23 12:40:00,836,548,467.91
18190,193,5,745.62,2,4,3,243,9,At Risk,2009-12-22 12:05:00,2011-05-31 14:48:00,490,525,149.124
18191,262,2,529.4,2,2,2,222,6,Hibernating,2010-08-19 17:42:00,2011-03-23 12:08:00,332,216,264.7
18192,72,1,957.97,3,1,3,313,7,Need Attention,2011-09-29 09:53:00,2011-09-29 09:53:00,339,0,957.97
18193,166,3,1207.35,3,3,3,333,9,Promising,2010-09-23 13:33:00,2011-06-27 13:58:00,926,277,402.45
18194,83,6,4162.04,3,4,5,345,12,Loyal Customers,2010-01-28 15:30:00,2011-09-18 13:29:00,1774,598,693.673333333
18195,388,1,101.16,2,1,1,211,4,Hibernating,2010-11-17 15:03:00,2010-11-17 15:03:00,60,0,101.16
18196,96,4,1462.39,3,3,4,334,10,Promising,2010-03-17 14:55:00,2011-09-05 16:22:00,1041,537,365.5975
18197,576,1,230.1,1,1,1,111,3,Lost,2010-05-13 10:46:00,2010-05-13 10:46:00,166,0,230.1
18198,5,17,5425.56,5,5,5,555,15,Champions,2011-01-07 13:39:00,2011-12-05 14:49:00,4074,332,319.150588235
18199,684,1,344.75,1,1,2,112,4,Lost,2010-01-25 11:32:00,2010-01-25 11:32:00,99,0,344.75
18200,107,1,163.8,3,1,1,311,5,Need Attention,2011-08-25 18:45:00,2011-08-25 18:45:00,111,0,163.8
18201,723,1,447.53,1,1,2,112,4,Lost,2009-12-17 08:55:00,2009-12-17 08:55:00,191,0,447.53
18202,200,3,1396.99,2,3,4,234,9,At Risk,2011-02-01 13:36:00,2011-05-24 12:12:00,581,112,465.663333333
18203,158,4,494.42,3,3,2,332,8,Need Attention,2009-12-08 13:19:00,2011-07-05 13:07:00,111,574,123.605
18204,72,3,1993.7,3,3,4,334,10,Promising,2011-05-31 15:26:00,2011-09-29 16:44:00,1200,121,664.566666667
18205,37,2,517.36,4,2,2,422,8,Potential Loyalists,2011-09-26 12:02:00,2011-11-03 13:22:00,192,38,258.68
18206,554,1,314.66,1,1,2,112,4,Lost,2010-06-04 13:47:00,2010-06-04 13:47:00,246,0,314.66
18207,500,1,544.47,1,1,2,112,4,Lost,2010-07-28 14:26:00,2010-07-28 14:26:00,325,0,544.47
18208,566,1,360.08,1,1,2,112,4,Lost,2010-05-23 11:54:00,2010-05-23 11:54:00,82,0,360.08
18209,29,1,139.1,4,1,1,411,6,Promising,2011-11-11 12:07:00,2011-11-11 12:07:00,58,0,139.1
18210,2,7,2768.83,5,4,4,544,13,Champions,2010-11-22 09:39:00,2011-12-08 11:02:00,1499,381,395.547142857
18211,26,5,600.07,4,4,2,442,10,Loyal Customers,2011-03-06 12:09:00,2011-11-14 08:10:00,359,253,120.014
18212,327,2,546.72,2,2,2,222,6,Hibernating,2010-01-31 14:42:00,2011-01-17 16:14:00,167,351,273.36
18213,237,1,232.48,2,1,1,211,4,Hibernating,2011-04-17 10:21:00,2011-04-17 10:21:00,232,0,232.48
18214,531,4,1780.34,1,3,4,134,8,At Risk,2010-06-03 19:47:00,2010-06-27 11:21:00,989,24,445.085
18215,90,5,2247.49,3,4,4,344,11,Loyal Customers,2010-03-26 13:03:00,2011-09-11 16:05:00,1143,534,449.498
18216,32,1,481.75,4,1,2,412,7,Promising,2011-11-08 16:55:00,2011-11-08 16:55:00,200,0,481.75
18217,30,4,945.04,4,3,3,433,10,Potential Loyalists,2010-07-01 15:39:00,2011-11-10 13:18:00,740,497,236.26
18218,212,4,1142,2,3,3,233,8,At Risk,2010-02-17 15:11:00,2011-05-12 12:53:00,1076,449,285.5
18219,3,17,3352.7,5,5,5,555,15,Champions,2009-12-07 13:17:00,2011-12-07 11:43:00,1586,730,197.217647059
18220,227,6,1921.76,2,4,4,244,10,At Risk,2009-12-15 11:42:00,2011-04-27 09:03:00,1352,498,320.293333333
18221,23,6,1424.94,4,4,4,444,12,Champions,2010-11-14 15:46:00,2011-11-17 14:40:00,1000,368,237.49
18222,93,1,443,3,1,2,312,6,Need Attention,2011-09-08 10:45:00,2011-09-08 10:45:00,335,0,443
18223,5,26,14000.85,5,5,5,555,15,Champions,2009-12-04 12:20:00,2011-12-05 09:11:00,6644,731,538.494230769
18224,264,1,158.95,2,1,1,211,4,Hibernating,2011-03-21 10:30:00,2011-03-21 10:30:00,69,0,158.95
18225,4,26,13024.26,5,5,5,555,15,Champions,2009-12-04 16:52:00,2011-12-06 13:27:00,7288,732,500.933076923
18226,45,26,11878.88,4,5,5,455,14,Champions,2010-03-05 10:05:00,2011-10-26 13:36:00,7883,600,456.88
18227,218,2,388.75,2,2,2,222,6,Hibernating,2010-08-12 16:45:00,2011-05-06 12:23:00,22,267,194.375
18228,57,2,779.9,4,2,3,423,9,Potential Loyalists,2011-09-21 10:48:00,2011-10-14 09:21:00,238,23,389.95
18229,12,28,10150.51,5,5,5,555,15,Champions,2009-12-03 14:42:00,2011-11-28 09:48:00,3071,725,362.518214286
18230,10,9,4291.06,5,5,5,555,15,Champions,2010-07-02 10:01:00,2011-11-30 13:22:00,1996,516,476.784444444
18231,193,28,6875.07,2,5,5,255,12,At Risk,2010-01-10 12:13:00,2011-05-31 14:18:00,2921,506,245.538214286
18232,82,4,592.97,3,3,2,332,8,Need Attention,2011-05-26 16:30:00,2011-09-19 11:49:00,302,116,148.2425
18233,326,1,440,2,1,2,212,5,Hibernating,2011-01-18 08:44:00,2011-01-18 08:44:00,4,0,440
18234,552,1,179.6,1,1,1,111,3,Lost,2010-06-06 11:22:00,2010-06-06 11:22:00,80,0,179.6
18235,72,3,1796.48,3,3,4,334,10,Promising,2011-05-06 13:35:00,2011-09-29 08:27:00,1578,146,598.826666667
18236,30,12,1795.35,4,5,4,454,13,Champions,2010-04-15 13:39:00,2011-11-10 08:06:00,696,574,149.6125
18237,3,5,987.1,5,4,3,543,12,Loyal Customers,2011-07-28 13:05:00,2011-12-07 12:49:00,622,132,197.42
18238,516,1,270.92,1,1,1,111,3,Lost,2010-07-12 12:51:00,2010-07-12 12:51:00,114,0,270.92
18239,219,6,1712.26,2,4,4,244,10,At Risk,2010-10-13 10:11:00,2011-05-05 12:38:00,844,204,285.376666667
18240,47,1,422.58,4,1,2,412,7,Promising,2011-10-24 13:06:00,2011-10-24 13:06:00,126,0,422.58
18241,10,21,2986.99,5,5,5,555,15,Champions,2010-04-01 11:55:00,2011-11-30 12:10:00,1471,608,142.237619048
18242,73,8,3605.21,3,4,5,345,12,Loyal Customers,2010-01-11 08:49:00,2011-09-28 13:43:00,2021,625,450.65125
18243,415,1,515.78,1,1,2,112,4,Lost,2010-10-21 14:29:00,2010-10-21 14:29:00,221,0,515.78
18244,431,2,568.64,1,2,2,122,5,Lost,2010-07-25 10:30:00,2010-10-05 11:15:00,856,72,284.32
18245,8,20,6324.98,5,5,5,555,15,Champions,2010-03-08 15:26:00,2011-12-02 14:48:00,5098,634,316.249
18246,24,3,758.82,4,3,3,433,10,Potential Loyalists,2010-04-09 10:19:00,2011-11-16 11:49:00,214,586,252.94
18247,415,3,839.73,1,3,3,133,7,At Risk,2010-03-18 15:52:00,2010-10-21 09:49:00,335,217,279.91
18248,123,2,804.02,3,2,3,323,8,Promising,2011-06-06 13:18:00,2011-08-09 10:19:00,511,64,402.01
18249,18,1,95.34,5,1,1,511,7,New Customers,2011-11-22 15:07:00,2011-11-22 15:07:00,128,0,95.34
18250,311,1,349.27,2,1,2,212,5,Hibernating,2011-02-02 13:16:00,2011-02-02 13:16:00,199,0,349.27
18251,88,9,26278.86,3,5,5,355,13,Loyal Customers,2009-12-22 12:01:00,2011-09-13 15:03:00,39639,630,2919.87333333
18252,51,7,1542.09,4,4,4,444,12,Champions,2009-12-18 16:13:00,2011-10-20 12:43:00,937,671,220.298571429
18253,643,1,317.88,1,1,2,112,4,Lost,2010-03-07 12:38:00,2010-03-07 12:38:00,128,0,317.88
18254,582,1,267.9,1,1,1,111,3,Lost,2010-05-07 14:37:00,2010-05-07 14:37:00,188,0,267.9
18255,90,2,303.15,3,2,2,322,7,Need Attention,2010-09-09 16:31:00,2011-09-11 13:16:00,201,367,151.575
18256,388,1,110.7,2,1,1,211,4,Hibernating,2010-11-17 08:53:00,2010-11-17 08:53:00,180,0,110.7
18257,40,12,4585.15,4,5,5,455,14,Champions,2010-02-18 16:20:00,2011-10-31 14:48:00,2368,620,382.095833333
18258,465,6,2059.67,1,4,4,144,9,At Risk,2010-05-16 11:35:00,2010-09-01 14:20:00,1981,108,343.278333333
18259,25,7,3941.9,4,4,5,445,13,Champions,2009-12-08 08:38:00,2011-11-15 12:34:00,1274,707,563.128571429
18260,173,23,9962.11,3,5,5,355,13,Loyal Customers,2009-12-15 13:50:00,2011-06-20 12:37:00,5247,552,433.135217391
18261,44,2,324.24,4,2,2,422,8,Potential Loyalists,2011-09-05 09:34:00,2011-10-27 15:36:00,146,52,162.12
18262,141,3,577.54,3,3,2,332,8,Need Attention,2010-04-16 09:05:00,2011-07-22 16:04:00,552,462,192.513333333
18263,26,3,1213.16,4,3,4,434,11,Potential Loyalists,2011-04-01 11:48:00,2011-11-14 09:00:00,1468,227,404.386666667
18264,499,1,603.25,1,1,2,112,4,Lost,2010-07-29 10:02:00,2010-07-29 10:02:00,241,0,603.25
18265,73,2,801.51,3,2,3,323,8,Promising,2011-07-04 15:26:00,2011-09-28 14:10:00,311,86,400.755
18266,435,1,251.1,1,1,1,111,3,Lost,2010-10-01 15:33:00,2010-10-01 15:33:00,138,0,251.1
18267,673,1,269.37,1,1,1,111,3,Lost,2010-02-05 08:43:00,2010-02-05 08:43:00,135,0,269.37
18268,135,6,1490.23,3,4,4,344,11,Loyal Customers,2009-12-11 10:27:00,2011-07-28 19:13:00,711,594,248.371666667
18269,367,1,168.6,2,1,1,211,4,Hibernating,2010-12-08 13:53:00,2010-12-08 13:53:00,76,0,168.6
18270,39,3,444.55,4,3,2,432,9,Potential Loyalists,2010-10-03 10:49:00,2011-11-01 13:57:00,209,394,148.183333333
18271,610,2,680.85,1,2,3,123,6,Lost,2009-12-08 11:27:00,2010-04-09 09:26:00,319,122,340.425
18272,3,9,4385.98,5,5,5,555,15,Champions,2010-03-04 12:53:00,2011-12-07 12:43:00,2880,643,487.331111111
18273,3,4,357,5,3,2,532,10,Potential Loyalists,2010-04-28 12:24:00,2011-12-07 13:16:00,140,588,89.25
18274,31,1,175.92,4,1,1,411,6,Promising,2011-11-09 17:03:00,2011-11-09 17:03:00,88,0,175.92
18275,579,2,741.85,1,2,3,123,6,Lost,2009-12-08 16:23:00,2010-05-10 15:46:00,417,153,370.925
18276,44,6,1656.52,4,4,4,444,12,Champions,2009-12-10 17:14:00,2011-10-27 10:54:00,1246,686,276.086666667
18277,59,5,1180.05,4,4,3,443,11,Loyal Customers,2010-08-02 10:26:00,2011-10-12 15:22:00,449,436,236.01
18278,74,2,414.2,3,2,2,322,7,Need Attention,2010-10-31 12:13:00,2011-09-27 11:58:00,140,331,207.1
18279,520,1,231.34,1,1,1,111,3,Lost,2010-07-08 14:48:00,2010-07-08 14:48:00,630,0,231.34
18280,278,2,488.15,2,2,2,222,6,Hibernating,2010-11-10 15:51:00,2011-03-07 09:52:00,194,117,244.075
18281,181,2,201.14,3,2,1,321,6,Need Attention,2010-05-11 10:49:00,2011-06-12 10:53:00,146,397,100.57
18282,8,2,178.05,5,2,1,521,8,Potential Loyalists,2011-08-05 13:35:00,2011-12-02 11:43:00,103,119,89.025
18283,4,22,2730.7,5,5,4,554,14,Champions,2010-02-19 17:16:00,2011-12-06 12:02:00,1731,655,124.122727273
18284,432,1,411.68,1,1,2,112,4,Lost,2010-10-04 11:33:00,2010-10-04 11:33:00,493,0,411.68
18285,661,1,377,1,1,2,112,4,Lost,2010-02-17 10:24:00,2010-02-17 10:24:00,144,0,377
18286,477,2,1246.43,1,2,4,124,7,Lost,2009-12-16 10:45:00,2010-08-20 11:57:00,607,247,623.215
18287,43,7,4132.99,4,4,5,445,13,Champions,2010-05-17 11:55:00,2011-10-28 09:29:00,3012,529,590.427142857
